id,type,app,module,message,DES.src,DES.dst,TOPO.src,TOPO.dst,module.src,service,time_in,time_out,time_emit,time_reception
1,COMP_M,0,0_01,M.USER.APP.0,0,4,1,0,None,0.3,101.00002,101.30002,100.0,101.00002
2,COMP_M,1,1_01,M.USER.APP.1,1,5,2,0,None,0.3,101.00002,101.30002,100.0,101.00002
4,COMP_M,3,3_01,M.USER.APP.3,3,7,4,0,None,0.3,101.00002,101.30002,100.0,101.00002
3,COMP_M,2,2_01,M.USER.APP.2,2,6,3,0,None,0.3,102.00004000000001,102.30004000000001,100.0,102.00004000000001
5,COMP_M,0,0_01,M.USER.APP.0,0,4,1,0,None,0.3,201.00002,201.30002000000002,200.0,201.00002
6,COMP_M,1,1_01,M.USER.APP.1,1,5,2,0,None,0.3,201.00002,201.30002000000002,200.0,201.00002
8,COMP_M,3,3_01,M.USER.APP.3,3,7,4,0,None,0.3,201.00002,201.30002000000002,200.0,201.00002
7,COMP_M,2,2_01,M.USER.APP.2,2,6,3,0,None,0.3,202.00004,202.30004000000002,200.0,202.00004
9,COMP_M,0,0_01,M.USER.APP.0,0,4,1,0,None,0.3,301.00002,301.30002,300.0,301.00002
10,COMP_M,1,1_01,M.USER.APP.1,1,5,2,0,None,0.3,301.00002,301.30002,300.0,301.00002
12,COMP_M,3,3_01,M.USER.APP.3,3,7,4,0,None,0.3,301.00002,301.30002,300.0,301.00002
11,COMP_M,2,2_01,M.USER.APP.2,2,6,3,0,None,0.3,302.00004,302.30004,300.0,302.00004
13,COMP_M,0,0_01,M.USER.APP.0,0,4,1,0,None,0.3,401.00002,401.30002,400.0,401.00002
14,COMP_M,1,1_01,M.USER.APP.1,1,5,2,0,None,0.3,401.00002,401.30002,400.0,401.00002
16,COMP_M,3,3_01,M.USER.APP.3,3,7,4,0,None,0.3,401.00002,401.30002,400.0,401.00002
15,COMP_M,2,2_01,M.USER.APP.2,2,6,3,0,None,0.3,402.00004,402.30004,400.0,402.00004
17,COMP_M,0,0_01,M.USER.APP.0,0,4,1,0,None,0.3,501.00002,501.30002,500.0,501.00002
18,COMP_M,1,1_01,M.USER.APP.1,1,5,2,0,None,0.3,501.00002,501.30002,500.0,501.00002
20,COMP_M,3,3_01,M.USER.APP.3,3,7,4,0,None,0.3,501.00002,501.30002,500.0,501.00002
19,COMP_M,2,2_01,M.USER.APP.2,2,6,3,0,None,0.3,502.00004,502.30004,500.0,502.00004
21,COMP_M,0,0_01,M.USER.APP.0,0,4,1,0,None,0.3,601.00002,601.3000199999999,600.0,601.00002
22,COMP_M,1,1_01,M.USER.APP.1,1,5,2,0,None,0.3,601.00002,601.3000199999999,600.0,601.00002
24,COMP_M,3,3_01,M.USER.APP.3,3,7,4,0,None,0.3,601.00002,601.3000199999999,600.0,601.00002
23,COMP_M,2,2_01,M.USER.APP.2,2,6,3,0,None,0.3,602.0000399999999,602.3000399999999,600.0,602.0000399999999
25,COMP_M,0,0_01,M.USER.APP.0,0,4,1,0,None,0.3,701.00002,701.3000199999999,700.0,701.00002
26,COMP_M,1,1_01,M.USER.APP.1,1,5,2,0,None,0.3,701.00002,701.3000199999999,700.0,701.00002
28,COMP_M,3,3_01,M.USER.APP.3,3,7,4,0,None,0.3,701.00002,701.3000199999999,700.0,701.00002
27,COMP_M,2,2_01,M.USER.APP.2,2,6,3,0,None,0.3,702.0000399999999,702.3000399999999,700.0,702.0000399999999
29,COMP_M,0,0_01,M.USER.APP.0,0,4,1,0,None,0.3,801.00002,801.3000199999999,800.0,801.00002
30,COMP_M,1,1_01,M.USER.APP.1,1,5,2,0,None,0.3,801.00002,801.3000199999999,800.0,801.00002
32,COMP_M,3,3_01,M.USER.APP.3,3,7,4,0,None,0.3,801.00002,801.3000199999999,800.0,801.00002
31,COMP_M,2,2_01,M.USER.APP.2,2,6,3,0,None,0.3,802.0000399999999,802.3000399999999,800.0,802.0000399999999
33,COMP_M,0,0_01,M.USER.APP.0,0,4,1,0,None,0.3,901.00002,901.3000199999999,900.0,901.00002
34,COMP_M,1,1_01,M.USER.APP.1,1,5,2,0,None,0.3,901.00002,901.3000199999999,900.0,901.00002
36,COMP_M,3,3_01,M.USER.APP.3,3,7,4,0,None,0.3,901.00002,901.3000199999999,900.0,901.00002
35,COMP_M,2,2_01,M.USER.APP.2,2,6,3,0,None,0.3,902.0000399999999,902.3000399999999,900.0,902.0000399999999
37,COMP_M,0,0_01,M.USER.APP.0,0,4,1,0,None,0.3,1001.00002,1001.3000199999999,1000.0,1001.00002
38,COMP_M,1,1_01,M.USER.APP.1,1,5,2,0,None,0.3,1001.00002,1001.3000199999999,1000.0,1001.00002
40,COMP_M,3,3_01,M.USER.APP.3,3,7,4,0,None,0.3,1001.00002,1001.3000199999999,1000.0,1001.00002
39,COMP_M,2,2_01,M.USER.APP.2,2,6,3,0,None,0.3,1002.0000399999999,1002.3000399999999,1000.0,1002.0000399999999
41,COMP_M,0,0_01,M.USER.APP.0,0,4,1,0,None,0.3,1101.00002,1101.30002,1100.0,1101.00002
42,COMP_M,1,1_01,M.USER.APP.1,1,5,2,0,None,0.3,1101.00002,1101.30002,1100.0,1101.00002
44,COMP_M,3,3_01,M.USER.APP.3,3,7,4,0,None,0.3,1101.00002,1101.30002,1100.0,1101.00002
43,COMP_M,2,2_01,M.USER.APP.2,2,6,3,0,None,0.3,1102.00004,1102.3000399999999,1100.0,1102.00004
45,COMP_M,0,0_01,M.USER.APP.0,0,4,1,0,None,0.3,1201.00002,1201.30002,1200.0,1201.00002
46,COMP_M,1,1_01,M.USER.APP.1,1,5,2,0,None,0.3,1201.00002,1201.30002,1200.0,1201.00002
48,COMP_M,3,3_01,M.USER.APP.3,3,7,4,0,None,0.3,1201.00002,1201.30002,1200.0,1201.00002
47,COMP_M,2,2_01,M.USER.APP.2,2,6,3,0,None,0.3,1202.00004,1202.3000399999999,1200.0,1202.00004
49,COMP_M,0,0_01,M.USER.APP.0,0,4,1,0,None,0.3,1301.00002,1301.30002,1300.0,1301.00002
50,COMP_M,1,1_01,M.USER.APP.1,1,5,2,0,None,0.3,1301.00002,1301.30002,1300.0,1301.00002
52,COMP_M,3,3_01,M.USER.APP.3,3,7,4,0,None,0.3,1301.00002,1301.30002,1300.0,1301.00002
51,COMP_M,2,2_01,M.USER.APP.2,2,6,3,0,None,0.3,1302.00004,1302.3000399999999,1300.0,1302.00004
53,COMP_M,0,0_01,M.USER.APP.0,0,4,1,0,None,0.3,1401.00002,1401.30002,1400.0,1401.00002
54,COMP_M,1,1_01,M.USER.APP.1,1,5,2,0,None,0.3,1401.00002,1401.30002,1400.0,1401.00002
56,COMP_M,3,3_01,M.USER.APP.3,3,7,4,0,None,0.3,1401.00002,1401.30002,1400.0,1401.00002
55,COMP_M,2,2_01,M.USER.APP.2,2,6,3,0,None,0.3,1402.00004,1402.3000399999999,1400.0,1402.00004
57,COMP_M,0,0_01,M.USER.APP.0,0,4,1,0,None,0.3,1501.00002,1501.30002,1500.0,1501.00002
58,COMP_M,1,1_01,M.USER.APP.1,1,5,2,0,None,0.3,1501.00002,1501.30002,1500.0,1501.00002
60,COMP_M,3,3_01,M.USER.APP.3,3,7,4,0,None,0.3,1501.00002,1501.30002,1500.0,1501.00002
59,COMP_M,2,2_01,M.USER.APP.2,2,6,3,0,None,0.3,1502.00004,1502.3000399999999,1500.0,1502.00004
61,COMP_M,0,0_01,M.USER.APP.0,0,4,1,0,None,0.3,1601.00002,1601.30002,1600.0,1601.00002
62,COMP_M,1,1_01,M.USER.APP.1,1,5,2,0,None,0.3,1601.00002,1601.30002,1600.0,1601.00002
64,COMP_M,3,3_01,M.USER.APP.3,3,7,4,0,None,0.3,1601.00002,1601.30002,1600.0,1601.00002
63,COMP_M,2,2_01,M.USER.APP.2,2,6,3,0,None,0.3,1602.00004,1602.3000399999999,1600.0,1602.00004
65,COMP_M,0,0_01,M.USER.APP.0,0,4,1,0,None,0.3,1701.00002,1701.30002,1700.0,1701.00002
66,COMP_M,1,1_01,M.USER.APP.1,1,5,2,0,None,0.3,1701.00002,1701.30002,1700.0,1701.00002
68,COMP_M,3,3_01,M.USER.APP.3,3,7,4,0,None,0.3,1701.00002,1701.30002,1700.0,1701.00002
67,COMP_M,2,2_01,M.USER.APP.2,2,6,3,0,None,0.3,1702.00004,1702.3000399999999,1700.0,1702.00004
69,COMP_M,0,0_01,M.USER.APP.0,0,4,1,0,None,0.3,1801.00002,1801.30002,1800.0,1801.00002
70,COMP_M,1,1_01,M.USER.APP.1,1,5,2,0,None,0.3,1801.00002,1801.30002,1800.0,1801.00002
72,COMP_M,3,3_01,M.USER.APP.3,3,7,4,0,None,0.3,1801.00002,1801.30002,1800.0,1801.00002
71,COMP_M,2,2_01,M.USER.APP.2,2,6,3,0,None,0.3,1802.00004,1802.3000399999999,1800.0,1802.00004
73,COMP_M,0,0_01,M.USER.APP.0,0,4,1,0,None,0.3,1901.00002,1901.30002,1900.0,1901.00002
74,COMP_M,1,1_01,M.USER.APP.1,1,5,2,0,None,0.3,1901.00002,1901.30002,1900.0,1901.00002
76,COMP_M,3,3_01,M.USER.APP.3,3,7,4,0,None,0.3,1901.00002,1901.30002,1900.0,1901.00002
75,COMP_M,2,2_01,M.USER.APP.2,2,6,3,0,None,0.3,1902.00004,1902.3000399999999,1900.0,1902.00004
77,COMP_M,0,0_01,M.USER.APP.0,0,4,1,0,None,0.3,2001.00002,2001.30002,2000.0,2001.00002
78,COMP_M,1,1_01,M.USER.APP.1,1,5,2,0,None,0.3,2001.00002,2001.30002,2000.0,2001.00002
80,COMP_M,3,3_01,M.USER.APP.3,3,7,4,0,None,0.3,2001.00002,2001.30002,2000.0,2001.00002
79,COMP_M,2,2_01,M.USER.APP.2,2,6,3,0,None,0.3,2002.00004,2002.3000399999999,2000.0,2002.00004
81,COMP_M,0,0_01,M.USER.APP.0,0,4,1,0,None,0.3,2101.00002,2101.30002,2100.0,2101.00002
82,COMP_M,1,1_01,M.USER.APP.1,1,5,2,0,None,0.3,2101.00002,2101.30002,2100.0,2101.00002
84,COMP_M,3,3_01,M.USER.APP.3,3,7,4,0,None,0.3,2101.00002,2101.30002,2100.0,2101.00002
83,COMP_M,2,2_01,M.USER.APP.2,2,6,3,0,None,0.3,2102.00004,2102.30004,2100.0,2102.00004
85,COMP_M,0,0_01,M.USER.APP.0,0,4,1,0,None,0.3,2201.00002,2201.30002,2200.0,2201.00002
86,COMP_M,1,1_01,M.USER.APP.1,1,5,2,0,None,0.3,2201.00002,2201.30002,2200.0,2201.00002
88,COMP_M,3,3_01,M.USER.APP.3,3,7,4,0,None,0.3,2201.00002,2201.30002,2200.0,2201.00002
87,COMP_M,2,2_01,M.USER.APP.2,2,6,3,0,None,0.3,2202.00004,2202.30004,2200.0,2202.00004
89,COMP_M,0,0_01,M.USER.APP.0,0,4,1,0,None,0.3,2301.00002,2301.30002,2300.0,2301.00002
90,COMP_M,1,1_01,M.USER.APP.1,1,5,2,0,None,0.3,2301.00002,2301.30002,2300.0,2301.00002
92,COMP_M,3,3_01,M.USER.APP.3,3,7,4,0,None,0.3,2301.00002,2301.30002,2300.0,2301.00002
91,COMP_M,2,2_01,M.USER.APP.2,2,6,3,0,None,0.3,2302.00004,2302.30004,2300.0,2302.00004
93,COMP_M,0,0_01,M.USER.APP.0,0,4,1,0,None,0.3,2401.00002,2401.30002,2400.0,2401.00002
94,COMP_M,1,1_01,M.USER.APP.1,1,5,2,0,None,0.3,2401.00002,2401.30002,2400.0,2401.00002
96,COMP_M,3,3_01,M.USER.APP.3,3,7,4,0,None,0.3,2401.00002,2401.30002,2400.0,2401.00002
95,COMP_M,2,2_01,M.USER.APP.2,2,6,3,0,None,0.3,2402.00004,2402.30004,2400.0,2402.00004
97,COMP_M,0,0_01,M.USER.APP.0,0,4,1,0,None,0.3,2501.00002,2501.30002,2500.0,2501.00002
98,COMP_M,1,1_01,M.USER.APP.1,1,5,2,0,None,0.3,2501.00002,2501.30002,2500.0,2501.00002
100,COMP_M,3,3_01,M.USER.APP.3,3,7,4,0,None,0.3,2501.00002,2501.30002,2500.0,2501.00002
99,COMP_M,2,2_01,M.USER.APP.2,2,6,3,0,None,0.3,2502.00004,2502.30004,2500.0,2502.00004
101,COMP_M,0,0_01,M.USER.APP.0,0,4,1,0,None,0.3,2601.00002,2601.30002,2600.0,2601.00002
102,COMP_M,1,1_01,M.USER.APP.1,1,5,2,0,None,0.3,2601.00002,2601.30002,2600.0,2601.00002
104,COMP_M,3,3_01,M.USER.APP.3,3,7,4,0,None,0.3,2601.00002,2601.30002,2600.0,2601.00002
103,COMP_M,2,2_01,M.USER.APP.2,2,6,3,0,None,0.3,2602.00004,2602.30004,2600.0,2602.00004
105,COMP_M,0,0_01,M.USER.APP.0,0,4,1,0,None,0.3,2701.00002,2701.30002,2700.0,2701.00002
106,COMP_M,1,1_01,M.USER.APP.1,1,5,2,0,None,0.3,2701.00002,2701.30002,2700.0,2701.00002
108,COMP_M,3,3_01,M.USER.APP.3,3,7,4,0,None,0.3,2701.00002,2701.30002,2700.0,2701.00002
107,COMP_M,2,2_01,M.USER.APP.2,2,6,3,0,None,0.3,2702.00004,2702.30004,2700.0,2702.00004
109,COMP_M,0,0_01,M.USER.APP.0,0,4,1,0,None,0.3,2801.00002,2801.30002,2800.0,2801.00002
110,COMP_M,1,1_01,M.USER.APP.1,1,5,2,0,None,0.3,2801.00002,2801.30002,2800.0,2801.00002
112,COMP_M,3,3_01,M.USER.APP.3,3,7,4,0,None,0.3,2801.00002,2801.30002,2800.0,2801.00002
111,COMP_M,2,2_01,M.USER.APP.2,2,6,3,0,None,0.3,2802.00004,2802.30004,2800.0,2802.00004
113,COMP_M,0,0_01,M.USER.APP.0,0,4,1,0,None,0.3,2901.00002,2901.30002,2900.0,2901.00002
114,COMP_M,1,1_01,M.USER.APP.1,1,5,2,0,None,0.3,2901.00002,2901.30002,2900.0,2901.00002
116,COMP_M,3,3_01,M.USER.APP.3,3,7,4,0,None,0.3,2901.00002,2901.30002,2900.0,2901.00002
115,COMP_M,2,2_01,M.USER.APP.2,2,6,3,0,None,0.3,2902.00004,2902.30004,2900.0,2902.00004
117,COMP_M,0,0_01,M.USER.APP.0,0,4,1,0,None,0.3,3001.00002,3001.30002,3000.0,3001.00002
118,COMP_M,1,1_01,M.USER.APP.1,1,5,2,0,None,0.3,3001.00002,3001.30002,3000.0,3001.00002
120,COMP_M,3,3_01,M.USER.APP.3,3,7,4,0,None,0.3,3001.00002,3001.30002,3000.0,3001.00002
119,COMP_M,2,2_01,M.USER.APP.2,2,6,3,0,None,0.3,3002.00004,3002.30004,3000.0,3002.00004
121,COMP_M,0,0_01,M.USER.APP.0,0,4,1,0,None,0.3,3101.00002,3101.30002,3100.0,3101.00002
122,COMP_M,1,1_01,M.USER.APP.1,1,5,2,0,None,0.3,3101.00002,3101.30002,3100.0,3101.00002
124,COMP_M,3,3_01,M.USER.APP.3,3,7,4,0,None,0.3,3101.00002,3101.30002,3100.0,3101.00002
123,COMP_M,2,2_01,M.USER.APP.2,2,6,3,0,None,0.3,3102.00004,3102.30004,3100.0,3102.00004
125,COMP_M,0,0_01,M.USER.APP.0,0,4,1,0,None,0.3,3201.00002,3201.30002,3200.0,3201.00002
126,COMP_M,1,1_01,M.USER.APP.1,1,5,2,0,None,0.3,3201.00002,3201.30002,3200.0,3201.00002
128,COMP_M,3,3_01,M.USER.APP.3,3,7,4,0,None,0.3,3201.00002,3201.30002,3200.0,3201.00002
127,COMP_M,2,2_01,M.USER.APP.2,2,6,3,0,None,0.3,3202.00004,3202.30004,3200.0,3202.00004
129,COMP_M,0,0_01,M.USER.APP.0,0,4,1,0,None,0.3,3301.00002,3301.30002,3300.0,3301.00002
130,COMP_M,1,1_01,M.USER.APP.1,1,5,2,0,None,0.3,3301.00002,3301.30002,3300.0,3301.00002
132,COMP_M,3,3_01,M.USER.APP.3,3,7,4,0,None,0.3,3301.00002,3301.30002,3300.0,3301.00002
131,COMP_M,2,2_01,M.USER.APP.2,2,6,3,0,None,0.3,3302.00004,3302.30004,3300.0,3302.00004
133,COMP_M,0,0_01,M.USER.APP.0,0,4,1,0,None,0.3,3401.00002,3401.30002,3400.0,3401.00002
134,COMP_M,1,1_01,M.USER.APP.1,1,5,2,0,None,0.3,3401.00002,3401.30002,3400.0,3401.00002
136,COMP_M,3,3_01,M.USER.APP.3,3,7,4,0,None,0.3,3401.00002,3401.30002,3400.0,3401.00002
135,COMP_M,2,2_01,M.USER.APP.2,2,6,3,0,None,0.3,3402.00004,3402.30004,3400.0,3402.00004
137,COMP_M,0,0_01,M.USER.APP.0,0,4,1,0,None,0.3,3501.00002,3501.30002,3500.0,3501.00002
138,COMP_M,1,1_01,M.USER.APP.1,1,5,2,0,None,0.3,3501.00002,3501.30002,3500.0,3501.00002
140,COMP_M,3,3_01,M.USER.APP.3,3,7,4,0,None,0.3,3501.00002,3501.30002,3500.0,3501.00002
139,COMP_M,2,2_01,M.USER.APP.2,2,6,3,0,None,0.3,3502.00004,3502.30004,3500.0,3502.00004
141,COMP_M,0,0_01,M.USER.APP.0,0,4,1,0,None,0.3,3601.00002,3601.30002,3600.0,3601.00002
142,COMP_M,1,1_01,M.USER.APP.1,1,5,2,0,None,0.3,3601.00002,3601.30002,3600.0,3601.00002
144,COMP_M,3,3_01,M.USER.APP.3,3,7,4,0,None,0.3,3601.00002,3601.30002,3600.0,3601.00002
143,COMP_M,2,2_01,M.USER.APP.2,2,6,3,0,None,0.3,3602.00004,3602.30004,3600.0,3602.00004
145,COMP_M,0,0_01,M.USER.APP.0,0,4,1,0,None,0.3,3701.00002,3701.30002,3700.0,3701.00002
146,COMP_M,1,1_01,M.USER.APP.1,1,5,2,0,None,0.3,3701.00002,3701.30002,3700.0,3701.00002
148,COMP_M,3,3_01,M.USER.APP.3,3,7,4,0,None,0.3,3701.00002,3701.30002,3700.0,3701.00002
147,COMP_M,2,2_01,M.USER.APP.2,2,6,3,0,None,0.3,3702.00004,3702.30004,3700.0,3702.00004
149,COMP_M,0,0_01,M.USER.APP.0,0,4,1,0,None,0.3,3801.00002,3801.30002,3800.0,3801.00002
150,COMP_M,1,1_01,M.USER.APP.1,1,5,2,0,None,0.3,3801.00002,3801.30002,3800.0,3801.00002
152,COMP_M,3,3_01,M.USER.APP.3,3,7,4,0,None,0.3,3801.00002,3801.30002,3800.0,3801.00002
151,COMP_M,2,2_01,M.USER.APP.2,2,6,3,0,None,0.3,3802.00004,3802.30004,3800.0,3802.00004
153,COMP_M,0,0_01,M.USER.APP.0,0,4,1,0,None,0.3,3901.00002,3901.30002,3900.0,3901.00002
154,COMP_M,1,1_01,M.USER.APP.1,1,5,2,0,None,0.3,3901.00002,3901.30002,3900.0,3901.00002
156,COMP_M,3,3_01,M.USER.APP.3,3,7,4,0,None,0.3,3901.00002,3901.30002,3900.0,3901.00002
155,COMP_M,2,2_01,M.USER.APP.2,2,6,3,0,None,0.3,3902.00004,3902.30004,3900.0,3902.00004
157,COMP_M,0,0_01,M.USER.APP.0,0,4,1,0,None,0.3,4001.00002,4001.30002,4000.0,4001.00002
158,COMP_M,1,1_01,M.USER.APP.1,1,5,2,0,None,0.3,4001.00002,4001.30002,4000.0,4001.00002
160,COMP_M,3,3_01,M.USER.APP.3,3,7,4,0,None,0.3,4001.00002,4001.30002,4000.0,4001.00002
159,COMP_M,2,2_01,M.USER.APP.2,2,6,3,0,None,0.3,4002.00004,4002.30004,4000.0,4002.00004
161,COMP_M,0,0_01,M.USER.APP.0,0,4,1,0,None,0.3,4101.00002,4101.300020000001,4100.0,4101.00002
162,COMP_M,1,1_01,M.USER.APP.1,1,5,2,0,None,0.3,4101.00002,4101.300020000001,4100.0,4101.00002
164,COMP_M,3,3_01,M.USER.APP.3,3,7,4,0,None,0.3,4101.00002,4101.300020000001,4100.0,4101.00002
163,COMP_M,2,2_01,M.USER.APP.2,2,6,3,0,None,0.3,4102.000040000001,4102.300040000001,4100.0,4102.000040000001
165,COMP_M,0,0_01,M.USER.APP.0,0,4,1,0,None,0.3,4201.00002,4201.300020000001,4200.0,4201.00002
166,COMP_M,1,1_01,M.USER.APP.1,1,5,2,0,None,0.3,4201.00002,4201.300020000001,4200.0,4201.00002
168,COMP_M,3,3_01,M.USER.APP.3,3,7,4,0,None,0.3,4201.00002,4201.300020000001,4200.0,4201.00002
167,COMP_M,2,2_01,M.USER.APP.2,2,6,3,0,None,0.3,4202.000040000001,4202.300040000001,4200.0,4202.000040000001
169,COMP_M,0,0_01,M.USER.APP.0,0,4,1,0,None,0.3,4301.00002,4301.300020000001,4300.0,4301.00002
170,COMP_M,1,1_01,M.USER.APP.1,1,5,2,0,None,0.3,4301.00002,4301.300020000001,4300.0,4301.00002
172,COMP_M,3,3_01,M.USER.APP.3,3,7,4,0,None,0.3,4301.00002,4301.300020000001,4300.0,4301.00002
171,COMP_M,2,2_01,M.USER.APP.2,2,6,3,0,None,0.3,4302.000040000001,4302.300040000001,4300.0,4302.000040000001
173,COMP_M,0,0_01,M.USER.APP.0,0,4,1,0,None,0.3,4401.00002,4401.300020000001,4400.0,4401.00002
174,COMP_M,1,1_01,M.USER.APP.1,1,5,2,0,None,0.3,4401.00002,4401.300020000001,4400.0,4401.00002
176,COMP_M,3,3_01,M.USER.APP.3,3,7,4,0,None,0.3,4401.00002,4401.300020000001,4400.0,4401.00002
175,COMP_M,2,2_01,M.USER.APP.2,2,6,3,0,None,0.3,4402.000040000001,4402.300040000001,4400.0,4402.000040000001
177,COMP_M,0,0_01,M.USER.APP.0,0,4,1,0,None,0.3,4501.00002,4501.300020000001,4500.0,4501.00002
178,COMP_M,1,1_01,M.USER.APP.1,1,5,2,0,None,0.3,4501.00002,4501.300020000001,4500.0,4501.00002
180,COMP_M,3,3_01,M.USER.APP.3,3,7,4,0,None,0.3,4501.00002,4501.300020000001,4500.0,4501.00002
179,COMP_M,2,2_01,M.USER.APP.2,2,6,3,0,None,0.3,4502.000040000001,4502.300040000001,4500.0,4502.000040000001
181,COMP_M,0,0_01,M.USER.APP.0,0,4,1,0,None,0.3,4601.00002,4601.300020000001,4600.0,4601.00002
182,COMP_M,1,1_01,M.USER.APP.1,1,5,2,0,None,0.3,4601.00002,4601.300020000001,4600.0,4601.00002
184,COMP_M,3,3_01,M.USER.APP.3,3,7,4,0,None,0.3,4601.00002,4601.300020000001,4600.0,4601.00002
183,COMP_M,2,2_01,M.USER.APP.2,2,6,3,0,None,0.3,4602.000040000001,4602.300040000001,4600.0,4602.000040000001
185,COMP_M,0,0_01,M.USER.APP.0,0,4,1,0,None,0.3,4701.00002,4701.300020000001,4700.0,4701.00002
186,COMP_M,1,1_01,M.USER.APP.1,1,5,2,0,None,0.3,4701.00002,4701.300020000001,4700.0,4701.00002
188,COMP_M,3,3_01,M.USER.APP.3,3,7,4,0,None,0.3,4701.00002,4701.300020000001,4700.0,4701.00002
187,COMP_M,2,2_01,M.USER.APP.2,2,6,3,0,None,0.3,4702.000040000001,4702.300040000001,4700.0,4702.000040000001
189,COMP_M,0,0_01,M.USER.APP.0,0,4,1,0,None,0.3,4801.00002,4801.300020000001,4800.0,4801.00002
190,COMP_M,1,1_01,M.USER.APP.1,1,5,2,0,None,0.3,4801.00002,4801.300020000001,4800.0,4801.00002
192,COMP_M,3,3_01,M.USER.APP.3,3,7,4,0,None,0.3,4801.00002,4801.300020000001,4800.0,4801.00002
191,COMP_M,2,2_01,M.USER.APP.2,2,6,3,0,None,0.3,4802.000040000001,4802.300040000001,4800.0,4802.000040000001
193,COMP_M,0,0_01,M.USER.APP.0,0,4,1,0,None,0.3,4901.00002,4901.300020000001,4900.0,4901.00002
194,COMP_M,1,1_01,M.USER.APP.1,1,5,2,0,None,0.3,4901.00002,4901.300020000001,4900.0,4901.00002
196,COMP_M,3,3_01,M.USER.APP.3,3,7,4,0,None,0.3,4901.00002,4901.300020000001,4900.0,4901.00002
195,COMP_M,2,2_01,M.USER.APP.2,2,6,3,0,None,0.3,4902.000040000001,4902.300040000001,4900.0,4902.000040000001
197,COMP_M,0,0_01,M.USER.APP.0,0,4,1,0,None,0.3,5001.00002,5001.300020000001,5000.0,5001.00002
198,COMP_M,1,1_01,M.USER.APP.1,1,5,2,0,None,0.3,5001.00002,5001.300020000001,5000.0,5001.00002
200,COMP_M,3,3_01,M.USER.APP.3,3,7,4,0,None,0.3,5001.00002,5001.300020000001,5000.0,5001.00002
199,COMP_M,2,2_01,M.USER.APP.2,2,6,3,0,None,0.3,5002.000040000001,5002.300040000001,5000.0,5002.000040000001
201,COMP_M,0,0_01,M.USER.APP.0,0,4,1,0,None,0.3,5101.00002,5101.300020000001,5100.0,5101.00002
202,COMP_M,1,1_01,M.USER.APP.1,1,5,2,0,None,0.3,5101.00002,5101.300020000001,5100.0,5101.00002
204,COMP_M,3,3_01,M.USER.APP.3,3,7,4,0,None,0.3,5101.00002,5101.300020000001,5100.0,5101.00002
203,COMP_M,2,2_01,M.USER.APP.2,2,6,3,0,None,0.3,5102.000040000001,5102.300040000001,5100.0,5102.000040000001
205,COMP_M,0,0_01,M.USER.APP.0,0,4,1,0,None,0.3,5201.00002,5201.300020000001,5200.0,5201.00002
206,COMP_M,1,1_01,M.USER.APP.1,1,5,2,0,None,0.3,5201.00002,5201.300020000001,5200.0,5201.00002
208,COMP_M,3,3_01,M.USER.APP.3,3,7,4,0,None,0.3,5201.00002,5201.300020000001,5200.0,5201.00002
207,COMP_M,2,2_01,M.USER.APP.2,2,6,3,0,None,0.3,5202.000040000001,5202.300040000001,5200.0,5202.000040000001
209,COMP_M,0,0_01,M.USER.APP.0,0,4,1,0,None,0.3,5301.00002,5301.300020000001,5300.0,5301.00002
210,COMP_M,1,1_01,M.USER.APP.1,1,5,2,0,None,0.3,5301.00002,5301.300020000001,5300.0,5301.00002
212,COMP_M,3,3_01,M.USER.APP.3,3,7,4,0,None,0.3,5301.00002,5301.300020000001,5300.0,5301.00002
211,COMP_M,2,2_01,M.USER.APP.2,2,6,3,0,None,0.3,5302.000040000001,5302.300040000001,5300.0,5302.000040000001
213,COMP_M,0,0_01,M.USER.APP.0,0,4,1,0,None,0.3,5401.00002,5401.300020000001,5400.0,5401.00002
214,COMP_M,1,1_01,M.USER.APP.1,1,5,2,0,None,0.3,5401.00002,5401.300020000001,5400.0,5401.00002
216,COMP_M,3,3_01,M.USER.APP.3,3,7,4,0,None,0.3,5401.00002,5401.300020000001,5400.0,5401.00002
215,COMP_M,2,2_01,M.USER.APP.2,2,6,3,0,None,0.3,5402.000040000001,5402.300040000001,5400.0,5402.000040000001
217,COMP_M,0,0_01,M.USER.APP.0,0,4,1,0,None,0.3,5501.00002,5501.300020000001,5500.0,5501.00002
218,COMP_M,1,1_01,M.USER.APP.1,1,5,2,0,None,0.3,5501.00002,5501.300020000001,5500.0,5501.00002
220,COMP_M,3,3_01,M.USER.APP.3,3,7,4,0,None,0.3,5501.00002,5501.300020000001,5500.0,5501.00002
219,COMP_M,2,2_01,M.USER.APP.2,2,6,3,0,None,0.3,5502.000040000001,5502.300040000001,5500.0,5502.000040000001
221,COMP_M,0,0_01,M.USER.APP.0,0,4,1,0,None,0.3,5601.00002,5601.300020000001,5600.0,5601.00002
222,COMP_M,1,1_01,M.USER.APP.1,1,5,2,0,None,0.3,5601.00002,5601.300020000001,5600.0,5601.00002
224,COMP_M,3,3_01,M.USER.APP.3,3,7,4,0,None,0.3,5601.00002,5601.300020000001,5600.0,5601.00002
223,COMP_M,2,2_01,M.USER.APP.2,2,6,3,0,None,0.3,5602.000040000001,5602.300040000001,5600.0,5602.000040000001
225,COMP_M,0,0_01,M.USER.APP.0,0,4,1,0,None,0.3,5701.00002,5701.300020000001,5700.0,5701.00002
226,COMP_M,1,1_01,M.USER.APP.1,1,5,2,0,None,0.3,5701.00002,5701.300020000001,5700.0,5701.00002
228,COMP_M,3,3_01,M.USER.APP.3,3,7,4,0,None,0.3,5701.00002,5701.300020000001,5700.0,5701.00002
227,COMP_M,2,2_01,M.USER.APP.2,2,6,3,0,None,0.3,5702.000040000001,5702.300040000001,5700.0,5702.000040000001
229,COMP_M,0,0_01,M.USER.APP.0,0,4,1,0,None,0.3,5801.00002,5801.300020000001,5800.0,5801.00002
230,COMP_M,1,1_01,M.USER.APP.1,1,5,2,0,None,0.3,5801.00002,5801.300020000001,5800.0,5801.00002
232,COMP_M,3,3_01,M.USER.APP.3,3,7,4,0,None,0.3,5801.00002,5801.300020000001,5800.0,5801.00002
231,COMP_M,2,2_01,M.USER.APP.2,2,6,3,0,None,0.3,5802.000040000001,5802.300040000001,5800.0,5802.000040000001
233,COMP_M,0,0_01,M.USER.APP.0,0,4,1,0,None,0.3,5901.00002,5901.300020000001,5900.0,5901.00002
234,COMP_M,1,1_01,M.USER.APP.1,1,5,2,0,None,0.3,5901.00002,5901.300020000001,5900.0,5901.00002
236,COMP_M,3,3_01,M.USER.APP.3,3,7,4,0,None,0.3,5901.00002,5901.300020000001,5900.0,5901.00002
235,COMP_M,2,2_01,M.USER.APP.2,2,6,3,0,None,0.3,5902.000040000001,5902.300040000001,5900.0,5902.000040000001
237,COMP_M,0,0_01,M.USER.APP.0,0,4,1,0,None,0.3,6001.00002,6001.300020000001,6000.0,6001.00002
238,COMP_M,1,1_01,M.USER.APP.1,1,5,2,0,None,0.3,6001.00002,6001.300020000001,6000.0,6001.00002
240,COMP_M,3,3_01,M.USER.APP.3,3,7,4,0,None,0.3,6001.00002,6001.300020000001,6000.0,6001.00002
239,COMP_M,2,2_01,M.USER.APP.2,2,6,3,0,None,0.3,6002.000040000001,6002.300040000001,6000.0,6002.000040000001
241,COMP_M,0,0_01,M.USER.APP.0,0,4,1,0,None,0.3,6101.00002,6101.300020000001,6100.0,6101.00002
242,COMP_M,1,1_01,M.USER.APP.1,1,5,2,0,None,0.3,6101.00002,6101.300020000001,6100.0,6101.00002
244,COMP_M,3,3_01,M.USER.APP.3,3,7,4,0,None,0.3,6101.00002,6101.300020000001,6100.0,6101.00002
243,COMP_M,2,2_01,M.USER.APP.2,2,6,3,0,None,0.3,6102.000040000001,6102.300040000001,6100.0,6102.000040000001
245,COMP_M,0,0_01,M.USER.APP.0,0,4,1,0,None,0.3,6201.00002,6201.300020000001,6200.0,6201.00002
246,COMP_M,1,1_01,M.USER.APP.1,1,5,2,0,None,0.3,6201.00002,6201.300020000001,6200.0,6201.00002
248,COMP_M,3,3_01,M.USER.APP.3,3,7,4,0,None,0.3,6201.00002,6201.300020000001,6200.0,6201.00002
247,COMP_M,2,2_01,M.USER.APP.2,2,6,3,0,None,0.3,6202.000040000001,6202.300040000001,6200.0,6202.000040000001
249,COMP_M,0,0_01,M.USER.APP.0,0,4,1,0,None,0.3,6301.00002,6301.300020000001,6300.0,6301.00002
250,COMP_M,1,1_01,M.USER.APP.1,1,5,2,0,None,0.3,6301.00002,6301.300020000001,6300.0,6301.00002
252,COMP_M,3,3_01,M.USER.APP.3,3,7,4,0,None,0.3,6301.00002,6301.300020000001,6300.0,6301.00002
251,COMP_M,2,2_01,M.USER.APP.2,2,6,3,0,None,0.3,6302.000040000001,6302.300040000001,6300.0,6302.000040000001
253,COMP_M,0,0_01,M.USER.APP.0,0,4,1,0,None,0.3,6401.00002,6401.300020000001,6400.0,6401.00002
254,COMP_M,1,1_01,M.USER.APP.1,1,5,2,0,None,0.3,6401.00002,6401.300020000001,6400.0,6401.00002
256,COMP_M,3,3_01,M.USER.APP.3,3,7,4,0,None,0.3,6401.00002,6401.300020000001,6400.0,6401.00002
255,COMP_M,2,2_01,M.USER.APP.2,2,6,3,0,None,0.3,6402.000040000001,6402.300040000001,6400.0,6402.000040000001
257,COMP_M,0,0_01,M.USER.APP.0,0,4,1,0,None,0.3,6501.00002,6501.300020000001,6500.0,6501.00002
258,COMP_M,1,1_01,M.USER.APP.1,1,5,2,0,None,0.3,6501.00002,6501.300020000001,6500.0,6501.00002
260,COMP_M,3,3_01,M.USER.APP.3,3,7,4,0,None,0.3,6501.00002,6501.300020000001,6500.0,6501.00002
259,COMP_M,2,2_01,M.USER.APP.2,2,6,3,0,None,0.3,6502.000040000001,6502.300040000001,6500.0,6502.000040000001
261,COMP_M,0,0_01,M.USER.APP.0,0,4,1,0,None,0.3,6601.00002,6601.300020000001,6600.0,6601.00002
262,COMP_M,1,1_01,M.USER.APP.1,1,5,2,0,None,0.3,6601.00002,6601.300020000001,6600.0,6601.00002
264,COMP_M,3,3_01,M.USER.APP.3,3,7,4,0,None,0.3,6601.00002,6601.300020000001,6600.0,6601.00002
263,COMP_M,2,2_01,M.USER.APP.2,2,6,3,0,None,0.3,6602.000040000001,6602.300040000001,6600.0,6602.000040000001
265,COMP_M,0,0_01,M.USER.APP.0,0,4,1,0,None,0.3,6701.00002,6701.300020000001,6700.0,6701.00002
266,COMP_M,1,1_01,M.USER.APP.1,1,5,2,0,None,0.3,6701.00002,6701.300020000001,6700.0,6701.00002
268,COMP_M,3,3_01,M.USER.APP.3,3,7,4,0,None,0.3,6701.00002,6701.300020000001,6700.0,6701.00002
267,COMP_M,2,2_01,M.USER.APP.2,2,6,3,0,None,0.3,6702.000040000001,6702.300040000001,6700.0,6702.000040000001
269,COMP_M,0,0_01,M.USER.APP.0,0,4,1,0,None,0.3,6801.00002,6801.300020000001,6800.0,6801.00002
270,COMP_M,1,1_01,M.USER.APP.1,1,5,2,0,None,0.3,6801.00002,6801.300020000001,6800.0,6801.00002
272,COMP_M,3,3_01,M.USER.APP.3,3,7,4,0,None,0.3,6801.00002,6801.300020000001,6800.0,6801.00002
271,COMP_M,2,2_01,M.USER.APP.2,2,6,3,0,None,0.3,6802.000040000001,6802.300040000001,6800.0,6802.000040000001
273,COMP_M,0,0_01,M.USER.APP.0,0,4,1,0,None,0.3,6901.00002,6901.300020000001,6900.0,6901.00002
274,COMP_M,1,1_01,M.USER.APP.1,1,5,2,0,None,0.3,6901.00002,6901.300020000001,6900.0,6901.00002
276,COMP_M,3,3_01,M.USER.APP.3,3,7,4,0,None,0.3,6901.00002,6901.300020000001,6900.0,6901.00002
275,COMP_M,2,2_01,M.USER.APP.2,2,6,3,0,None,0.3,6902.000040000001,6902.300040000001,6900.0,6902.000040000001
277,COMP_M,0,0_01,M.USER.APP.0,0,4,1,0,None,0.3,7001.00002,7001.300020000001,7000.0,7001.00002
278,COMP_M,1,1_01,M.USER.APP.1,1,5,2,0,None,0.3,7001.00002,7001.300020000001,7000.0,7001.00002
280,COMP_M,3,3_01,M.USER.APP.3,3,7,4,0,None,0.3,7001.00002,7001.300020000001,7000.0,7001.00002
279,COMP_M,2,2_01,M.USER.APP.2,2,6,3,0,None,0.3,7002.000040000001,7002.300040000001,7000.0,7002.000040000001
281,COMP_M,0,0_01,M.USER.APP.0,0,4,1,0,None,0.3,7101.00002,7101.300020000001,7100.0,7101.00002
282,COMP_M,1,1_01,M.USER.APP.1,1,5,2,0,None,0.3,7101.00002,7101.300020000001,7100.0,7101.00002
284,COMP_M,3,3_01,M.USER.APP.3,3,7,4,0,None,0.3,7101.00002,7101.300020000001,7100.0,7101.00002
283,COMP_M,2,2_01,M.USER.APP.2,2,6,3,0,None,0.3,7102.000040000001,7102.300040000001,7100.0,7102.000040000001
285,COMP_M,0,0_01,M.USER.APP.0,0,4,1,0,None,0.3,7201.00002,7201.300020000001,7200.0,7201.00002
286,COMP_M,1,1_01,M.USER.APP.1,1,5,2,0,None,0.3,7201.00002,7201.300020000001,7200.0,7201.00002
288,COMP_M,3,3_01,M.USER.APP.3,3,7,4,0,None,0.3,7201.00002,7201.300020000001,7200.0,7201.00002
287,COMP_M,2,2_01,M.USER.APP.2,2,6,3,0,None,0.3,7202.000040000001,7202.300040000001,7200.0,7202.000040000001
289,COMP_M,0,0_01,M.USER.APP.0,0,4,1,0,None,0.3,7301.00002,7301.300020000001,7300.0,7301.00002
290,COMP_M,1,1_01,M.USER.APP.1,1,5,2,0,None,0.3,7301.00002,7301.300020000001,7300.0,7301.00002
292,COMP_M,3,3_01,M.USER.APP.3,3,7,4,0,None,0.3,7301.00002,7301.300020000001,7300.0,7301.00002
291,COMP_M,2,2_01,M.USER.APP.2,2,6,3,0,None,0.3,7302.000040000001,7302.300040000001,7300.0,7302.000040000001
293,COMP_M,0,0_01,M.USER.APP.0,0,4,1,0,None,0.3,7401.00002,7401.300020000001,7400.0,7401.00002
294,COMP_M,1,1_01,M.USER.APP.1,1,5,2,0,None,0.3,7401.00002,7401.300020000001,7400.0,7401.00002
296,COMP_M,3,3_01,M.USER.APP.3,3,7,4,0,None,0.3,7401.00002,7401.300020000001,7400.0,7401.00002
295,COMP_M,2,2_01,M.USER.APP.2,2,6,3,0,None,0.3,7402.000040000001,7402.300040000001,7400.0,7402.000040000001
297,COMP_M,0,0_01,M.USER.APP.0,0,4,1,0,None,0.3,7501.00002,7501.300020000001,7500.0,7501.00002
298,COMP_M,1,1_01,M.USER.APP.1,1,5,2,0,None,0.3,7501.00002,7501.300020000001,7500.0,7501.00002
300,COMP_M,3,3_01,M.USER.APP.3,3,7,4,0,None,0.3,7501.00002,7501.300020000001,7500.0,7501.00002
299,COMP_M,2,2_01,M.USER.APP.2,2,6,3,0,None,0.3,7502.000040000001,7502.300040000001,7500.0,7502.000040000001
301,COMP_M,0,0_01,M.USER.APP.0,0,4,1,0,None,0.3,7601.00002,7601.300020000001,7600.0,7601.00002
302,COMP_M,1,1_01,M.USER.APP.1,1,5,2,0,None,0.3,7601.00002,7601.300020000001,7600.0,7601.00002
304,COMP_M,3,3_01,M.USER.APP.3,3,7,4,0,None,0.3,7601.00002,7601.300020000001,7600.0,7601.00002
303,COMP_M,2,2_01,M.USER.APP.2,2,6,3,0,None,0.3,7602.000040000001,7602.300040000001,7600.0,7602.000040000001
305,COMP_M,0,0_01,M.USER.APP.0,0,4,1,0,None,0.3,7701.00002,7701.300020000001,7700.0,7701.00002
306,COMP_M,1,1_01,M.USER.APP.1,1,5,2,0,None,0.3,7701.00002,7701.300020000001,7700.0,7701.00002
308,COMP_M,3,3_01,M.USER.APP.3,3,7,4,0,None,0.3,7701.00002,7701.300020000001,7700.0,7701.00002
307,COMP_M,2,2_01,M.USER.APP.2,2,6,3,0,None,0.3,7702.000040000001,7702.300040000001,7700.0,7702.000040000001
309,COMP_M,0,0_01,M.USER.APP.0,0,4,1,0,None,0.3,7801.00002,7801.300020000001,7800.0,7801.00002
310,COMP_M,1,1_01,M.USER.APP.1,1,5,2,0,None,0.3,7801.00002,7801.300020000001,7800.0,7801.00002
312,COMP_M,3,3_01,M.USER.APP.3,3,7,4,0,None,0.3,7801.00002,7801.300020000001,7800.0,7801.00002
311,COMP_M,2,2_01,M.USER.APP.2,2,6,3,0,None,0.3,7802.000040000001,7802.300040000001,7800.0,7802.000040000001
313,COMP_M,0,0_01,M.USER.APP.0,0,4,1,0,None,0.3,7901.00002,7901.300020000001,7900.0,7901.00002
314,COMP_M,1,1_01,M.USER.APP.1,1,5,2,0,None,0.3,7901.00002,7901.300020000001,7900.0,7901.00002
316,COMP_M,3,3_01,M.USER.APP.3,3,7,4,0,None,0.3,7901.00002,7901.300020000001,7900.0,7901.00002
315,COMP_M,2,2_01,M.USER.APP.2,2,6,3,0,None,0.3,7902.000040000001,7902.300040000001,7900.0,7902.000040000001
317,COMP_M,0,0_01,M.USER.APP.0,0,4,1,0,None,0.3,8001.00002,8001.300020000001,8000.0,8001.00002
318,COMP_M,1,1_01,M.USER.APP.1,1,5,2,0,None,0.3,8001.00002,8001.300020000001,8000.0,8001.00002
320,COMP_M,3,3_01,M.USER.APP.3,3,7,4,0,None,0.3,8001.00002,8001.300020000001,8000.0,8001.00002
319,COMP_M,2,2_01,M.USER.APP.2,2,6,3,0,None,0.3,8002.000040000001,8002.300040000001,8000.0,8002.000040000001
321,COMP_M,0,0_01,M.USER.APP.0,0,4,1,0,None,0.3,8101.00002,8101.300020000001,8100.0,8101.00002
322,COMP_M,1,1_01,M.USER.APP.1,1,5,2,0,None,0.3,8101.00002,8101.300020000001,8100.0,8101.00002
324,COMP_M,3,3_01,M.USER.APP.3,3,7,4,0,None,0.3,8101.00002,8101.300020000001,8100.0,8101.00002
323,COMP_M,2,2_01,M.USER.APP.2,2,6,3,0,None,0.3,8102.000040000001,8102.300040000001,8100.0,8102.000040000001
325,COMP_M,0,0_01,M.USER.APP.0,0,4,1,0,None,0.3,8201.00002,8201.300019999999,8200.0,8201.00002
326,COMP_M,1,1_01,M.USER.APP.1,1,5,2,0,None,0.3,8201.00002,8201.300019999999,8200.0,8201.00002
328,COMP_M,3,3_01,M.USER.APP.3,3,7,4,0,None,0.3,8201.00002,8201.300019999999,8200.0,8201.00002
327,COMP_M,2,2_01,M.USER.APP.2,2,6,3,0,None,0.3,8202.000039999999,8202.300039999998,8200.0,8202.000039999999
329,COMP_M,0,0_01,M.USER.APP.0,0,4,1,0,None,0.3,8301.00002,8301.300019999999,8300.0,8301.00002
330,COMP_M,1,1_01,M.USER.APP.1,1,5,2,0,None,0.3,8301.00002,8301.300019999999,8300.0,8301.00002
332,COMP_M,3,3_01,M.USER.APP.3,3,7,4,0,None,0.3,8301.00002,8301.300019999999,8300.0,8301.00002
331,COMP_M,2,2_01,M.USER.APP.2,2,6,3,0,None,0.3,8302.000039999999,8302.300039999998,8300.0,8302.000039999999
333,COMP_M,0,0_01,M.USER.APP.0,0,4,1,0,None,0.3,8401.00002,8401.300019999999,8400.0,8401.00002
334,COMP_M,1,1_01,M.USER.APP.1,1,5,2,0,None,0.3,8401.00002,8401.300019999999,8400.0,8401.00002
336,COMP_M,3,3_01,M.USER.APP.3,3,7,4,0,None,0.3,8401.00002,8401.300019999999,8400.0,8401.00002
335,COMP_M,2,2_01,M.USER.APP.2,2,6,3,0,None,0.3,8402.000039999999,8402.300039999998,8400.0,8402.000039999999
337,COMP_M,0,0_01,M.USER.APP.0,0,4,1,0,None,0.3,8501.00002,8501.300019999999,8500.0,8501.00002
338,COMP_M,1,1_01,M.USER.APP.1,1,5,2,0,None,0.3,8501.00002,8501.300019999999,8500.0,8501.00002
340,COMP_M,3,3_01,M.USER.APP.3,3,7,4,0,None,0.3,8501.00002,8501.300019999999,8500.0,8501.00002
339,COMP_M,2,2_01,M.USER.APP.2,2,6,3,0,None,0.3,8502.000039999999,8502.300039999998,8500.0,8502.000039999999
341,COMP_M,0,0_01,M.USER.APP.0,0,4,1,0,None,0.3,8601.00002,8601.300019999999,8600.0,8601.00002
342,COMP_M,1,1_01,M.USER.APP.1,1,5,2,0,None,0.3,8601.00002,8601.300019999999,8600.0,8601.00002
344,COMP_M,3,3_01,M.USER.APP.3,3,7,4,0,None,0.3,8601.00002,8601.300019999999,8600.0,8601.00002
343,COMP_M,2,2_01,M.USER.APP.2,2,6,3,0,None,0.3,8602.000039999999,8602.300039999998,8600.0,8602.000039999999
345,COMP_M,0,0_01,M.USER.APP.0,0,4,1,0,None,0.3,8701.00002,8701.300019999999,8700.0,8701.00002
346,COMP_M,1,1_01,M.USER.APP.1,1,5,2,0,None,0.3,8701.00002,8701.300019999999,8700.0,8701.00002
348,COMP_M,3,3_01,M.USER.APP.3,3,7,4,0,None,0.3,8701.00002,8701.300019999999,8700.0,8701.00002
347,COMP_M,2,2_01,M.USER.APP.2,2,6,3,0,None,0.3,8702.000039999999,8702.300039999998,8700.0,8702.000039999999
349,COMP_M,0,0_01,M.USER.APP.0,0,4,1,0,None,0.3,8801.00002,8801.300019999999,8800.0,8801.00002
350,COMP_M,1,1_01,M.USER.APP.1,1,5,2,0,None,0.3,8801.00002,8801.300019999999,8800.0,8801.00002
352,COMP_M,3,3_01,M.USER.APP.3,3,7,4,0,None,0.3,8801.00002,8801.300019999999,8800.0,8801.00002
351,COMP_M,2,2_01,M.USER.APP.2,2,6,3,0,None,0.3,8802.000039999999,8802.300039999998,8800.0,8802.000039999999
353,COMP_M,0,0_01,M.USER.APP.0,0,4,1,0,None,0.3,8901.00002,8901.300019999999,8900.0,8901.00002
354,COMP_M,1,1_01,M.USER.APP.1,1,5,2,0,None,0.3,8901.00002,8901.300019999999,8900.0,8901.00002
356,COMP_M,3,3_01,M.USER.APP.3,3,7,4,0,None,0.3,8901.00002,8901.300019999999,8900.0,8901.00002
355,COMP_M,2,2_01,M.USER.APP.2,2,6,3,0,None,0.3,8902.000039999999,8902.300039999998,8900.0,8902.000039999999
357,COMP_M,0,0_01,M.USER.APP.0,0,4,1,0,None,0.3,9001.00002,9001.300019999999,9000.0,9001.00002
358,COMP_M,1,1_01,M.USER.APP.1,1,5,2,0,None,0.3,9001.00002,9001.300019999999,9000.0,9001.00002
360,COMP_M,3,3_01,M.USER.APP.3,3,7,4,0,None,0.3,9001.00002,9001.300019999999,9000.0,9001.00002
359,COMP_M,2,2_01,M.USER.APP.2,2,6,3,0,None,0.3,9002.000039999999,9002.300039999998,9000.0,9002.000039999999
361,COMP_M,0,0_01,M.USER.APP.0,0,4,1,0,None,0.3,9101.00002,9101.300019999999,9100.0,9101.00002
362,COMP_M,1,1_01,M.USER.APP.1,1,5,2,0,None,0.3,9101.00002,9101.300019999999,9100.0,9101.00002
364,COMP_M,3,3_01,M.USER.APP.3,3,7,4,0,None,0.3,9101.00002,9101.300019999999,9100.0,9101.00002
363,COMP_M,2,2_01,M.USER.APP.2,2,6,3,0,None,0.3,9102.000039999999,9102.300039999998,9100.0,9102.000039999999
365,COMP_M,0,0_01,M.USER.APP.0,0,4,1,0,None,0.3,9201.00002,9201.300019999999,9200.0,9201.00002
366,COMP_M,1,1_01,M.USER.APP.1,1,5,2,0,None,0.3,9201.00002,9201.300019999999,9200.0,9201.00002
368,COMP_M,3,3_01,M.USER.APP.3,3,7,4,0,None,0.3,9201.00002,9201.300019999999,9200.0,9201.00002
367,COMP_M,2,2_01,M.USER.APP.2,2,6,3,0,None,0.3,9202.000039999999,9202.300039999998,9200.0,9202.000039999999
369,COMP_M,0,0_01,M.USER.APP.0,0,4,1,0,None,0.3,9301.00002,9301.300019999999,9300.0,9301.00002
370,COMP_M,1,1_01,M.USER.APP.1,1,5,2,0,None,0.3,9301.00002,9301.300019999999,9300.0,9301.00002
372,COMP_M,3,3_01,M.USER.APP.3,3,7,4,0,None,0.3,9301.00002,9301.300019999999,9300.0,9301.00002
371,COMP_M,2,2_01,M.USER.APP.2,2,6,3,0,None,0.3,9302.000039999999,9302.300039999998,9300.0,9302.000039999999
373,COMP_M,0,0_01,M.USER.APP.0,0,4,1,0,None,0.3,9401.00002,9401.300019999999,9400.0,9401.00002
374,COMP_M,1,1_01,M.USER.APP.1,1,5,2,0,None,0.3,9401.00002,9401.300019999999,9400.0,9401.00002
376,COMP_M,3,3_01,M.USER.APP.3,3,7,4,0,None,0.3,9401.00002,9401.300019999999,9400.0,9401.00002
375,COMP_M,2,2_01,M.USER.APP.2,2,6,3,0,None,0.3,9402.000039999999,9402.300039999998,9400.0,9402.000039999999
377,COMP_M,0,0_01,M.USER.APP.0,0,4,1,0,None,0.3,9501.00002,9501.300019999999,9500.0,9501.00002
378,COMP_M,1,1_01,M.USER.APP.1,1,5,2,0,None,0.3,9501.00002,9501.300019999999,9500.0,9501.00002
380,COMP_M,3,3_01,M.USER.APP.3,3,7,4,0,None,0.3,9501.00002,9501.300019999999,9500.0,9501.00002
379,COMP_M,2,2_01,M.USER.APP.2,2,6,3,0,None,0.3,9502.000039999999,9502.300039999998,9500.0,9502.000039999999
381,COMP_M,0,0_01,M.USER.APP.0,0,4,1,0,None,0.3,9601.00002,9601.300019999999,9600.0,9601.00002
382,COMP_M,1,1_01,M.USER.APP.1,1,5,2,0,None,0.3,9601.00002,9601.300019999999,9600.0,9601.00002
384,COMP_M,3,3_01,M.USER.APP.3,3,7,4,0,None,0.3,9601.00002,9601.300019999999,9600.0,9601.00002
383,COMP_M,2,2_01,M.USER.APP.2,2,6,3,0,None,0.3,9602.000039999999,9602.300039999998,9600.0,9602.000039999999
385,COMP_M,0,0_01,M.USER.APP.0,0,4,1,0,None,0.3,9701.00002,9701.300019999999,9700.0,9701.00002
386,COMP_M,1,1_01,M.USER.APP.1,1,5,2,0,None,0.3,9701.00002,9701.300019999999,9700.0,9701.00002
388,COMP_M,3,3_01,M.USER.APP.3,3,7,4,0,None,0.3,9701.00002,9701.300019999999,9700.0,9701.00002
387,COMP_M,2,2_01,M.USER.APP.2,2,6,3,0,None,0.3,9702.000039999999,9702.300039999998,9700.0,9702.000039999999
389,COMP_M,0,0_01,M.USER.APP.0,0,4,1,0,None,0.3,9801.00002,9801.300019999999,9800.0,9801.00002
390,COMP_M,1,1_01,M.USER.APP.1,1,5,2,0,None,0.3,9801.00002,9801.300019999999,9800.0,9801.00002
392,COMP_M,3,3_01,M.USER.APP.3,3,7,4,0,None,0.3,9801.00002,9801.300019999999,9800.0,9801.00002
391,COMP_M,2,2_01,M.USER.APP.2,2,6,3,0,None,0.3,9802.000039999999,9802.300039999998,9800.0,9802.000039999999
393,COMP_M,0,0_01,M.USER.APP.0,0,4,1,0,None,0.3,9901.00002,9901.300019999999,9900.0,9901.00002
394,COMP_M,1,1_01,M.USER.APP.1,1,5,2,0,None,0.3,9901.00002,9901.300019999999,9900.0,9901.00002
396,COMP_M,3,3_01,M.USER.APP.3,3,7,4,0,None,0.3,9901.00002,9901.300019999999,9900.0,9901.00002
395,COMP_M,2,2_01,M.USER.APP.2,2,6,3,0,None,0.3,9902.000039999999,9902.300039999998,9900.0,9902.000039999999
397,COMP_M,0,0_01,M.USER.APP.0,0,4,1,0,None,0.3,10001.00002,10001.300019999999,10000.0,10001.00002
398,COMP_M,1,1_01,M.USER.APP.1,1,5,2,0,None,0.3,10001.00002,10001.300019999999,10000.0,10001.00002
400,COMP_M,3,3_01,M.USER.APP.3,3,7,4,0,None,0.3,10001.00002,10001.300019999999,10000.0,10001.00002
399,COMP_M,2,2_01,M.USER.APP.2,2,6,3,0,None,0.3,10002.000039999999,10002.300039999998,10000.0,10002.000039999999
401,COMP_M,0,0_01,M.USER.APP.0,0,4,1,0,None,0.3,10101.00002,10101.300019999999,10100.0,10101.00002
402,COMP_M,1,1_01,M.USER.APP.1,1,5,2,0,None,0.3,10101.00002,10101.300019999999,10100.0,10101.00002
404,COMP_M,3,3_01,M.USER.APP.3,3,7,4,0,None,0.3,10101.00002,10101.300019999999,10100.0,10101.00002
403,COMP_M,2,2_01,M.USER.APP.2,2,6,3,0,None,0.3,10102.000039999999,10102.300039999998,10100.0,10102.000039999999
405,COMP_M,0,0_01,M.USER.APP.0,0,4,1,0,None,0.3,10201.00002,10201.300019999999,10200.0,10201.00002
406,COMP_M,1,1_01,M.USER.APP.1,1,5,2,0,None,0.3,10201.00002,10201.300019999999,10200.0,10201.00002
408,COMP_M,3,3_01,M.USER.APP.3,3,7,4,0,None,0.3,10201.00002,10201.300019999999,10200.0,10201.00002
407,COMP_M,2,2_01,M.USER.APP.2,2,6,3,0,None,0.3,10202.000039999999,10202.300039999998,10200.0,10202.000039999999
409,COMP_M,0,0_01,M.USER.APP.0,0,4,1,0,None,0.3,10301.00002,10301.300019999999,10300.0,10301.00002
410,COMP_M,1,1_01,M.USER.APP.1,1,5,2,0,None,0.3,10301.00002,10301.300019999999,10300.0,10301.00002
412,COMP_M,3,3_01,M.USER.APP.3,3,7,4,0,None,0.3,10301.00002,10301.300019999999,10300.0,10301.00002
411,COMP_M,2,2_01,M.USER.APP.2,2,6,3,0,None,0.3,10302.000039999999,10302.300039999998,10300.0,10302.000039999999
413,COMP_M,0,0_01,M.USER.APP.0,0,4,1,0,None,0.3,10401.00002,10401.300019999999,10400.0,10401.00002
414,COMP_M,1,1_01,M.USER.APP.1,1,5,2,0,None,0.3,10401.00002,10401.300019999999,10400.0,10401.00002
416,COMP_M,3,3_01,M.USER.APP.3,3,7,4,0,None,0.3,10401.00002,10401.300019999999,10400.0,10401.00002
415,COMP_M,2,2_01,M.USER.APP.2,2,6,3,0,None,0.3,10402.000039999999,10402.300039999998,10400.0,10402.000039999999
417,COMP_M,0,0_01,M.USER.APP.0,0,4,1,0,None,0.3,10501.00002,10501.300019999999,10500.0,10501.00002
418,COMP_M,1,1_01,M.USER.APP.1,1,5,2,0,None,0.3,10501.00002,10501.300019999999,10500.0,10501.00002
420,COMP_M,3,3_01,M.USER.APP.3,3,7,4,0,None,0.3,10501.00002,10501.300019999999,10500.0,10501.00002
419,COMP_M,2,2_01,M.USER.APP.2,2,6,3,0,None,0.3,10502.000039999999,10502.300039999998,10500.0,10502.000039999999
421,COMP_M,0,0_01,M.USER.APP.0,0,4,1,0,None,0.3,10601.00002,10601.300019999999,10600.0,10601.00002
422,COMP_M,1,1_01,M.USER.APP.1,1,5,2,0,None,0.3,10601.00002,10601.300019999999,10600.0,10601.00002
424,COMP_M,3,3_01,M.USER.APP.3,3,7,4,0,None,0.3,10601.00002,10601.300019999999,10600.0,10601.00002
423,COMP_M,2,2_01,M.USER.APP.2,2,6,3,0,None,0.3,10602.000039999999,10602.300039999998,10600.0,10602.000039999999
425,COMP_M,0,0_01,M.USER.APP.0,0,4,1,0,None,0.3,10701.00002,10701.300019999999,10700.0,10701.00002
426,COMP_M,1,1_01,M.USER.APP.1,1,5,2,0,None,0.3,10701.00002,10701.300019999999,10700.0,10701.00002
428,COMP_M,3,3_01,M.USER.APP.3,3,7,4,0,None,0.3,10701.00002,10701.300019999999,10700.0,10701.00002
427,COMP_M,2,2_01,M.USER.APP.2,2,6,3,0,None,0.3,10702.000039999999,10702.300039999998,10700.0,10702.000039999999
429,COMP_M,0,0_01,M.USER.APP.0,0,4,1,0,None,0.3,10801.00002,10801.300019999999,10800.0,10801.00002
430,COMP_M,1,1_01,M.USER.APP.1,1,5,2,0,None,0.3,10801.00002,10801.300019999999,10800.0,10801.00002
432,COMP_M,3,3_01,M.USER.APP.3,3,7,4,0,None,0.3,10801.00002,10801.300019999999,10800.0,10801.00002
431,COMP_M,2,2_01,M.USER.APP.2,2,6,3,0,None,0.3,10802.000039999999,10802.300039999998,10800.0,10802.000039999999
433,COMP_M,0,0_01,M.USER.APP.0,0,4,1,0,None,0.3,10901.00002,10901.300019999999,10900.0,10901.00002
434,COMP_M,1,1_01,M.USER.APP.1,1,5,2,0,None,0.3,10901.00002,10901.300019999999,10900.0,10901.00002
436,COMP_M,3,3_01,M.USER.APP.3,3,7,4,0,None,0.3,10901.00002,10901.300019999999,10900.0,10901.00002
435,COMP_M,2,2_01,M.USER.APP.2,2,6,3,0,None,0.3,10902.000039999999,10902.300039999998,10900.0,10902.000039999999
437,COMP_M,0,0_01,M.USER.APP.0,0,4,1,0,None,0.3,11001.00002,11001.300019999999,11000.0,11001.00002
438,COMP_M,1,1_01,M.USER.APP.1,1,5,2,0,None,0.3,11001.00002,11001.300019999999,11000.0,11001.00002
440,COMP_M,3,3_01,M.USER.APP.3,3,7,4,0,None,0.3,11001.00002,11001.300019999999,11000.0,11001.00002
439,COMP_M,2,2_01,M.USER.APP.2,2,6,3,0,None,0.3,11002.000039999999,11002.300039999998,11000.0,11002.000039999999
441,COMP_M,0,0_01,M.USER.APP.0,0,4,1,0,None,0.3,11101.00002,11101.300019999999,11100.0,11101.00002
442,COMP_M,1,1_01,M.USER.APP.1,1,5,2,0,None,0.3,11101.00002,11101.300019999999,11100.0,11101.00002
444,COMP_M,3,3_01,M.USER.APP.3,3,7,4,0,None,0.3,11101.00002,11101.300019999999,11100.0,11101.00002
443,COMP_M,2,2_01,M.USER.APP.2,2,6,3,0,None,0.3,11102.000039999999,11102.300039999998,11100.0,11102.000039999999
445,COMP_M,0,0_01,M.USER.APP.0,0,4,1,0,None,0.3,11201.00002,11201.300019999999,11200.0,11201.00002
446,COMP_M,1,1_01,M.USER.APP.1,1,5,2,0,None,0.3,11201.00002,11201.300019999999,11200.0,11201.00002
448,COMP_M,3,3_01,M.USER.APP.3,3,7,4,0,None,0.3,11201.00002,11201.300019999999,11200.0,11201.00002
447,COMP_M,2,2_01,M.USER.APP.2,2,6,3,0,None,0.3,11202.000039999999,11202.300039999998,11200.0,11202.000039999999
449,COMP_M,0,0_01,M.USER.APP.0,0,4,1,0,None,0.3,11301.00002,11301.300019999999,11300.0,11301.00002
450,COMP_M,1,1_01,M.USER.APP.1,1,5,2,0,None,0.3,11301.00002,11301.300019999999,11300.0,11301.00002
452,COMP_M,3,3_01,M.USER.APP.3,3,7,4,0,None,0.3,11301.00002,11301.300019999999,11300.0,11301.00002
451,COMP_M,2,2_01,M.USER.APP.2,2,6,3,0,None,0.3,11302.000039999999,11302.300039999998,11300.0,11302.000039999999
453,COMP_M,0,0_01,M.USER.APP.0,0,4,1,0,None,0.3,11401.00002,11401.300019999999,11400.0,11401.00002
454,COMP_M,1,1_01,M.USER.APP.1,1,5,2,0,None,0.3,11401.00002,11401.300019999999,11400.0,11401.00002
456,COMP_M,3,3_01,M.USER.APP.3,3,7,4,0,None,0.3,11401.00002,11401.300019999999,11400.0,11401.00002
455,COMP_M,2,2_01,M.USER.APP.2,2,6,3,0,None,0.3,11402.000039999999,11402.300039999998,11400.0,11402.000039999999
457,COMP_M,0,0_01,M.USER.APP.0,0,4,1,0,None,0.3,11501.00002,11501.300019999999,11500.0,11501.00002
458,COMP_M,1,1_01,M.USER.APP.1,1,5,2,0,None,0.3,11501.00002,11501.300019999999,11500.0,11501.00002
460,COMP_M,3,3_01,M.USER.APP.3,3,7,4,0,None,0.3,11501.00002,11501.300019999999,11500.0,11501.00002
459,COMP_M,2,2_01,M.USER.APP.2,2,6,3,0,None,0.3,11502.000039999999,11502.300039999998,11500.0,11502.000039999999
461,COMP_M,0,0_01,M.USER.APP.0,0,4,1,0,None,0.3,11601.00002,11601.300019999999,11600.0,11601.00002
462,COMP_M,1,1_01,M.USER.APP.1,1,5,2,0,None,0.3,11601.00002,11601.300019999999,11600.0,11601.00002
464,COMP_M,3,3_01,M.USER.APP.3,3,7,4,0,None,0.3,11601.00002,11601.300019999999,11600.0,11601.00002
463,COMP_M,2,2_01,M.USER.APP.2,2,6,3,0,None,0.3,11602.000039999999,11602.300039999998,11600.0,11602.000039999999
465,COMP_M,0,0_01,M.USER.APP.0,0,4,1,0,None,0.3,11701.00002,11701.300019999999,11700.0,11701.00002
466,COMP_M,1,1_01,M.USER.APP.1,1,5,2,0,None,0.3,11701.00002,11701.300019999999,11700.0,11701.00002
468,COMP_M,3,3_01,M.USER.APP.3,3,7,4,0,None,0.3,11701.00002,11701.300019999999,11700.0,11701.00002
467,COMP_M,2,2_01,M.USER.APP.2,2,6,3,0,None,0.3,11702.000039999999,11702.300039999998,11700.0,11702.000039999999
469,COMP_M,0,0_01,M.USER.APP.0,0,4,1,0,None,0.3,11801.00002,11801.300019999999,11800.0,11801.00002
470,COMP_M,1,1_01,M.USER.APP.1,1,5,2,0,None,0.3,11801.00002,11801.300019999999,11800.0,11801.00002
472,COMP_M,3,3_01,M.USER.APP.3,3,7,4,0,None,0.3,11801.00002,11801.300019999999,11800.0,11801.00002
471,COMP_M,2,2_01,M.USER.APP.2,2,6,3,0,None,0.3,11802.000039999999,11802.300039999998,11800.0,11802.000039999999
473,COMP_M,0,0_01,M.USER.APP.0,0,4,1,0,None,0.3,11901.00002,11901.300019999999,11900.0,11901.00002
474,COMP_M,1,1_01,M.USER.APP.1,1,5,2,0,None,0.3,11901.00002,11901.300019999999,11900.0,11901.00002
476,COMP_M,3,3_01,M.USER.APP.3,3,7,4,0,None,0.3,11901.00002,11901.300019999999,11900.0,11901.00002
475,COMP_M,2,2_01,M.USER.APP.2,2,6,3,0,None,0.3,11902.000039999999,11902.300039999998,11900.0,11902.000039999999
477,COMP_M,0,0_01,M.USER.APP.0,0,4,1,0,None,0.3,12001.00002,12001.300019999999,12000.0,12001.00002
478,COMP_M,1,1_01,M.USER.APP.1,1,5,2,0,None,0.3,12001.00002,12001.300019999999,12000.0,12001.00002
480,COMP_M,3,3_01,M.USER.APP.3,3,7,4,0,None,0.3,12001.00002,12001.300019999999,12000.0,12001.00002
479,COMP_M,2,2_01,M.USER.APP.2,2,6,3,0,None,0.3,12002.000039999999,12002.300039999998,12000.0,12002.000039999999
481,COMP_M,0,0_01,M.USER.APP.0,0,4,1,0,None,0.3,12101.00002,12101.300019999999,12100.0,12101.00002
482,COMP_M,1,1_01,M.USER.APP.1,1,5,2,0,None,0.3,12101.00002,12101.300019999999,12100.0,12101.00002
484,COMP_M,3,3_01,M.USER.APP.3,3,7,4,0,None,0.3,12101.00002,12101.300019999999,12100.0,12101.00002
483,COMP_M,2,2_01,M.USER.APP.2,2,6,3,0,None,0.3,12102.000039999999,12102.300039999998,12100.0,12102.000039999999
485,COMP_M,0,0_01,M.USER.APP.0,0,4,1,0,None,0.3,12201.00002,12201.300019999999,12200.0,12201.00002
486,COMP_M,1,1_01,M.USER.APP.1,1,5,2,0,None,0.3,12201.00002,12201.300019999999,12200.0,12201.00002
488,COMP_M,3,3_01,M.USER.APP.3,3,7,4,0,None,0.3,12201.00002,12201.300019999999,12200.0,12201.00002
487,COMP_M,2,2_01,M.USER.APP.2,2,6,3,0,None,0.3,12202.000039999999,12202.300039999998,12200.0,12202.000039999999
489,COMP_M,0,0_01,M.USER.APP.0,0,4,1,0,None,0.3,12301.00002,12301.300019999999,12300.0,12301.00002
490,COMP_M,1,1_01,M.USER.APP.1,1,5,2,0,None,0.3,12301.00002,12301.300019999999,12300.0,12301.00002
492,COMP_M,3,3_01,M.USER.APP.3,3,7,4,0,None,0.3,12301.00002,12301.300019999999,12300.0,12301.00002
491,COMP_M,2,2_01,M.USER.APP.2,2,6,3,0,None,0.3,12302.000039999999,12302.300039999998,12300.0,12302.000039999999
493,COMP_M,0,0_01,M.USER.APP.0,0,4,1,0,None,0.3,12401.00002,12401.300019999999,12400.0,12401.00002
494,COMP_M,1,1_01,M.USER.APP.1,1,5,2,0,None,0.3,12401.00002,12401.300019999999,12400.0,12401.00002
496,COMP_M,3,3_01,M.USER.APP.3,3,7,4,0,None,0.3,12401.00002,12401.300019999999,12400.0,12401.00002
495,COMP_M,2,2_01,M.USER.APP.2,2,6,3,0,None,0.3,12402.000039999999,12402.300039999998,12400.0,12402.000039999999
497,COMP_M,0,0_01,M.USER.APP.0,0,4,1,0,None,0.3,12501.00002,12501.300019999999,12500.0,12501.00002
498,COMP_M,1,1_01,M.USER.APP.1,1,5,2,0,None,0.3,12501.00002,12501.300019999999,12500.0,12501.00002
500,COMP_M,3,3_01,M.USER.APP.3,3,7,4,0,None,0.3,12501.00002,12501.300019999999,12500.0,12501.00002
499,COMP_M,2,2_01,M.USER.APP.2,2,6,3,0,None,0.3,12502.000039999999,12502.300039999998,12500.0,12502.000039999999
501,COMP_M,0,0_01,M.USER.APP.0,0,4,1,0,None,0.3,12601.00002,12601.300019999999,12600.0,12601.00002
502,COMP_M,1,1_01,M.USER.APP.1,1,5,2,0,None,0.3,12601.00002,12601.300019999999,12600.0,12601.00002
504,COMP_M,3,3_01,M.USER.APP.3,3,7,4,0,None,0.3,12601.00002,12601.300019999999,12600.0,12601.00002
503,COMP_M,2,2_01,M.USER.APP.2,2,6,3,0,None,0.3,12602.000039999999,12602.300039999998,12600.0,12602.000039999999
505,COMP_M,0,0_01,M.USER.APP.0,0,4,1,0,None,0.3,12701.00002,12701.300019999999,12700.0,12701.00002
506,COMP_M,1,1_01,M.USER.APP.1,1,5,2,0,None,0.3,12701.00002,12701.300019999999,12700.0,12701.00002
508,COMP_M,3,3_01,M.USER.APP.3,3,7,4,0,None,0.3,12701.00002,12701.300019999999,12700.0,12701.00002
507,COMP_M,2,2_01,M.USER.APP.2,2,6,3,0,None,0.3,12702.000039999999,12702.300039999998,12700.0,12702.000039999999
509,COMP_M,0,0_01,M.USER.APP.0,0,4,1,0,None,0.3,12801.00002,12801.300019999999,12800.0,12801.00002
510,COMP_M,1,1_01,M.USER.APP.1,1,5,2,0,None,0.3,12801.00002,12801.300019999999,12800.0,12801.00002
512,COMP_M,3,3_01,M.USER.APP.3,3,7,4,0,None,0.3,12801.00002,12801.300019999999,12800.0,12801.00002
511,COMP_M,2,2_01,M.USER.APP.2,2,6,3,0,None,0.3,12802.000039999999,12802.300039999998,12800.0,12802.000039999999
513,COMP_M,0,0_01,M.USER.APP.0,0,4,1,0,None,0.3,12901.00002,12901.300019999999,12900.0,12901.00002
514,COMP_M,1,1_01,M.USER.APP.1,1,5,2,0,None,0.3,12901.00002,12901.300019999999,12900.0,12901.00002
516,COMP_M,3,3_01,M.USER.APP.3,3,7,4,0,None,0.3,12901.00002,12901.300019999999,12900.0,12901.00002
515,COMP_M,2,2_01,M.USER.APP.2,2,6,3,0,None,0.3,12902.000039999999,12902.300039999998,12900.0,12902.000039999999
517,COMP_M,0,0_01,M.USER.APP.0,0,4,1,0,None,0.3,13001.00002,13001.300019999999,13000.0,13001.00002
518,COMP_M,1,1_01,M.USER.APP.1,1,5,2,0,None,0.3,13001.00002,13001.300019999999,13000.0,13001.00002
520,COMP_M,3,3_01,M.USER.APP.3,3,7,4,0,None,0.3,13001.00002,13001.300019999999,13000.0,13001.00002
519,COMP_M,2,2_01,M.USER.APP.2,2,6,3,0,None,0.3,13002.000039999999,13002.300039999998,13000.0,13002.000039999999
521,COMP_M,0,0_01,M.USER.APP.0,0,4,1,0,None,0.3,13101.00002,13101.300019999999,13100.0,13101.00002
522,COMP_M,1,1_01,M.USER.APP.1,1,5,2,0,None,0.3,13101.00002,13101.300019999999,13100.0,13101.00002
524,COMP_M,3,3_01,M.USER.APP.3,3,7,4,0,None,0.3,13101.00002,13101.300019999999,13100.0,13101.00002
523,COMP_M,2,2_01,M.USER.APP.2,2,6,3,0,None,0.3,13102.000039999999,13102.300039999998,13100.0,13102.000039999999
525,COMP_M,0,0_01,M.USER.APP.0,0,4,1,0,None,0.3,13201.00002,13201.300019999999,13200.0,13201.00002
526,COMP_M,1,1_01,M.USER.APP.1,1,5,2,0,None,0.3,13201.00002,13201.300019999999,13200.0,13201.00002
528,COMP_M,3,3_01,M.USER.APP.3,3,7,4,0,None,0.3,13201.00002,13201.300019999999,13200.0,13201.00002
527,COMP_M,2,2_01,M.USER.APP.2,2,6,3,0,None,0.3,13202.000039999999,13202.300039999998,13200.0,13202.000039999999
529,COMP_M,0,0_01,M.USER.APP.0,0,4,1,0,None,0.3,13301.00002,13301.300019999999,13300.0,13301.00002
530,COMP_M,1,1_01,M.USER.APP.1,1,5,2,0,None,0.3,13301.00002,13301.300019999999,13300.0,13301.00002
532,COMP_M,3,3_01,M.USER.APP.3,3,7,4,0,None,0.3,13301.00002,13301.300019999999,13300.0,13301.00002
531,COMP_M,2,2_01,M.USER.APP.2,2,6,3,0,None,0.3,13302.000039999999,13302.300039999998,13300.0,13302.000039999999
533,COMP_M,0,0_01,M.USER.APP.0,0,4,1,0,None,0.3,13401.00002,13401.300019999999,13400.0,13401.00002
534,COMP_M,1,1_01,M.USER.APP.1,1,5,2,0,None,0.3,13401.00002,13401.300019999999,13400.0,13401.00002
536,COMP_M,3,3_01,M.USER.APP.3,3,7,4,0,None,0.3,13401.00002,13401.300019999999,13400.0,13401.00002
535,COMP_M,2,2_01,M.USER.APP.2,2,6,3,0,None,0.3,13402.000039999999,13402.300039999998,13400.0,13402.000039999999
537,COMP_M,0,0_01,M.USER.APP.0,0,4,1,0,None,0.3,13501.00002,13501.300019999999,13500.0,13501.00002
538,COMP_M,1,1_01,M.USER.APP.1,1,5,2,0,None,0.3,13501.00002,13501.300019999999,13500.0,13501.00002
540,COMP_M,3,3_01,M.USER.APP.3,3,7,4,0,None,0.3,13501.00002,13501.300019999999,13500.0,13501.00002
539,COMP_M,2,2_01,M.USER.APP.2,2,6,3,0,None,0.3,13502.000039999999,13502.300039999998,13500.0,13502.000039999999
541,COMP_M,0,0_01,M.USER.APP.0,0,4,1,0,None,0.3,13601.00002,13601.300019999999,13600.0,13601.00002
542,COMP_M,1,1_01,M.USER.APP.1,1,5,2,0,None,0.3,13601.00002,13601.300019999999,13600.0,13601.00002
544,COMP_M,3,3_01,M.USER.APP.3,3,7,4,0,None,0.3,13601.00002,13601.300019999999,13600.0,13601.00002
543,COMP_M,2,2_01,M.USER.APP.2,2,6,3,0,None,0.3,13602.000039999999,13602.300039999998,13600.0,13602.000039999999
545,COMP_M,0,0_01,M.USER.APP.0,0,4,1,0,None,0.3,13701.00002,13701.300019999999,13700.0,13701.00002
546,COMP_M,1,1_01,M.USER.APP.1,1,5,2,0,None,0.3,13701.00002,13701.300019999999,13700.0,13701.00002
548,COMP_M,3,3_01,M.USER.APP.3,3,7,4,0,None,0.3,13701.00002,13701.300019999999,13700.0,13701.00002
547,COMP_M,2,2_01,M.USER.APP.2,2,6,3,0,None,0.3,13702.000039999999,13702.300039999998,13700.0,13702.000039999999
549,COMP_M,0,0_01,M.USER.APP.0,0,4,1,0,None,0.3,13801.00002,13801.300019999999,13800.0,13801.00002
550,COMP_M,1,1_01,M.USER.APP.1,1,5,2,0,None,0.3,13801.00002,13801.300019999999,13800.0,13801.00002
552,COMP_M,3,3_01,M.USER.APP.3,3,7,4,0,None,0.3,13801.00002,13801.300019999999,13800.0,13801.00002
551,COMP_M,2,2_01,M.USER.APP.2,2,6,3,0,None,0.3,13802.000039999999,13802.300039999998,13800.0,13802.000039999999
553,COMP_M,0,0_01,M.USER.APP.0,0,4,1,0,None,0.3,13901.00002,13901.300019999999,13900.0,13901.00002
554,COMP_M,1,1_01,M.USER.APP.1,1,5,2,0,None,0.3,13901.00002,13901.300019999999,13900.0,13901.00002
556,COMP_M,3,3_01,M.USER.APP.3,3,7,4,0,None,0.3,13901.00002,13901.300019999999,13900.0,13901.00002
555,COMP_M,2,2_01,M.USER.APP.2,2,6,3,0,None,0.3,13902.000039999999,13902.300039999998,13900.0,13902.000039999999
557,COMP_M,0,0_01,M.USER.APP.0,0,4,1,0,None,0.3,14001.00002,14001.300019999999,14000.0,14001.00002
558,COMP_M,1,1_01,M.USER.APP.1,1,5,2,0,None,0.3,14001.00002,14001.300019999999,14000.0,14001.00002
560,COMP_M,3,3_01,M.USER.APP.3,3,7,4,0,None,0.3,14001.00002,14001.300019999999,14000.0,14001.00002
559,COMP_M,2,2_01,M.USER.APP.2,2,6,3,0,None,0.3,14002.000039999999,14002.300039999998,14000.0,14002.000039999999
561,COMP_M,0,0_01,M.USER.APP.0,0,4,1,0,None,0.3,14101.00002,14101.300019999999,14100.0,14101.00002
562,COMP_M,1,1_01,M.USER.APP.1,1,5,2,0,None,0.3,14101.00002,14101.300019999999,14100.0,14101.00002
564,COMP_M,3,3_01,M.USER.APP.3,3,7,4,0,None,0.3,14101.00002,14101.300019999999,14100.0,14101.00002
563,COMP_M,2,2_01,M.USER.APP.2,2,6,3,0,None,0.3,14102.000039999999,14102.300039999998,14100.0,14102.000039999999
565,COMP_M,0,0_01,M.USER.APP.0,0,4,1,0,None,0.3,14201.00002,14201.300019999999,14200.0,14201.00002
566,COMP_M,1,1_01,M.USER.APP.1,1,5,2,0,None,0.3,14201.00002,14201.300019999999,14200.0,14201.00002
568,COMP_M,3,3_01,M.USER.APP.3,3,7,4,0,None,0.3,14201.00002,14201.300019999999,14200.0,14201.00002
567,COMP_M,2,2_01,M.USER.APP.2,2,6,3,0,None,0.3,14202.000039999999,14202.300039999998,14200.0,14202.000039999999
569,COMP_M,0,0_01,M.USER.APP.0,0,4,1,0,None,0.3,14301.00002,14301.300019999999,14300.0,14301.00002
570,COMP_M,1,1_01,M.USER.APP.1,1,5,2,0,None,0.3,14301.00002,14301.300019999999,14300.0,14301.00002
572,COMP_M,3,3_01,M.USER.APP.3,3,7,4,0,None,0.3,14301.00002,14301.300019999999,14300.0,14301.00002
571,COMP_M,2,2_01,M.USER.APP.2,2,6,3,0,None,0.3,14302.000039999999,14302.300039999998,14300.0,14302.000039999999
573,COMP_M,0,0_01,M.USER.APP.0,0,4,1,0,None,0.3,14401.00002,14401.300019999999,14400.0,14401.00002
574,COMP_M,1,1_01,M.USER.APP.1,1,5,2,0,None,0.3,14401.00002,14401.300019999999,14400.0,14401.00002
576,COMP_M,3,3_01,M.USER.APP.3,3,7,4,0,None,0.3,14401.00002,14401.300019999999,14400.0,14401.00002
575,COMP_M,2,2_01,M.USER.APP.2,2,6,3,0,None,0.3,14402.000039999999,14402.300039999998,14400.0,14402.000039999999
577,COMP_M,0,0_01,M.USER.APP.0,0,4,1,0,None,0.3,14501.00002,14501.300019999999,14500.0,14501.00002
578,COMP_M,1,1_01,M.USER.APP.1,1,5,2,0,None,0.3,14501.00002,14501.300019999999,14500.0,14501.00002
580,COMP_M,3,3_01,M.USER.APP.3,3,7,4,0,None,0.3,14501.00002,14501.300019999999,14500.0,14501.00002
579,COMP_M,2,2_01,M.USER.APP.2,2,6,3,0,None,0.3,14502.000039999999,14502.300039999998,14500.0,14502.000039999999
581,COMP_M,0,0_01,M.USER.APP.0,0,4,1,0,None,0.3,14601.00002,14601.300019999999,14600.0,14601.00002
582,COMP_M,1,1_01,M.USER.APP.1,1,5,2,0,None,0.3,14601.00002,14601.300019999999,14600.0,14601.00002
584,COMP_M,3,3_01,M.USER.APP.3,3,7,4,0,None,0.3,14601.00002,14601.300019999999,14600.0,14601.00002
583,COMP_M,2,2_01,M.USER.APP.2,2,6,3,0,None,0.3,14602.000039999999,14602.300039999998,14600.0,14602.000039999999
585,COMP_M,0,0_01,M.USER.APP.0,0,4,1,0,None,0.3,14701.00002,14701.300019999999,14700.0,14701.00002
586,COMP_M,1,1_01,M.USER.APP.1,1,5,2,0,None,0.3,14701.00002,14701.300019999999,14700.0,14701.00002
588,COMP_M,3,3_01,M.USER.APP.3,3,7,4,0,None,0.3,14701.00002,14701.300019999999,14700.0,14701.00002
587,COMP_M,2,2_01,M.USER.APP.2,2,6,3,0,None,0.3,14702.000039999999,14702.300039999998,14700.0,14702.000039999999
589,COMP_M,0,0_01,M.USER.APP.0,0,4,1,0,None,0.3,14801.00002,14801.300019999999,14800.0,14801.00002
590,COMP_M,1,1_01,M.USER.APP.1,1,5,2,0,None,0.3,14801.00002,14801.300019999999,14800.0,14801.00002
592,COMP_M,3,3_01,M.USER.APP.3,3,7,4,0,None,0.3,14801.00002,14801.300019999999,14800.0,14801.00002
591,COMP_M,2,2_01,M.USER.APP.2,2,6,3,0,None,0.3,14802.000039999999,14802.300039999998,14800.0,14802.000039999999
593,COMP_M,0,0_01,M.USER.APP.0,0,4,1,0,None,0.3,14901.00002,14901.300019999999,14900.0,14901.00002
594,COMP_M,1,1_01,M.USER.APP.1,1,5,2,0,None,0.3,14901.00002,14901.300019999999,14900.0,14901.00002
596,COMP_M,3,3_01,M.USER.APP.3,3,7,4,0,None,0.3,14901.00002,14901.300019999999,14900.0,14901.00002
595,COMP_M,2,2_01,M.USER.APP.2,2,6,3,0,None,0.3,14902.000039999999,14902.300039999998,14900.0,14902.000039999999
597,COMP_M,0,0_01,M.USER.APP.0,0,4,1,0,None,0.3,15001.00002,15001.300019999999,15000.0,15001.00002
598,COMP_M,1,1_01,M.USER.APP.1,1,5,2,0,None,0.3,15001.00002,15001.300019999999,15000.0,15001.00002
600,COMP_M,3,3_01,M.USER.APP.3,3,7,4,0,None,0.3,15001.00002,15001.300019999999,15000.0,15001.00002
599,COMP_M,2,2_01,M.USER.APP.2,2,6,3,0,None,0.3,15002.000039999999,15002.300039999998,15000.0,15002.000039999999
601,COMP_M,0,0_01,M.USER.APP.0,0,4,1,0,None,0.3,15101.00002,15101.300019999999,15100.0,15101.00002
602,COMP_M,1,1_01,M.USER.APP.1,1,5,2,0,None,0.3,15101.00002,15101.300019999999,15100.0,15101.00002
604,COMP_M,3,3_01,M.USER.APP.3,3,7,4,0,None,0.3,15101.00002,15101.300019999999,15100.0,15101.00002
603,COMP_M,2,2_01,M.USER.APP.2,2,6,3,0,None,0.3,15102.000039999999,15102.300039999998,15100.0,15102.000039999999
605,COMP_M,0,0_01,M.USER.APP.0,0,4,1,0,None,0.3,15201.00002,15201.300019999999,15200.0,15201.00002
606,COMP_M,1,1_01,M.USER.APP.1,1,5,2,0,None,0.3,15201.00002,15201.300019999999,15200.0,15201.00002
608,COMP_M,3,3_01,M.USER.APP.3,3,7,4,0,None,0.3,15201.00002,15201.300019999999,15200.0,15201.00002
607,COMP_M,2,2_01,M.USER.APP.2,2,6,3,0,None,0.3,15202.000039999999,15202.300039999998,15200.0,15202.000039999999
609,COMP_M,0,0_01,M.USER.APP.0,0,4,1,0,None,0.3,15301.00002,15301.300019999999,15300.0,15301.00002
610,COMP_M,1,1_01,M.USER.APP.1,1,5,2,0,None,0.3,15301.00002,15301.300019999999,15300.0,15301.00002
612,COMP_M,3,3_01,M.USER.APP.3,3,7,4,0,None,0.3,15301.00002,15301.300019999999,15300.0,15301.00002
611,COMP_M,2,2_01,M.USER.APP.2,2,6,3,0,None,0.3,15302.000039999999,15302.300039999998,15300.0,15302.000039999999
613,COMP_M,0,0_01,M.USER.APP.0,0,4,1,0,None,0.3,15401.00002,15401.300019999999,15400.0,15401.00002
614,COMP_M,1,1_01,M.USER.APP.1,1,5,2,0,None,0.3,15401.00002,15401.300019999999,15400.0,15401.00002
616,COMP_M,3,3_01,M.USER.APP.3,3,7,4,0,None,0.3,15401.00002,15401.300019999999,15400.0,15401.00002
615,COMP_M,2,2_01,M.USER.APP.2,2,6,3,0,None,0.3,15402.000039999999,15402.300039999998,15400.0,15402.000039999999
617,COMP_M,0,0_01,M.USER.APP.0,0,4,1,0,None,0.3,15501.00002,15501.300019999999,15500.0,15501.00002
618,COMP_M,1,1_01,M.USER.APP.1,1,5,2,0,None,0.3,15501.00002,15501.300019999999,15500.0,15501.00002
620,COMP_M,3,3_01,M.USER.APP.3,3,7,4,0,None,0.3,15501.00002,15501.300019999999,15500.0,15501.00002
619,COMP_M,2,2_01,M.USER.APP.2,2,6,3,0,None,0.3,15502.000039999999,15502.300039999998,15500.0,15502.000039999999
621,COMP_M,0,0_01,M.USER.APP.0,0,4,1,0,None,0.3,15601.00002,15601.300019999999,15600.0,15601.00002
622,COMP_M,1,1_01,M.USER.APP.1,1,5,2,0,None,0.3,15601.00002,15601.300019999999,15600.0,15601.00002
624,COMP_M,3,3_01,M.USER.APP.3,3,7,4,0,None,0.3,15601.00002,15601.300019999999,15600.0,15601.00002
623,COMP_M,2,2_01,M.USER.APP.2,2,6,3,0,None,0.3,15602.000039999999,15602.300039999998,15600.0,15602.000039999999
625,COMP_M,0,0_01,M.USER.APP.0,0,4,1,0,None,0.3,15701.00002,15701.300019999999,15700.0,15701.00002
626,COMP_M,1,1_01,M.USER.APP.1,1,5,2,0,None,0.3,15701.00002,15701.300019999999,15700.0,15701.00002
628,COMP_M,3,3_01,M.USER.APP.3,3,7,4,0,None,0.3,15701.00002,15701.300019999999,15700.0,15701.00002
627,COMP_M,2,2_01,M.USER.APP.2,2,6,3,0,None,0.3,15702.000039999999,15702.300039999998,15700.0,15702.000039999999
629,COMP_M,0,0_01,M.USER.APP.0,0,4,1,0,None,0.3,15801.00002,15801.300019999999,15800.0,15801.00002
630,COMP_M,1,1_01,M.USER.APP.1,1,5,2,0,None,0.3,15801.00002,15801.300019999999,15800.0,15801.00002
632,COMP_M,3,3_01,M.USER.APP.3,3,7,4,0,None,0.3,15801.00002,15801.300019999999,15800.0,15801.00002
631,COMP_M,2,2_01,M.USER.APP.2,2,6,3,0,None,0.3,15802.000039999999,15802.300039999998,15800.0,15802.000039999999
633,COMP_M,0,0_01,M.USER.APP.0,0,4,1,0,None,0.3,15901.00002,15901.300019999999,15900.0,15901.00002
634,COMP_M,1,1_01,M.USER.APP.1,1,5,2,0,None,0.3,15901.00002,15901.300019999999,15900.0,15901.00002
636,COMP_M,3,3_01,M.USER.APP.3,3,7,4,0,None,0.3,15901.00002,15901.300019999999,15900.0,15901.00002
635,COMP_M,2,2_01,M.USER.APP.2,2,6,3,0,None,0.3,15902.000039999999,15902.300039999998,15900.0,15902.000039999999
637,COMP_M,0,0_01,M.USER.APP.0,0,4,1,0,None,0.3,16001.00002,16001.300019999999,16000.0,16001.00002
638,COMP_M,1,1_01,M.USER.APP.1,1,5,2,0,None,0.3,16001.00002,16001.300019999999,16000.0,16001.00002
640,COMP_M,3,3_01,M.USER.APP.3,3,7,4,0,None,0.3,16001.00002,16001.300019999999,16000.0,16001.00002
639,COMP_M,2,2_01,M.USER.APP.2,2,6,3,0,None,0.3,16002.000039999999,16002.300039999998,16000.0,16002.000039999999
641,COMP_M,0,0_01,M.USER.APP.0,0,4,1,0,None,0.3,16101.00002,16101.300019999999,16100.0,16101.00002
642,COMP_M,1,1_01,M.USER.APP.1,1,5,2,0,None,0.3,16101.00002,16101.300019999999,16100.0,16101.00002
644,COMP_M,3,3_01,M.USER.APP.3,3,7,4,0,None,0.3,16101.00002,16101.300019999999,16100.0,16101.00002
643,COMP_M,2,2_01,M.USER.APP.2,2,6,3,0,None,0.3,16102.000039999999,16102.300039999998,16100.0,16102.000039999999
645,COMP_M,0,0_01,M.USER.APP.0,0,4,1,0,None,0.3,16201.00002,16201.300019999999,16200.0,16201.00002
646,COMP_M,1,1_01,M.USER.APP.1,1,5,2,0,None,0.3,16201.00002,16201.300019999999,16200.0,16201.00002
648,COMP_M,3,3_01,M.USER.APP.3,3,7,4,0,None,0.3,16201.00002,16201.300019999999,16200.0,16201.00002
647,COMP_M,2,2_01,M.USER.APP.2,2,6,3,0,None,0.3,16202.000039999999,16202.300039999998,16200.0,16202.000039999999
649,COMP_M,0,0_01,M.USER.APP.0,0,4,1,0,None,0.3,16301.00002,16301.300019999999,16300.0,16301.00002
650,COMP_M,1,1_01,M.USER.APP.1,1,5,2,0,None,0.3,16301.00002,16301.300019999999,16300.0,16301.00002
652,COMP_M,3,3_01,M.USER.APP.3,3,7,4,0,None,0.3,16301.00002,16301.300019999999,16300.0,16301.00002
651,COMP_M,2,2_01,M.USER.APP.2,2,6,3,0,None,0.3,16302.000039999999,16302.300039999998,16300.0,16302.000039999999
653,COMP_M,0,0_01,M.USER.APP.0,0,4,1,0,None,0.3,16401.00002,16401.30002,16400.0,16401.00002
654,COMP_M,1,1_01,M.USER.APP.1,1,5,2,0,None,0.3,16401.00002,16401.30002,16400.0,16401.00002
656,COMP_M,3,3_01,M.USER.APP.3,3,7,4,0,None,0.3,16401.00002,16401.30002,16400.0,16401.00002
655,COMP_M,2,2_01,M.USER.APP.2,2,6,3,0,None,0.3,16402.00004,16402.30004,16400.0,16402.00004
657,COMP_M,0,0_01,M.USER.APP.0,0,4,1,0,None,0.3,16501.00002,16501.30002,16500.0,16501.00002
658,COMP_M,1,1_01,M.USER.APP.1,1,5,2,0,None,0.3,16501.00002,16501.30002,16500.0,16501.00002
660,COMP_M,3,3_01,M.USER.APP.3,3,7,4,0,None,0.3,16501.00002,16501.30002,16500.0,16501.00002
659,COMP_M,2,2_01,M.USER.APP.2,2,6,3,0,None,0.3,16502.00004,16502.30004,16500.0,16502.00004
661,COMP_M,0,0_01,M.USER.APP.0,0,4,1,0,None,0.3,16601.00002,16601.30002,16600.0,16601.00002
662,COMP_M,1,1_01,M.USER.APP.1,1,5,2,0,None,0.3,16601.00002,16601.30002,16600.0,16601.00002
664,COMP_M,3,3_01,M.USER.APP.3,3,7,4,0,None,0.3,16601.00002,16601.30002,16600.0,16601.00002
663,COMP_M,2,2_01,M.USER.APP.2,2,6,3,0,None,0.3,16602.00004,16602.30004,16600.0,16602.00004
665,COMP_M,0,0_01,M.USER.APP.0,0,4,1,0,None,0.3,16701.00002,16701.30002,16700.0,16701.00002
666,COMP_M,1,1_01,M.USER.APP.1,1,5,2,0,None,0.3,16701.00002,16701.30002,16700.0,16701.00002
668,COMP_M,3,3_01,M.USER.APP.3,3,7,4,0,None,0.3,16701.00002,16701.30002,16700.0,16701.00002
667,COMP_M,2,2_01,M.USER.APP.2,2,6,3,0,None,0.3,16702.00004,16702.30004,16700.0,16702.00004
669,COMP_M,0,0_01,M.USER.APP.0,0,4,1,0,None,0.3,16801.00002,16801.30002,16800.0,16801.00002
670,COMP_M,1,1_01,M.USER.APP.1,1,5,2,0,None,0.3,16801.00002,16801.30002,16800.0,16801.00002
672,COMP_M,3,3_01,M.USER.APP.3,3,7,4,0,None,0.3,16801.00002,16801.30002,16800.0,16801.00002
671,COMP_M,2,2_01,M.USER.APP.2,2,6,3,0,None,0.3,16802.00004,16802.30004,16800.0,16802.00004
673,COMP_M,0,0_01,M.USER.APP.0,0,4,1,0,None,0.3,16901.00002,16901.30002,16900.0,16901.00002
674,COMP_M,1,1_01,M.USER.APP.1,1,5,2,0,None,0.3,16901.00002,16901.30002,16900.0,16901.00002
676,COMP_M,3,3_01,M.USER.APP.3,3,7,4,0,None,0.3,16901.00002,16901.30002,16900.0,16901.00002
675,COMP_M,2,2_01,M.USER.APP.2,2,6,3,0,None,0.3,16902.00004,16902.30004,16900.0,16902.00004
677,COMP_M,0,0_01,M.USER.APP.0,0,4,1,0,None,0.3,17001.00002,17001.30002,17000.0,17001.00002
678,COMP_M,1,1_01,M.USER.APP.1,1,5,2,0,None,0.3,17001.00002,17001.30002,17000.0,17001.00002
680,COMP_M,3,3_01,M.USER.APP.3,3,7,4,0,None,0.3,17001.00002,17001.30002,17000.0,17001.00002
679,COMP_M,2,2_01,M.USER.APP.2,2,6,3,0,None,0.3,17002.00004,17002.30004,17000.0,17002.00004
681,COMP_M,0,0_01,M.USER.APP.0,0,4,1,0,None,0.3,17101.00002,17101.30002,17100.0,17101.00002
682,COMP_M,1,1_01,M.USER.APP.1,1,5,2,0,None,0.3,17101.00002,17101.30002,17100.0,17101.00002
684,COMP_M,3,3_01,M.USER.APP.3,3,7,4,0,None,0.3,17101.00002,17101.30002,17100.0,17101.00002
683,COMP_M,2,2_01,M.USER.APP.2,2,6,3,0,None,0.3,17102.00004,17102.30004,17100.0,17102.00004
685,COMP_M,0,0_01,M.USER.APP.0,0,4,1,0,None,0.3,17201.00002,17201.30002,17200.0,17201.00002
686,COMP_M,1,1_01,M.USER.APP.1,1,5,2,0,None,0.3,17201.00002,17201.30002,17200.0,17201.00002
688,COMP_M,3,3_01,M.USER.APP.3,3,7,4,0,None,0.3,17201.00002,17201.30002,17200.0,17201.00002
687,COMP_M,2,2_01,M.USER.APP.2,2,6,3,0,None,0.3,17202.00004,17202.30004,17200.0,17202.00004
689,COMP_M,0,0_01,M.USER.APP.0,0,4,1,0,None,0.3,17301.00002,17301.30002,17300.0,17301.00002
690,COMP_M,1,1_01,M.USER.APP.1,1,5,2,0,None,0.3,17301.00002,17301.30002,17300.0,17301.00002
692,COMP_M,3,3_01,M.USER.APP.3,3,7,4,0,None,0.3,17301.00002,17301.30002,17300.0,17301.00002
691,COMP_M,2,2_01,M.USER.APP.2,2,6,3,0,None,0.3,17302.00004,17302.30004,17300.0,17302.00004
693,COMP_M,0,0_01,M.USER.APP.0,0,4,1,0,None,0.3,17401.00002,17401.30002,17400.0,17401.00002
694,COMP_M,1,1_01,M.USER.APP.1,1,5,2,0,None,0.3,17401.00002,17401.30002,17400.0,17401.00002
696,COMP_M,3,3_01,M.USER.APP.3,3,7,4,0,None,0.3,17401.00002,17401.30002,17400.0,17401.00002
695,COMP_M,2,2_01,M.USER.APP.2,2,6,3,0,None,0.3,17402.00004,17402.30004,17400.0,17402.00004
697,COMP_M,0,0_01,M.USER.APP.0,0,4,1,0,None,0.3,17501.00002,17501.30002,17500.0,17501.00002
698,COMP_M,1,1_01,M.USER.APP.1,1,5,2,0,None,0.3,17501.00002,17501.30002,17500.0,17501.00002
700,COMP_M,3,3_01,M.USER.APP.3,3,7,4,0,None,0.3,17501.00002,17501.30002,17500.0,17501.00002
699,COMP_M,2,2_01,M.USER.APP.2,2,6,3,0,None,0.3,17502.00004,17502.30004,17500.0,17502.00004
701,COMP_M,0,0_01,M.USER.APP.0,0,4,1,0,None,0.3,17601.00002,17601.30002,17600.0,17601.00002
702,COMP_M,1,1_01,M.USER.APP.1,1,5,2,0,None,0.3,17601.00002,17601.30002,17600.0,17601.00002
704,COMP_M,3,3_01,M.USER.APP.3,3,7,4,0,None,0.3,17601.00002,17601.30002,17600.0,17601.00002
703,COMP_M,2,2_01,M.USER.APP.2,2,6,3,0,None,0.3,17602.00004,17602.30004,17600.0,17602.00004
705,COMP_M,0,0_01,M.USER.APP.0,0,4,1,0,None,0.3,17701.00002,17701.30002,17700.0,17701.00002
706,COMP_M,1,1_01,M.USER.APP.1,1,5,2,0,None,0.3,17701.00002,17701.30002,17700.0,17701.00002
708,COMP_M,3,3_01,M.USER.APP.3,3,7,4,0,None,0.3,17701.00002,17701.30002,17700.0,17701.00002
707,COMP_M,2,2_01,M.USER.APP.2,2,6,3,0,None,0.3,17702.00004,17702.30004,17700.0,17702.00004
709,COMP_M,0,0_01,M.USER.APP.0,0,4,1,0,None,0.3,17801.00002,17801.30002,17800.0,17801.00002
710,COMP_M,1,1_01,M.USER.APP.1,1,5,2,0,None,0.3,17801.00002,17801.30002,17800.0,17801.00002
712,COMP_M,3,3_01,M.USER.APP.3,3,7,4,0,None,0.3,17801.00002,17801.30002,17800.0,17801.00002
711,COMP_M,2,2_01,M.USER.APP.2,2,6,3,0,None,0.3,17802.00004,17802.30004,17800.0,17802.00004
713,COMP_M,0,0_01,M.USER.APP.0,0,4,1,0,None,0.3,17901.00002,17901.30002,17900.0,17901.00002
714,COMP_M,1,1_01,M.USER.APP.1,1,5,2,0,None,0.3,17901.00002,17901.30002,17900.0,17901.00002
716,COMP_M,3,3_01,M.USER.APP.3,3,7,4,0,None,0.3,17901.00002,17901.30002,17900.0,17901.00002
715,COMP_M,2,2_01,M.USER.APP.2,2,6,3,0,None,0.3,17902.00004,17902.30004,17900.0,17902.00004
717,COMP_M,0,0_01,M.USER.APP.0,0,4,1,0,None,0.3,18001.00002,18001.30002,18000.0,18001.00002
718,COMP_M,1,1_01,M.USER.APP.1,1,5,2,0,None,0.3,18001.00002,18001.30002,18000.0,18001.00002
720,COMP_M,3,3_01,M.USER.APP.3,3,7,4,0,None,0.3,18001.00002,18001.30002,18000.0,18001.00002
719,COMP_M,2,2_01,M.USER.APP.2,2,6,3,0,None,0.3,18002.00004,18002.30004,18000.0,18002.00004
721,COMP_M,0,0_01,M.USER.APP.0,0,4,1,0,None,0.3,18101.00002,18101.30002,18100.0,18101.00002
722,COMP_M,1,1_01,M.USER.APP.1,1,5,2,0,None,0.3,18101.00002,18101.30002,18100.0,18101.00002
724,COMP_M,3,3_01,M.USER.APP.3,3,7,4,0,None,0.3,18101.00002,18101.30002,18100.0,18101.00002
723,COMP_M,2,2_01,M.USER.APP.2,2,6,3,0,None,0.3,18102.00004,18102.30004,18100.0,18102.00004
725,COMP_M,0,0_01,M.USER.APP.0,0,4,1,0,None,0.3,18201.00002,18201.30002,18200.0,18201.00002
726,COMP_M,1,1_01,M.USER.APP.1,1,5,2,0,None,0.3,18201.00002,18201.30002,18200.0,18201.00002
728,COMP_M,3,3_01,M.USER.APP.3,3,7,4,0,None,0.3,18201.00002,18201.30002,18200.0,18201.00002
727,COMP_M,2,2_01,M.USER.APP.2,2,6,3,0,None,0.3,18202.00004,18202.30004,18200.0,18202.00004
729,COMP_M,0,0_01,M.USER.APP.0,0,4,1,0,None,0.3,18301.00002,18301.30002,18300.0,18301.00002
730,COMP_M,1,1_01,M.USER.APP.1,1,5,2,0,None,0.3,18301.00002,18301.30002,18300.0,18301.00002
732,COMP_M,3,3_01,M.USER.APP.3,3,7,4,0,None,0.3,18301.00002,18301.30002,18300.0,18301.00002
731,COMP_M,2,2_01,M.USER.APP.2,2,6,3,0,None,0.3,18302.00004,18302.30004,18300.0,18302.00004
733,COMP_M,0,0_01,M.USER.APP.0,0,4,1,0,None,0.3,18401.00002,18401.30002,18400.0,18401.00002
734,COMP_M,1,1_01,M.USER.APP.1,1,5,2,0,None,0.3,18401.00002,18401.30002,18400.0,18401.00002
736,COMP_M,3,3_01,M.USER.APP.3,3,7,4,0,None,0.3,18401.00002,18401.30002,18400.0,18401.00002
735,COMP_M,2,2_01,M.USER.APP.2,2,6,3,0,None,0.3,18402.00004,18402.30004,18400.0,18402.00004
737,COMP_M,0,0_01,M.USER.APP.0,0,4,1,0,None,0.3,18501.00002,18501.30002,18500.0,18501.00002
738,COMP_M,1,1_01,M.USER.APP.1,1,5,2,0,None,0.3,18501.00002,18501.30002,18500.0,18501.00002
740,COMP_M,3,3_01,M.USER.APP.3,3,7,4,0,None,0.3,18501.00002,18501.30002,18500.0,18501.00002
739,COMP_M,2,2_01,M.USER.APP.2,2,6,3,0,None,0.3,18502.00004,18502.30004,18500.0,18502.00004
741,COMP_M,0,0_01,M.USER.APP.0,0,4,1,0,None,0.3,18601.00002,18601.30002,18600.0,18601.00002
742,COMP_M,1,1_01,M.USER.APP.1,1,5,2,0,None,0.3,18601.00002,18601.30002,18600.0,18601.00002
744,COMP_M,3,3_01,M.USER.APP.3,3,7,4,0,None,0.3,18601.00002,18601.30002,18600.0,18601.00002
743,COMP_M,2,2_01,M.USER.APP.2,2,6,3,0,None,0.3,18602.00004,18602.30004,18600.0,18602.00004
745,COMP_M,0,0_01,M.USER.APP.0,0,4,1,0,None,0.3,18701.00002,18701.30002,18700.0,18701.00002
746,COMP_M,1,1_01,M.USER.APP.1,1,5,2,0,None,0.3,18701.00002,18701.30002,18700.0,18701.00002
748,COMP_M,3,3_01,M.USER.APP.3,3,7,4,0,None,0.3,18701.00002,18701.30002,18700.0,18701.00002
747,COMP_M,2,2_01,M.USER.APP.2,2,6,3,0,None,0.3,18702.00004,18702.30004,18700.0,18702.00004
749,COMP_M,0,0_01,M.USER.APP.0,0,4,1,0,None,0.3,18801.00002,18801.30002,18800.0,18801.00002
750,COMP_M,1,1_01,M.USER.APP.1,1,5,2,0,None,0.3,18801.00002,18801.30002,18800.0,18801.00002
752,COMP_M,3,3_01,M.USER.APP.3,3,7,4,0,None,0.3,18801.00002,18801.30002,18800.0,18801.00002
751,COMP_M,2,2_01,M.USER.APP.2,2,6,3,0,None,0.3,18802.00004,18802.30004,18800.0,18802.00004
753,COMP_M,0,0_01,M.USER.APP.0,0,4,1,0,None,0.3,18901.00002,18901.30002,18900.0,18901.00002
754,COMP_M,1,1_01,M.USER.APP.1,1,5,2,0,None,0.3,18901.00002,18901.30002,18900.0,18901.00002
756,COMP_M,3,3_01,M.USER.APP.3,3,7,4,0,None,0.3,18901.00002,18901.30002,18900.0,18901.00002
755,COMP_M,2,2_01,M.USER.APP.2,2,6,3,0,None,0.3,18902.00004,18902.30004,18900.0,18902.00004
757,COMP_M,0,0_01,M.USER.APP.0,0,4,1,0,None,0.3,19001.00002,19001.30002,19000.0,19001.00002
758,COMP_M,1,1_01,M.USER.APP.1,1,5,2,0,None,0.3,19001.00002,19001.30002,19000.0,19001.00002
760,COMP_M,3,3_01,M.USER.APP.3,3,7,4,0,None,0.3,19001.00002,19001.30002,19000.0,19001.00002
759,COMP_M,2,2_01,M.USER.APP.2,2,6,3,0,None,0.3,19002.00004,19002.30004,19000.0,19002.00004
761,COMP_M,0,0_01,M.USER.APP.0,0,4,1,0,None,0.3,19101.00002,19101.30002,19100.0,19101.00002
762,COMP_M,1,1_01,M.USER.APP.1,1,5,2,0,None,0.3,19101.00002,19101.30002,19100.0,19101.00002
764,COMP_M,3,3_01,M.USER.APP.3,3,7,4,0,None,0.3,19101.00002,19101.30002,19100.0,19101.00002
763,COMP_M,2,2_01,M.USER.APP.2,2,6,3,0,None,0.3,19102.00004,19102.30004,19100.0,19102.00004
765,COMP_M,0,0_01,M.USER.APP.0,0,4,1,0,None,0.3,19201.00002,19201.30002,19200.0,19201.00002
766,COMP_M,1,1_01,M.USER.APP.1,1,5,2,0,None,0.3,19201.00002,19201.30002,19200.0,19201.00002
768,COMP_M,3,3_01,M.USER.APP.3,3,7,4,0,None,0.3,19201.00002,19201.30002,19200.0,19201.00002
767,COMP_M,2,2_01,M.USER.APP.2,2,6,3,0,None,0.3,19202.00004,19202.30004,19200.0,19202.00004
769,COMP_M,0,0_01,M.USER.APP.0,0,4,1,0,None,0.3,19301.00002,19301.30002,19300.0,19301.00002
770,COMP_M,1,1_01,M.USER.APP.1,1,5,2,0,None,0.3,19301.00002,19301.30002,19300.0,19301.00002
772,COMP_M,3,3_01,M.USER.APP.3,3,7,4,0,None,0.3,19301.00002,19301.30002,19300.0,19301.00002
771,COMP_M,2,2_01,M.USER.APP.2,2,6,3,0,None,0.3,19302.00004,19302.30004,19300.0,19302.00004
773,COMP_M,0,0_01,M.USER.APP.0,0,4,1,0,None,0.3,19401.00002,19401.30002,19400.0,19401.00002
774,COMP_M,1,1_01,M.USER.APP.1,1,5,2,0,None,0.3,19401.00002,19401.30002,19400.0,19401.00002
776,COMP_M,3,3_01,M.USER.APP.3,3,7,4,0,None,0.3,19401.00002,19401.30002,19400.0,19401.00002
775,COMP_M,2,2_01,M.USER.APP.2,2,6,3,0,None,0.3,19402.00004,19402.30004,19400.0,19402.00004
777,COMP_M,0,0_01,M.USER.APP.0,0,4,1,0,None,0.3,19501.00002,19501.30002,19500.0,19501.00002
778,COMP_M,1,1_01,M.USER.APP.1,1,5,2,0,None,0.3,19501.00002,19501.30002,19500.0,19501.00002
780,COMP_M,3,3_01,M.USER.APP.3,3,7,4,0,None,0.3,19501.00002,19501.30002,19500.0,19501.00002
779,COMP_M,2,2_01,M.USER.APP.2,2,6,3,0,None,0.3,19502.00004,19502.30004,19500.0,19502.00004
781,COMP_M,0,0_01,M.USER.APP.0,0,4,1,0,None,0.3,19601.00002,19601.30002,19600.0,19601.00002
782,COMP_M,1,1_01,M.USER.APP.1,1,5,2,0,None,0.3,19601.00002,19601.30002,19600.0,19601.00002
784,COMP_M,3,3_01,M.USER.APP.3,3,7,4,0,None,0.3,19601.00002,19601.30002,19600.0,19601.00002
783,COMP_M,2,2_01,M.USER.APP.2,2,6,3,0,None,0.3,19602.00004,19602.30004,19600.0,19602.00004
785,COMP_M,0,0_01,M.USER.APP.0,0,4,1,0,None,0.3,19701.00002,19701.30002,19700.0,19701.00002
786,COMP_M,1,1_01,M.USER.APP.1,1,5,2,0,None,0.3,19701.00002,19701.30002,19700.0,19701.00002
788,COMP_M,3,3_01,M.USER.APP.3,3,7,4,0,None,0.3,19701.00002,19701.30002,19700.0,19701.00002
787,COMP_M,2,2_01,M.USER.APP.2,2,6,3,0,None,0.3,19702.00004,19702.30004,19700.0,19702.00004
789,COMP_M,0,0_01,M.USER.APP.0,0,4,1,0,None,0.3,19801.00002,19801.30002,19800.0,19801.00002
790,COMP_M,1,1_01,M.USER.APP.1,1,5,2,0,None,0.3,19801.00002,19801.30002,19800.0,19801.00002
792,COMP_M,3,3_01,M.USER.APP.3,3,7,4,0,None,0.3,19801.00002,19801.30002,19800.0,19801.00002
791,COMP_M,2,2_01,M.USER.APP.2,2,6,3,0,None,0.3,19802.00004,19802.30004,19800.0,19802.00004
793,COMP_M,0,0_01,M.USER.APP.0,0,4,1,0,None,0.3,19901.00002,19901.30002,19900.0,19901.00002
794,COMP_M,1,1_01,M.USER.APP.1,1,5,2,0,None,0.3,19901.00002,19901.30002,19900.0,19901.00002
796,COMP_M,3,3_01,M.USER.APP.3,3,7,4,0,None,0.3,19901.00002,19901.30002,19900.0,19901.00002
795,COMP_M,2,2_01,M.USER.APP.2,2,6,3,0,None,0.3,19902.00004,19902.30004,19900.0,19902.00004
