,CodeRoute,Latitude,Longitude,Altitude,Date,Speed,TimeDifference,Distance,FileName
15535,623874,38.98446,1.536489,0.0,2009-11-19 16:30:28,0.0,0,0.0,
15536,623874,38.987417,1.53924,0.0,2009-11-19 16:31:48,5.068653623743839,80,405.4922898995071,
15537,623874,38.98782,1.539926,0.0,2009-11-19 16:32:20,2.320934560987387,32,74.26990595159639,
15538,623874,38.987806,1.539884,0.0,2009-11-19 16:33:10,0.07894199158523328,50,3.947099579261664,
15539,623874,38.987807,1.539862,0.0,2009-11-19 16:33:39,0.06563502679440071,29,1.9034157770376208,
15540,623874,38.987825,1.539775,0.0,2009-11-19 16:34:31,0.1495375184611614,52,7.775950959980392,
15541,623874,38.98772,1.539862,0.0,2009-11-19 16:35:13,0.33042766778243793,42,13.877962046862393,
15542,623874,38.987709,1.539934,0.0,2009-11-19 16:35:45,0.19805414679206182,32,6.337732697345978,
15543,623874,38.987773,1.539879,0.0,2009-11-19 16:36:40,0.1554971115352221,55,8.552341134437215,
15544,623874,38.987802,1.539865,0.0,2009-11-19 16:37:13,0.10429939936339888,33,3.441880178992163,
15545,623874,38.987843,1.539836,0.0,2009-11-19 16:37:48,0.14854468867071308,35,5.199064103474957,
15546,623874,38.987875,1.539743,0.0,2009-11-19 16:38:52,0.13725607359881367,64,8.784388710324075,
15547,623874,38.987726,1.539828,0.0,2009-11-19 16:39:20,0.646841775880643,28,18.111569724658004,
15548,623874,38.988916,1.541728,0.0,2009-11-19 16:40:10,4.2149875028224475,50,210.74937514112236,
15549,623874,38.991743,1.546993,0.0,2009-11-19 16:41:49,5.582594304276277,99,552.6768361233514,
15550,623874,38.998379,1.559562,0.0,2009-11-19 16:45:34,5.832096286368172,225,1312.2216644328387,
15551,623874,38.995488,1.567559,0.0,2009-11-19 16:47:25,6.8621166647866785,111,761.6949497913213,
15552,623874,38.995878,1.570425,0.0,2009-11-19 16:48:02,6.791278477348629,37,251.27730366189928,
15553,623874,38.991691,1.575732,0.0,2009-11-19 16:49:34,7.098989662742864,92,653.1070489723435,
15554,623874,38.993362,1.576778,0.0,2009-11-19 16:50:12,5.433969033363593,38,206.49082326781652,
15555,623874,38.99935,1.578448,0.0,2009-11-19 16:52:11,5.721311211006869,119,680.8360341098174,
15556,623874,39.000474,1.576752,0.0,2009-11-19 16:52:49,5.065371612983379,38,192.4841212933684,
15557,623874,39.001797,1.575742,0.0,2009-11-19 16:53:29,4.2734210326013615,40,170.93684130405447,
15558,623874,39.004557,1.579898,0.0,2009-11-19 16:54:38,6.8415971317403,69,472.07020209008067,
15559,623874,39.008108,1.577882,0.0,2009-11-19 16:55:44,6.534519941800242,66,431.278316158816,
15560,623874,39.013082,1.577044,0.0,2009-11-19 16:57:22,5.688025679097833,98,557.4265165515876,
15561,623874,39.015009,1.569151,0.0,2009-11-19 16:59:39,5.213989074352367,137,714.3165031862742,
15562,623874,39.012002,1.56535,0.0,2009-11-19 17:01:01,5.711610220521095,82,468.3520380827298,
15563,623874,39.015799,1.561584,0.0,2009-11-19 17:02:30,5.985068546613259,89,532.67110064858,
15564,623874,39.019568,1.559879,0.0,2009-11-19 17:03:40,6.341792945989958,70,443.92550621929706,
15565,623874,39.022849,1.55723,0.0,2009-11-19 17:04:51,6.061552921192422,71,430.3702574046619,
15566,623874,39.025752,1.557058,0.0,2009-11-19 17:05:54,5.125760187472552,63,322.92289181077075,
15567,623874,39.030657,1.559759,0.0,2009-11-19 17:07:25,6.514457513087274,91,592.8156336909419,
15568,623874,39.03458,1.565438,0.0,2009-11-19 17:09:12,6.130617048905633,107,655.9760242329028,
15569,623874,39.037775,1.565811,0.0,2009-11-19 17:10:15,5.658493120035562,63,356.4850665622404,
15570,623874,39.039537,1.566133,0.0,2009-11-19 17:10:56,4.823316355135042,41,197.75597056053672,
15571,623874,39.044597,1.568071,0.0,2009-11-19 17:11:50,10.863255034827366,54,586.6157718806778,
15572,623874,39.046293,1.569043,0.0,2009-11-19 17:12:25,5.893852737303079,35,206.28484580560777,
15573,623874,39.047823,1.56806,0.0,2009-11-19 17:13:02,5.135200687530388,37,190.00242543862436,
15574,623874,39.048512,1.561265,0.0,2009-11-19 17:14:58,5.097987938947662,116,591.3666009179287,
15575,623874,39.047817,1.557881,0.0,2009-11-19 17:15:58,5.034528047411771,60,302.0716828447063,
15576,623874,39.041885,1.551028,0.0,2009-11-19 17:17:38,8.856130386118052,100,885.6130386118052,
15577,623874,39.03578,1.53932,0.0,2009-11-19 17:20:08,8.114242400621283,150,1217.1363600931925,
15578,623874,39.031376,1.523972,0.0,2009-11-19 17:23:09,7.802798213411242,181,1412.3064766274347,
15579,623874,39.034671,1.514126,0.0,2009-11-19 17:25:14,7.4029267203337445,125,925.3658400417181,
15580,623874,39.036954,1.507894,0.0,2009-11-19 17:26:44,6.607937230636259,90,594.7143507572633,
15581,623874,39.033944,1.494976,0.0,2009-11-19 17:29:02,8.435525602452952,138,1164.1025331385074,
15582,623874,39.033591,1.490629,0.0,2009-11-19 17:30:08,5.71603049147132,66,377.2580124371071,
15583,623874,39.043227,1.491885,0.0,2009-11-19 17:32:50,6.643365000794368,162,1076.2251301286876,
15584,623874,39.052567,1.490652,0.0,2009-11-19 17:35:24,6.774677694774801,154,1043.3003649953193,
15585,623874,39.056425,1.489083,0.0,2009-11-19 17:36:39,5.994273657048046,75,449.57052427860344,
15586,623874,39.057111,1.48539,0.0,2009-11-19 17:37:35,5.850849459167092,56,327.64756971335714,
15587,623874,39.056857,1.48203,0.0,2009-11-19 17:38:42,4.347686536187191,67,291.2949979245418,
15588,623874,39.058024,1.473486,0.0,2009-11-19 17:41:01,5.385196316408908,139,748.5422879808382,
15589,623874,39.061269,1.471585,0.0,2009-11-19 17:41:54,7.474273485183867,53,396.1364947147449,
15590,623874,39.058965,1.464947,0.0,2009-11-19 17:43:26,6.819264950736619,92,627.372375467769,
15591,623874,39.056466,1.456267,0.0,2009-11-19 17:45:40,5.96116587873889,134,798.7962277510112,
15592,623874,39.056181,1.452092,0.0,2009-11-19 17:46:50,5.1663011964959225,70,361.64108375471454,
15593,623874,39.056157,1.449102,0.0,2009-11-19 17:47:23,7.818622332782332,33,258.01453698181695,
15594,623874,39.053706,1.442807,0.0,2009-11-19 17:48:12,12.401123883603427,49,607.6550702965679,
15595,623874,39.053914,1.437709,0.0,2009-11-19 17:48:56,10.011734879115737,44,440.5163346810925,
15596,623874,39.054022,1.437211,0.0,2009-11-19 17:49:25,1.5385157163098175,29,44.61695577298471,
15597,623874,39.050773,1.436155,0.0,2009-11-19 17:50:45,4.6543993380815945,80,372.3519470465275,
15598,623874,39.032365,1.431252,0.0,2009-11-19 17:55:45,6.962731096433798,300,2088.8193289301394,
15599,623874,39.004557,1.429094,0.0,2009-11-19 18:00:54,10.018248136139878,309,3095.6386740672224,
15600,623874,38.997323,1.430492,0.0,2009-11-19 18:02:32,8.29446882940428,98,812.8579452816195,
15601,623874,38.988131,1.435757,0.0,2009-11-19 18:04:19,10.449249710091472,107,1118.0697189797875,
15602,623874,38.979119,1.441189,0.0,2009-11-19 18:06:02,10.736839461894732,103,1105.8944645751574,
15603,623874,38.976237,1.443559,0.0,2009-11-19 18:06:39,10.272919162448249,37,380.0980090105852,
15604,623874,38.977032,1.449455,0.0,2009-11-19 18:07:43,8.076989562807295,64,516.9273320196669,
15605,623874,38.976413,1.458037,0.0,2009-11-19 18:08:52,10.790465981905962,69,744.5421527515114,
15606,623874,38.976427,1.462349,0.0,2009-11-19 18:09:26,10.95577441741135,34,372.4963301919859,
15607,623874,38.974747,1.464483,0.0,2009-11-19 18:10:01,7.496127122112044,35,262.36444927392154,
15608,623874,38.978454,1.47563,0.0,2009-11-19 18:12:04,8.514770478380866,123,1047.3167688408464,
15609,623874,38.984787,1.500406,0.0,2009-11-19 18:16:17,8.904204174508425,253,2252.7636561506315,
15610,623874,38.983846,1.505789,0.0,2009-11-19 18:17:12,8.66500786384631,55,476.575432511547,
15611,623874,38.983886,1.505736,0.0,2009-11-19 18:17:41,0.22002521625638352,29,6.380731271435122,
15612,623874,38.984242,1.503646,0.0,2009-11-19 18:18:21,4.620216200485523,40,184.80864801942093,
15613,623874,38.984247,1.503599,0.0,2009-11-19 18:18:54,0.12416666948408704,33,4.097500092974872,
15614,623874,38.984222,1.50357,0.0,2009-11-19 18:19:19,0.1496223853737959,25,3.7405596343448977,
15615,623874,38.984203,1.503553,0.0,2009-11-19 18:19:42,0.11181324848823046,23,2.5717047152293007,
15616,623874,38.984228,1.503583,0.0,2009-11-19 18:20:04,0.17267924156174475,22,3.7989433143583846,
15617,623874,38.984226,1.503549,0.0,2009-11-19 18:20:25,0.14024624138239142,21,2.9451710690302195,
15618,623874,38.984213,1.503583,0.0,2009-11-19 18:20:48,0.142296840688012,23,3.272827335824276,
15619,623874,38.984204,1.50357,0.0,2009-11-19 18:21:12,0.06265300346694125,24,1.50367208320659,
15620,623874,38.984212,1.503584,0.0,2009-11-19 18:21:35,0.06525448227613405,23,1.500853092351083,
15621,623874,38.98419,1.503615,0.0,2009-11-19 18:21:58,0.15764131745586968,23,3.6257503014850028,
15622,623874,38.984216,1.50369,0.0,2009-11-19 18:22:18,0.3546611693315932,20,7.093223386631864,
15623,623874,38.984038,1.504593,0.0,2009-11-19 18:22:42,3.352763338939979,24,80.4663201345595,
15624,623874,38.984022,1.504778,0.0,2009-11-19 18:23:04,0.730825249897356,22,16.078155497741832,
15625,623874,38.984007,1.504795,0.0,2009-11-19 18:23:30,0.08543654072447009,26,2.2213500588362223,
15626,623874,38.984031,1.504917,0.0,2009-11-19 18:23:53,0.47261260931342625,23,10.870090014208804,
15627,623874,38.984691,1.521682,0.0,2009-11-19 18:26:42,8.579498293000036,169,1449.935211517006,
15628,623874,38.983704,1.525213,0.0,2009-11-19 18:27:17,9.260430448283774,35,324.11506568993207,
15629,623874,38.983132,1.526551,0.0,2009-11-19 18:27:45,4.710625462998351,28,131.89751296395383,
15630,623874,38.98402,1.532338,0.0,2009-11-19 18:29:07,6.213463910258245,82,509.50404064117606,
15631,623874,38.984349,1.533811,0.0,2009-11-19 18:29:34,4.902939967316704,27,132.379379117551,
15632,623874,38.983585,1.534418,0.0,2009-11-19 18:29:56,4.535497485725117,22,99.78094468595259,
15633,623874,38.983785,1.534615,0.0,2009-11-19 18:30:20,1.1662607433178034,24,27.99025783962728,
15634,623874,38.983734,1.534519,0.0,2009-11-19 18:30:43,0.43668193069035727,23,10.043684405878217,
15635,623874,38.983761,1.534589,0.0,2009-11-19 18:31:07,0.28124123110258825,24,6.749789546462118,
15636,623874,38.983754,1.534561,0.0,2009-11-19 18:31:28,0.12097816786260909,21,2.540541525114791,
15637,623874,38.984277,1.534273,0.0,2009-11-19 18:31:51,2.7485229556784305,23,63.216027980603904,
15638,623874,38.98427,1.535293,0.0,2009-11-19 18:32:30,2.259143623241806,39,88.10660130643043,
18392,607351,38.913651,1.430165,0.0,2015-07-08 11:58:49,0.0,0,0.0,
18393,607351,38.912057,1.434048,0.0,2015-07-08 12:00:09,4.744959793770973,80,379.59678350167786,
18394,607351,38.916506,1.437106,0.0,2015-07-08 12:01:29,7.007878360606019,80,560.6302688484815,
18395,607351,38.916757,1.439853,0.0,2015-07-08 12:02:49,2.9891517753451797,80,239.13214202761438,
18396,607351,38.918055,1.441467,0.0,2015-07-08 12:04:09,2.5085777326709335,80,200.6862186136747,
18397,607351,38.922182,1.444563,0.0,2015-07-08 12:05:29,6.6373138646762,80,530.985109174096,
18398,607351,38.923948,1.448715,0.0,2015-07-08 12:06:49,5.113480399834226,80,409.0784319867381,
18399,607351,38.924428,1.450624,0.0,2015-07-08 12:08:09,2.1679461027206077,80,173.43568821764862,
18400,607351,38.924461,1.45365,0.0,2015-07-08 12:09:29,3.270238799776261,80,261.6191039821009,
18401,607351,38.928651,1.452523,0.0,2015-07-08 12:10:49,5.945950061909038,80,475.676004952723,
18402,607351,38.931756,1.449594,0.0,2015-07-08 12:12:09,5.34943185692068,80,427.95454855365443,
18403,607351,38.931608,1.449074,0.0,2015-07-08 12:13:29,0.5982855198690049,80,47.86284158952039,
18404,607351,38.935778,1.447567,0.0,2015-07-08 12:14:49,6.016631540751935,80,481.3305232601548,
18405,607351,38.940368,1.448414,0.0,2015-07-08 12:16:09,6.440844603050245,80,515.2675682440196,
18406,607351,38.941678,1.444734,0.0,2015-07-08 12:17:29,4.372282638234596,80,349.7826110587677,
18407,607351,38.939542,1.442642,0.0,2015-07-08 12:18:49,3.7297179834524394,80,298.37743867619514,
18408,607351,38.936304,1.443468,0.0,2015-07-08 12:20:09,4.585267685045148,80,366.8214148036118,
18409,607351,38.93484,1.443745,0.0,2015-07-08 12:21:29,2.0554019418167098,80,164.43215534533678,
18410,607351,38.934353,1.443712,0.0,2015-07-08 12:22:49,0.6773820310805516,80,54.19056248644413,
18411,607351,38.933308,1.443511,0.0,2015-07-08 12:24:09,1.467661995356488,80,117.41295962851903,
18412,607351,38.932148,1.443136,0.0,2015-07-08 12:25:29,1.6614055065443367,80,132.91244052354693,
18413,607351,38.930938,1.442622,0.0,2015-07-08 12:26:49,1.7700755333146279,80,141.60604266517024,
18414,607351,38.929887,1.44232,0.0,2015-07-08 12:28:09,1.4958655098664115,80,119.66924078931292,
18415,607351,38.928971,1.441844,0.0,2015-07-08 12:29:29,1.3723520847867994,80,109.78816678294395,
18416,607351,38.928264,1.441447,0.0,2015-07-08 12:30:49,1.071630238273563,80,85.73041906188504,
18417,607351,38.927358,1.441103,0.0,2015-07-08 12:32:09,1.312184140515836,80,104.9747312412669,
18418,607351,38.926291,1.440857,0.0,2015-07-08 12:33:29,1.505713236967163,80,120.45705895737305,
18419,607351,38.925661,1.440558,0.0,2015-07-08 12:34:49,0.9328121981893067,80,74.62497585514454,
18420,607351,38.924403,1.439724,0.0,2015-07-08 12:36:09,1.9660835180939233,80,157.28668144751387,
18421,607351,38.923505,1.438812,0.0,2015-07-08 12:37:29,1.589677900259399,80,127.17423202075192,
18422,607351,38.922677,1.437238,0.0,2015-07-08 12:38:49,2.0532500204065824,80,164.2600016325266,
18423,607351,38.921663,1.435682,0.0,2015-07-08 12:40:09,2.193429456989233,80,175.47435655913864,
18424,607351,38.923184,1.433061,0.0,2015-07-08 12:41:29,3.5334716019491763,80,282.6777281559341,
18425,607351,38.923476,1.431034,0.0,2015-07-08 12:42:49,2.2276550803264508,80,178.21240642611608,
18426,607351,38.92376,1.429499,0.0,2015-07-08 12:44:09,1.70500967125516,80,136.4007737004128,
18427,607351,38.921728,1.426302,0.0,2015-07-08 12:45:29,4.461176293653435,80,356.8941034922748,
18428,607351,38.920488,1.424296,0.0,2015-07-08 12:46:49,2.7687480056859566,80,221.49984045487653,
18429,607351,38.919666,1.423234,0.0,2015-07-08 12:48:09,1.6188842964462775,80,129.5107437157022,
18430,607351,38.919169,1.421598,0.0,2015-07-08 12:49:29,1.8979996035900446,80,151.83996828720356,
18431,607351,38.917504,1.416448,0.0,2015-07-08 12:50:49,6.027041419482436,80,482.1633135585949,
18432,607351,38.91664,1.415391,0.0,2015-07-08 12:52:09,1.656847352150331,80,132.5477881720265,
18433,607351,38.916281,1.416721,0.0,2015-07-08 12:53:29,1.5214121548648214,80,121.71297238918571,
18434,607351,38.916189,1.416925,0.0,2015-07-08 12:54:49,0.2548266250500412,80,20.3861300040033,
18435,607351,38.914929,1.419709,0.0,2015-07-08 12:56:09,3.4807982178424917,80,278.4638574273993,
18436,607351,38.913125,1.423808,0.0,2015-07-08 12:57:29,5.089670713232166,80,407.17365705857327,
18437,607351,38.912779,1.424119,0.0,2015-07-08 12:58:49,0.5864725582690595,80,46.91780466152476,
18438,607351,38.913514,1.426941,0.0,2015-07-08 13:00:09,3.2162752945675406,80,257.30202356540326,
18439,607351,38.913927,1.428657,0.0,2015-07-08 13:01:29,1.941291752670935,80,155.3033402136748,
18440,607351,38.913651,1.430127,0.0,2015-07-08 13:02:49,1.6343334483996919,80,130.74667587197536,
21594,613049,38.913618,1.430079,0.0,2015-07-08 12:04:30,0.0,0,0.0,
21595,613049,38.912082,1.434048,0.0,2015-07-08 12:05:50,4.790947766888116,80,383.2758213510493,
21596,613049,38.916498,1.437042,0.0,2015-07-08 12:07:10,6.934952002176061,80,554.7961601740849,
21597,613049,38.917099,1.43863,0.0,2015-07-08 12:08:30,1.9084429818514852,80,152.67543854811882,
21598,613049,38.918076,1.441709,0.0,2015-07-08 12:09:50,3.593574394036616,80,287.48595152292927,
21599,613049,38.921552,1.443999,0.0,2015-07-08 12:11:10,5.425427952756136,80,434.0342362204909,
21600,613049,38.923877,1.448323,0.0,2015-07-08 12:12:30,5.67998496346868,80,454.3987970774944,
21601,613049,38.924436,1.450431,0.0,2015-07-08 12:13:50,2.4066158293576874,80,192.52926634861498,
21602,613049,38.924657,1.45416,0.0,2015-07-08 12:15:10,4.041248702203403,80,323.2998961762723,
21603,613049,38.921999,1.455222,0.0,2015-07-08 12:16:30,3.866221906355863,80,309.29775250846905,
21604,613049,38.920843,1.458076,0.0,2015-07-08 12:17:50,3.4771503748793675,80,278.1720299903494,
21605,613049,38.919966,1.460195,0.0,2015-07-08 12:19:10,2.593795706955155,80,207.50365655641238,
21606,613049,38.918042,1.463488,0.0,2015-07-08 12:20:30,4.450471713047912,80,356.0377370438329,
21607,613049,38.918101,1.466117,0.0,2015-07-08 12:21:50,2.8423527849789827,80,227.38822279831862,
21608,613049,38.917625,1.468794,0.0,2015-07-08 12:23:10,2.967652114393187,80,237.41216915145498,
21609,613049,38.916473,1.469861,0.0,2015-07-08 12:24:30,1.9723428418278413,80,157.7874273462273,
21610,613049,38.914352,1.470387,0.0,2015-07-08 12:25:50,3.000415390443587,80,240.03323123548697,
21611,613049,38.913543,1.471739,0.0,2015-07-08 12:27:10,1.8433193891733108,80,147.46555113386486,
45617,6371906,38.880684,1.230134,0.0,2014-03-18 11:00:37,0.0,0,0.0,
45618,6371906,38.880816,1.230908,0.0,2014-03-18 11:03:23,0.4128929029391728,166,68.54022188790269,
45619,6371906,38.88231,1.231379,0.0,2014-03-18 11:04:23,2.8489898717708244,60,170.93939230624946,
45620,6371906,38.884589,1.236376,0.0,2014-03-18 11:06:27,4.03992229214137,124,500.9503642255299,
45621,6371906,38.886234,1.239093,0.0,2014-03-18 11:07:54,3.4221518523333705,87,297.7272111530032,
45622,6371906,38.888772,1.239131,0.0,2014-03-18 11:08:38,6.410038885906115,44,282.04171097986904,
45623,6371906,38.892286,1.238576,0.0,2014-03-18 11:10:50,2.980416310135797,132,393.4149529379252,
45624,6371906,38.894086,1.235324,0.0,2014-03-18 11:11:38,7.190023298390108,48,345.1211183227252,
45625,6371906,38.898369,1.234392,0.0,2014-03-18 11:12:31,9.107615435758785,53,482.70361809521563,
45626,6371906,38.902405,1.237482,0.0,2014-03-18 11:15:11,3.262807226436562,160,522.0491562298499,
45627,6371906,38.904688,1.245449,0.0,2014-03-18 11:20:29,2.308652726573718,318,734.1515670504423,
45628,6371906,38.907577,1.248227,0.0,2014-03-18 11:22:41,3.0374816043097383,132,400.94757176888544,
45629,6371906,38.911715,1.253686,0.0,2014-03-18 11:25:34,3.80898355695247,173,658.9541553527773,
45630,6371906,38.917613,1.254873,0.0,2014-03-18 11:28:15,4.120322256292449,161,663.3718832630843,
45631,6371906,38.916865,1.249357,0.0,2014-03-18 11:29:14,8.204922229424811,59,484.0904115360639,
45632,6371906,38.915736,1.244899,0.0,2014-03-18 11:30:02,8.444546716177145,48,405.338242376503,
45633,6371906,38.912934,1.241986,0.0,2014-03-18 11:30:40,10.538816480431313,38,400.4750262563899,
45634,6371906,38.915099,1.23207,0.0,2014-03-18 11:32:17,9.17990940201631,97,890.4512119955822,
45635,6371906,38.915895,1.229383,0.0,2014-03-18 11:35:00,1.5250564698963212,163,248.58420459310034,
45636,6371906,38.915798,1.229491,0.0,2014-03-18 11:39:31,0.052622773101578216,271,14.260771510527697,
45637,6371906,38.91614,1.2254,0.0,2014-03-18 11:40:23,6.841122101113916,52,355.73834925792363,
45638,6371906,38.917834,1.223056,0.0,2014-03-18 11:40:54,8.92226103251598,31,276.5900920079954,
45639,6371906,38.916257,1.221147,0.0,2014-03-18 11:41:20,9.25869585383358,26,240.72609219967305,
45640,6371906,38.914105,1.225096,0.0,2014-03-18 11:42:19,7.065201238108901,59,416.84687304842515,
45641,6371906,38.912979,1.224589,0.0,2014-03-18 11:43:00,3.233610613076988,41,132.5780351361565,
45642,6371906,38.911721,1.223639,0.0,2014-03-18 11:44:54,1.4222455545912445,114,162.13599322340187,
45643,6371906,38.912491,1.221994,0.0,2014-03-18 11:46:34,1.6598445432376456,100,165.98445432376457,
45644,6371906,38.910629,1.224503,0.0,2014-03-18 11:48:28,2.6297302362294497,114,299.7892469301573,
45645,6371906,38.906266,1.23004,0.0,2014-03-18 11:53:01,2.495915834214855,273,681.3850227406555,
45646,6371906,38.90256,1.233492,0.0,2014-03-18 11:55:18,3.7125801262453018,137,508.62347729560634,
45647,6371906,38.896372,1.235323,0.0,2014-03-18 11:58:05,4.225199113004275,167,705.608251871714,
45648,6371906,38.893181,1.237792,0.0,2014-03-18 12:00:11,3.285054925963884,126,413.91692067144936,
45649,6371906,38.889996,1.238607,0.0,2014-03-18 12:01:34,4.347815307699453,83,360.8686705390546,
45650,6371906,38.887443,1.237195,0.0,2014-03-18 12:02:54,3.8607633756147317,80,308.8610700491785,
45651,6371906,38.885847,1.239107,0.0,2014-03-18 12:04:14,3.0311548622245716,80,242.49238897796573,
45652,6371906,38.883515,1.233216,0.0,2014-03-18 12:05:33,7.236290810027689,79,571.6669739921874,
45653,6371906,38.881512,1.231938,0.0,2014-03-18 12:07:13,2.4851517327823625,100,248.51517327823623,
110804,6711313,39.075911,1.589969,0.0,2014-04-29 13:05:06,0.0,0,0.0,
110805,6711313,39.076489,1.588973,0.0,2014-04-29 13:05:16,10.727092864625966,10,107.27092864625966,
110806,6711313,39.076728,1.588338,0.0,2014-04-29 13:05:20,15.218845586336094,4,60.87538234534438,
110807,6711313,39.077013,1.587624,0.0,2014-04-29 13:05:24,17.314069143474605,4,69.25627657389842,
110808,6711313,39.077922,1.585334,0.0,2014-04-29 13:05:37,17.066528337336955,13,221.8648683853804,
110809,6711313,39.078141,1.584666,0.0,2014-04-29 13:05:41,15.637577709574181,4,62.550310838296724,
110810,6711313,39.078261,1.583842,0.0,2014-04-29 13:05:45,18.07972484145948,4,72.31889936583792,
110811,6711313,39.078278,1.582935,0.0,2014-04-29 13:05:49,19.565345810312053,4,78.26138324124821,
110812,6711313,39.078238,1.582011,0.0,2014-04-29 13:05:53,19.957224551957506,4,79.82889820783002,
110813,6711313,39.078259,1.581364,0.0,2014-04-29 13:05:57,13.964885165357265,4,55.85954066142906,
110814,6711313,39.078638,1.580944,0.0,2014-04-29 13:06:02,11.110709274611501,5,55.55354637305751,
110815,6711313,39.079111,1.580545,0.0,2014-04-29 13:06:06,15.706496041296635,4,62.82598416518654,
110816,6711313,39.07953,1.580011,0.0,2014-04-29 13:06:10,16.37360258253001,4,65.49441033012005,
110817,6711313,39.079728,1.579284,0.0,2014-04-29 13:06:14,16.61449740544437,4,66.45798962177749,
110818,6711313,39.079592,1.578304,0.0,2014-04-29 13:06:18,21.468563589070254,4,85.87425435628101,
110819,6711313,39.079475,1.577341,0.0,2014-04-29 13:06:22,21.01975705571267,4,84.07902822285068,
110820,6711313,39.07954,1.57656,0.0,2014-04-29 13:06:26,16.938648622159302,4,67.75459448863721,
110821,6711313,39.079909,1.57585,0.0,2014-04-29 13:06:30,18.425643814718875,4,73.7025752588755,
110822,6711313,39.080346,1.575093,0.0,2014-04-29 13:06:34,20.343592594326743,4,81.37437037730697,
110823,6711313,39.080796,1.574301,0.0,2014-04-29 13:06:38,21.165266247072378,4,84.66106498828951,
110824,6711313,39.081308,1.573507,0.0,2014-04-29 13:06:42,22.259116523321044,4,89.03646609328418,
110825,6711313,39.08175,1.572724,0.0,2014-04-29 13:06:46,20.87730826656245,4,83.5092330662498,
110826,6711313,39.082055,1.57215,0.0,2014-04-29 13:06:50,14.99997235479387,4,59.99988941917548,
110827,6711313,39.082064,1.571563,0.0,2014-04-29 13:06:54,12.660567856447202,4,50.642271425788806,
110828,6711313,39.081954,1.570829,0.0,2014-04-29 13:06:58,16.12032082041377,4,64.48128328165508,
110829,6711313,39.081805,1.56999,0.0,2014-04-29 13:07:02,18.559760269051335,4,74.23904107620534,
110830,6711313,39.081673,1.569056,0.0,2014-04-29 13:07:06,20.472028045530504,4,81.88811218212201,
110831,6711313,39.081562,1.568065,0.0,2014-04-29 13:07:10,21.5914531267736,4,86.3658125070944,
110832,6711313,39.081434,1.567148,0.0,2014-04-29 13:07:14,20.09157543889424,4,80.36630175557696,
110833,6711313,39.081309,1.566245,0.0,2014-04-29 13:07:18,19.779746727189192,4,79.11898690875677,
110834,6711313,39.081165,1.565399,0.0,2014-04-29 13:07:22,18.676856576925797,4,74.70742630770319,
110835,6711313,39.080848,1.564673,0.0,2014-04-29 13:07:26,17.962555916802067,4,71.85022366720827,
110836,6711313,39.080417,1.563942,0.0,2014-04-29 13:07:30,19.79522614268778,4,79.18090457075112,
110837,6711313,39.080005,1.563238,0.0,2014-04-29 13:07:34,19.01250392788946,4,76.05001571155783,
110838,6711313,39.079519,1.56259,0.0,2014-04-29 13:07:38,19.430700523128984,4,77.72280209251593,
110839,6711313,39.078947,1.56195,0.0,2014-04-29 13:07:42,21.047124342956348,4,84.18849737182539,
110840,6711313,39.078405,1.561314,0.0,2014-04-29 13:07:46,20.36711952235599,4,81.46847808942395,
110841,6711313,39.077899,1.560648,0.0,2014-04-29 13:07:50,20.09656334191088,4,80.38625336764352,
110842,6711313,39.077429,1.559983,0.0,2014-04-29 13:07:54,19.394332929695622,4,77.57733171878249,
110843,6711313,39.077043,1.55922,0.0,2014-04-29 13:07:58,19.64017400848187,4,78.56069603392748,
110844,6711313,39.076374,1.557907,0.0,2014-04-29 13:08:05,19.35435285214105,7,135.48046996498735,
110845,6711313,39.076015,1.557195,0.0,2014-04-29 13:08:09,18.309417098657093,4,73.23766839462837,
110846,6711313,39.075875,1.556526,0.0,2014-04-29 13:08:13,14.942623664691912,4,59.770494658767646,
110847,6711313,39.075985,1.555926,0.0,2014-04-29 13:08:17,13.295479510717927,4,53.18191804287171,
110848,6711313,39.075815,1.555484,0.0,2014-04-29 13:08:21,10.63790107342394,4,42.55160429369576,
110849,6711313,39.075467,1.555113,0.0,2014-04-29 13:08:25,12.54892756082577,4,50.19571024330308,
110850,6711313,39.075256,1.55457,0.0,2014-04-29 13:08:30,10.476391260828104,5,52.381956304140516,
110851,6711313,39.075542,1.554148,0.0,2014-04-29 13:08:34,12.080983299416642,4,48.32393319766657,
110852,6711313,39.076001,1.553896,0.0,2014-04-29 13:08:38,13.860861375250963,4,55.44344550100385,
110853,6711313,39.076422,1.553591,0.0,2014-04-29 13:08:42,13.418130854708632,4,53.67252341883453,
110854,6711313,39.076429,1.553066,0.0,2014-04-29 13:08:46,11.323701720441553,4,45.29480688176621,
110855,6711313,39.076412,1.552421,0.0,2014-04-29 13:08:50,13.917942845244259,4,55.671771380977034,
110856,6711313,39.076252,1.551989,0.0,2014-04-29 13:08:54,10.322415770217612,4,41.28966308087045,
110857,6711313,39.075817,1.551885,0.0,2014-04-29 13:08:58,12.290676454535364,4,49.162705818141454,
110858,6711313,39.075369,1.551707,0.0,2014-04-29 13:09:02,13.024020050093457,4,52.09608020037383,
110859,6711313,39.074929,1.551398,0.0,2014-04-29 13:09:07,11.137398271912158,5,55.68699135956079,
110860,6711313,39.075065,1.55094,0.0,2014-04-29 13:09:14,6.042982304094714,7,42.300876128663,
110861,6711313,39.075531,1.550921,0.0,2014-04-29 13:09:18,12.951963231039295,4,51.80785292415718,
110862,6711313,39.07586,1.550511,0.0,2014-04-29 13:09:22,12.716694083674437,4,50.86677633469775,
110863,6711313,39.075891,1.54992,0.0,2014-04-29 13:09:26,12.774530985235057,4,51.098123940940226,
110864,6711313,39.075649,1.549299,0.0,2014-04-29 13:09:30,14.98513951371618,4,59.94055805486472,
110865,6711313,39.075395,1.548667,0.0,2014-04-29 13:09:34,15.347946018168615,4,61.39178407267446,
110866,6711313,39.075046,1.548119,0.0,2014-04-29 13:09:38,15.286233886301842,4,61.14493554520737,
110867,6711313,39.074841,1.547559,0.0,2014-04-29 13:09:43,10.681973462120611,5,53.409867310603055,
110868,6711313,39.074974,1.547071,0.0,2014-04-29 13:09:47,11.154026823629176,4,44.6161072945167,
110869,6711313,39.075238,1.546355,0.0,2014-04-29 13:09:54,9.768284261674522,7,68.37798983172165,
110870,6711313,39.075616,1.546009,0.0,2014-04-29 13:09:58,12.882032389724982,4,51.52812955889993,
110871,6711313,39.075621,1.545534,0.0,2014-04-29 13:10:02,10.244802085044723,4,40.97920834017889,
110872,6711313,39.075292,1.545139,0.0,2014-04-29 13:10:06,12.493979072334811,4,49.975916289339246,
110873,6711313,39.074901,1.545123,0.0,2014-04-29 13:10:10,10.867459493187189,4,43.469837972748756,
110874,6711313,39.074445,1.544702,0.0,2014-04-29 13:10:17,8.905975364000295,7,62.34182754800206,
110875,6711313,39.073995,1.544557,0.0,2014-04-29 13:10:21,12.886195650964261,4,51.544782603857044,
110876,6711313,39.073583,1.544425,0.0,2014-04-29 13:10:25,11.794088321802747,4,47.176353287210986,
110877,6711313,39.073446,1.543782,0.0,2014-04-29 13:10:31,9.58676832394111,6,57.520609943646654,
110878,6711313,39.073659,1.543005,0.0,2014-04-29 13:10:35,17.771282314691728,4,71.08512925876691,
110879,6711313,39.073978,1.542392,0.0,2014-04-29 13:10:39,15.915641290489994,4,63.662565161959975,
110880,6711313,39.073918,1.541835,0.0,2014-04-29 13:10:43,12.127651022365306,4,48.510604089461225,
110881,6711313,39.073609,1.541447,0.0,2014-04-29 13:10:47,11.987760357982733,4,47.95104143193093,
110882,6711313,39.07354,1.540782,0.0,2014-04-29 13:10:53,9.646236250691668,6,57.87741750415001,
110883,6711313,39.073351,1.540296,0.0,2014-04-29 13:10:57,11.722932901725232,4,46.891731606900926,
110884,6711313,39.073008,1.539804,0.0,2014-04-29 13:11:01,14.26126774662817,4,57.04507098651268,
110885,6711313,39.072634,1.539342,0.0,2014-04-29 13:11:05,14.395348589972414,4,57.58139435988966,
110886,6711313,39.072437,1.5388,0.0,2014-04-29 13:11:09,12.906975106015267,4,51.62790042406107,
110887,6711313,39.072729,1.538262,0.0,2014-04-29 13:11:16,8.089906045565114,7,56.62934231895579,
110888,6711313,39.073196,1.53851,0.0,2014-04-29 13:11:21,11.226042283914957,5,56.130211419574785,
110889,6711313,39.073626,1.538438,0.0,2014-04-29 13:11:25,12.045902256409367,4,48.183609025637466,
110890,6711313,39.073545,1.53779,0.0,2014-04-29 13:11:32,8.088678700839974,7,56.620750905879824,
110891,6711313,39.073302,1.537336,0.0,2014-04-29 13:11:36,11.892823988097696,4,47.571295952390784,
110892,6711313,39.073194,1.536583,0.0,2014-04-29 13:11:41,13.211671667582294,5,66.05835833791147,
110893,6711313,39.073397,1.536052,0.0,2014-04-29 13:11:48,7.294361138262332,7,51.06052796783632,
110894,6711313,39.073943,1.536321,0.0,2014-04-29 13:11:53,12.991586220268697,5,64.95793110134349,
110895,6711313,39.074412,1.536365,0.0,2014-04-29 13:11:57,13.063330436141271,4,52.253321744565085,
110896,6711313,39.07478,1.535974,0.0,2014-04-29 13:12:01,13.252025166260065,4,53.00810066504026,
110897,6711313,39.074833,1.535437,0.0,2014-04-29 13:12:05,11.674299606263487,4,46.69719842505395,
110898,6711313,39.074536,1.534937,0.0,2014-04-29 13:12:09,13.577565758047212,4,54.31026303218885,
110899,6711313,39.07431,1.53437,0.0,2014-04-29 13:12:13,13.745717029145032,4,54.98286811658013,
110900,6711313,39.07423,1.533796,0.0,2014-04-29 13:12:18,10.061639924935296,5,50.30819962467648,
110901,6711313,39.074709,1.533564,0.0,2014-04-29 13:12:23,11.3729493760158,5,56.864746880079004,
110902,6711313,39.0748,1.533032,0.0,2014-04-29 13:12:28,9.398768021159215,5,46.993840105796075,
110903,6711313,39.074656,1.532405,0.0,2014-04-29 13:12:32,14.101390932784867,4,56.405563731139466,
110904,6711313,39.074173,1.531091,0.0,2014-04-29 13:12:40,15.67718836869412,8,125.41750694955296,
110905,6711313,39.073767,1.530624,0.0,2014-04-29 13:12:44,15.121034554038069,4,60.484138216152274,
110906,6711313,39.073582,1.530006,0.0,2014-04-29 13:12:50,9.52314058209411,6,57.13884349256466,
110907,6711313,39.07391,1.529617,0.0,2014-04-29 13:12:54,12.385775103610781,4,49.543100414443124,
110908,6711313,39.074372,1.52925,0.0,2014-04-29 13:12:58,15.078659294580879,4,60.314637178323515,
110909,6711313,39.074483,1.528635,0.0,2014-04-29 13:13:03,10.893640100215164,5,54.46820050107582,
110910,6711313,39.074403,1.527966,0.0,2014-04-29 13:13:07,14.598077669571985,4,58.39231067828794,
110911,6711313,39.074281,1.527232,0.0,2014-04-29 13:13:11,16.188506102595298,4,64.75402441038119,
110912,6197472,38.921045,1.296396,0.0,2014-02-23 08:10:16,0.0,0,0.0,
110913,6197472,38.921605,1.301678,0.0,2014-02-23 08:12:00,4.431347986030607,104,460.8601905471831,
110914,6197472,38.920919,1.308774,0.0,2014-02-23 08:13:14,8.353886302572707,74,618.1875863903804,
110915,6197472,38.920087,1.309499,0.0,2014-02-23 08:14:00,2.428175270944315,46,111.6960624634385,
110916,6197472,38.924352,1.312188,0.0,2014-02-23 08:15:38,5.386407312815733,98,527.8679166559418,
110917,6197472,38.927631,1.317101,0.0,2014-02-23 08:17:19,5.540420730302151,101,559.5824937605173,
110918,6197472,38.92859,1.319505,0.0,2014-02-23 08:18:08,4.766126324443881,49,233.5401898977502,
110919,6197472,38.929996,1.319509,0.0,2014-02-23 08:18:41,4.734397048892269,33,156.2351026134449,
110920,6197472,38.932694,1.320842,0.0,2014-02-23 08:19:20,8.23541441955332,39,321.1811623625795,
110921,6197472,38.936891,1.324084,0.0,2014-02-23 08:20:27,8.120599746004594,67,544.0801829823077,
110922,6197472,38.938235,1.328103,0.0,2014-02-23 08:21:09,9.002692293160706,42,378.1130763127497,
110923,6197472,38.94155,1.331196,0.0,2014-02-23 08:22:08,7.714223722664163,59,455.1391996371856,
110924,6197472,38.94379,1.335079,0.0,2014-02-23 08:23:03,7.596761811080404,55,417.8218996094222,
110925,6197472,38.946394,1.338549,0.0,2014-02-23 08:23:56,7.862684870436386,53,416.72229813312845,
110926,6197472,38.952284,1.340961,0.0,2014-02-23 08:25:27,7.548179057679141,91,686.8842942488018,
110927,6197472,38.957853,1.342758,0.0,2014-02-23 08:27:08,6.316936542407113,101,638.0105907831185,
110928,6197472,38.96262,1.346517,0.0,2014-02-23 08:28:28,7.766888806078048,80,621.3511044862438,
110929,6197472,38.96428,1.348003,0.0,2014-02-23 08:28:56,8.026526985122443,28,224.74275558342842,
110930,6197472,38.96721,1.349268,0.0,2014-02-23 08:29:42,7.46599146971114,46,343.43560760671244,
110931,6197472,38.971094,1.350698,0.0,2014-02-23 08:30:53,6.322864036665184,71,448.923346603228,
110932,6197472,38.973065,1.342197,0.0,2014-02-23 08:32:16,9.233237189209923,83,766.3586867044237,
110933,6197472,38.975648,1.343205,0.0,2014-02-23 08:32:57,7.315635193832562,41,299.94104294713503,
110934,6197472,38.979918,1.345476,0.0,2014-02-23 08:34:28,5.642155447624086,91,513.4361457337918,
110935,6197472,38.981687,1.360093,0.0,2014-02-23 08:37:49,6.357260034013969,201,1277.8092668368076,
110936,6197472,38.983188,1.368729,0.0,2014-02-23 08:40:17,5.164668798347236,148,764.370982155391,
110937,6197472,38.987002,1.368382,0.0,2014-02-23 08:42:21,3.426371876572817,124,424.8701126950293,
110938,6197472,38.988719,1.368358,0.0,2014-02-23 08:43:02,4.6537634189942585,41,190.8043001787646,
110939,6197472,38.98966,1.365902,0.0,2014-02-23 08:43:38,6.569285846332738,36,236.49429046797857,
110940,6197472,38.9969,1.358583,0.0,2014-02-23 08:45:58,7.3079062344640215,140,1023.106872824963,
110941,6197472,38.999167,1.354738,0.0,2014-02-23 08:46:56,7.185989121922299,58,416.78736907149334,
110942,6197472,39.003253,1.351836,0.0,2014-02-23 08:48:17,6.402479075057616,81,518.6008050796669,
110943,6197472,39.008627,1.347881,0.0,2014-02-23 08:50:12,5.981823214623878,115,687.909669681746,
110944,6197472,39.012903,1.342554,0.0,2014-02-23 08:54:04,2.8504017019238845,232,661.2931948463412,
110945,6197472,39.015624,1.341901,0.0,2014-02-23 08:55:40,3.2038419614441853,96,307.5688282986418,
110946,6197472,39.019591,1.340363,0.0,2014-02-23 08:57:20,4.60376496954812,100,460.376496954812,
110947,6197472,39.022024,1.336458,0.0,2014-02-23 08:59:26,3.429633714380338,126,432.13384801192257,
110948,6197472,39.023361,1.334365,0.0,2014-02-23 09:01:09,2.2710796285269303,103,233.92120173827382,
110949,6197472,39.02458,1.336817,0.0,2014-02-23 09:02:37,2.855719631528009,88,251.30332757446482,
110950,6197472,39.027138,1.335401,0.0,2014-02-23 09:03:37,5.156880701606042,60,309.4128420963625,
110951,6197472,39.033215,1.338933,0.0,2014-02-23 09:06:04,5.040179908196638,147,740.9064465049058,
110952,6197472,39.036357,1.344363,0.0,2014-02-23 09:08:22,4.23497183868086,138,584.4261137379586,
110953,6197472,39.032793,1.348236,0.0,2014-02-23 09:09:40,6.64443928265011,78,518.2662640467086,
110954,6197472,39.032123,1.352372,0.0,2014-02-23 09:10:26,7.9280092153493396,46,364.6884239060696,
110955,6197472,39.032806,1.359779,0.0,2014-02-23 09:11:54,7.316301076277345,88,643.8344947124064,
110956,6197472,39.035344,1.36626,0.0,2014-02-23 09:13:22,7.118945906463995,88,626.4672397688315,
110957,6197472,39.03498,1.372162,0.0,2014-02-23 09:14:55,5.494913745943621,93,511.02697837275673,
110958,6197472,39.033807,1.377281,0.0,2014-02-23 09:16:30,4.849178326897527,95,460.67194105526505,
110959,6197472,39.038109,1.382755,0.0,2014-02-23 09:18:45,4.97863487352633,135,672.1157079260546,
110960,6197472,39.03907,1.390033,0.0,2014-02-23 09:21:56,3.335954420057423,191,637.1672942309679,
110961,6197472,39.039963,1.393349,0.0,2014-02-23 09:23:29,3.2571043607853705,93,302.91070555303946,
110962,6197472,39.043367,1.395608,0.0,2014-02-23 09:24:16,9.054040035261583,47,425.53988165729436,
110963,6197472,39.045657,1.396719,0.0,2014-02-23 09:24:51,7.769397067886551,35,271.9288973760293,
110964,6197472,39.048029,1.408267,0.0,2014-02-23 09:27:27,6.607909919168916,156,1030.8339473903509,
110965,6197472,39.046065,1.412378,0.0,2014-02-23 09:28:21,7.713524676585024,54,416.5303325355913,
110966,6197472,39.049012,1.423301,0.0,2014-02-23 09:30:11,9.071640624260453,110,997.8804686686499,
110967,6197472,39.049904,1.431891,0.0,2014-02-23 09:31:38,8.596275006098287,87,747.875925530551,
110968,6197472,39.053137,1.435028,0.0,2014-02-23 09:32:30,8.650382377372289,52,449.81988362335903,
110969,6197472,39.053582,1.442482,0.0,2014-02-23 09:34:08,6.582767545395791,98,645.1112194487876,
110970,6197472,39.056119,1.448706,0.0,2014-02-23 09:37:35,2.930194616986699,207,606.5502857162467,
110971,6197472,39.057954,1.461638,0.0,2014-02-23 09:40:16,7.045489751417756,161,1134.3238499782587,
110972,6197472,39.062203,1.472212,0.0,2014-02-23 09:42:37,7.285557066372782,141,1027.2635463585623,
110973,6197472,39.063456,1.479801,0.0,2014-02-23 09:44:05,7.606942469793716,88,669.410937341847,
110974,6197472,39.067607,1.488174,0.0,2014-02-23 09:45:56,7.72141014754949,111,857.0765263779933,
110975,6197472,39.070652,1.49655,0.0,2014-02-23 09:48:36,4.986845581452336,160,797.8952930323737,
110976,6197472,39.074686,1.499813,0.0,2014-02-23 09:50:09,5.691496863271679,93,529.3092082842661,
110977,6197472,39.075844,1.506035,0.0,2014-02-23 09:52:38,3.704312336258795,149,551.9425381025604,
110978,6197472,39.079426,1.50254,0.0,2014-02-23 09:54:44,3.9628341065761763,126,499.31709742859823,
110979,6197472,39.080233,1.499854,0.0,2014-02-23 09:55:25,6.059478349158699,41,248.43861231550665,
110980,6197472,39.080418,1.498247,0.0,2014-02-23 09:55:55,4.671100438916478,30,140.13301316749434,
110981,6197472,39.082037,1.497294,0.0,2014-02-23 09:56:22,7.32569672423212,27,197.79381155426725,
110982,6197472,39.083729,1.497344,0.0,2014-02-23 09:57:06,4.274193094966727,44,188.06449617853602,
110983,6197472,39.086627,1.501619,0.0,2014-02-23 09:57:54,10.198892261754091,48,489.5468285641964,
110984,6197472,39.091939,1.501078,0.0,2014-02-23 09:58:53,10.035773244178047,59,592.1106214065048,
110985,6197472,39.097934,1.498591,0.0,2014-02-23 10:00:03,9.997681241253941,70,699.8376868877759,
110986,6197472,39.099372,1.502845,0.0,2014-02-23 10:02:39,2.564963445473802,156,400.1342974939131,
110987,6197472,39.099987,1.507259,0.0,2014-02-23 10:03:44,5.949603066714813,65,386.72419933646285,
110988,6197472,39.099323,1.511241,0.0,2014-02-23 10:04:48,5.487901258071836,64,351.2256805165975,
110989,6197472,39.104594,1.513156,0.0,2014-02-23 10:06:41,5.385357813195676,113,608.5454328911114,
110990,6197472,39.107234,1.521236,0.0,2014-02-23 10:08:22,7.484592759638066,101,755.9438687234447,
110991,6197472,39.110047,1.51805,0.0,2014-02-23 10:09:25,6.60532019446833,63,416.1351722515048,
110992,6197472,39.113323,1.518249,0.0,2014-02-23 10:10:46,4.499175622951679,81,364.433225459086,
110993,6197472,39.113656,1.520914,0.0,2014-02-23 10:12:01,3.103070664535393,75,232.7302998401545,
110994,6197472,39.112458,1.517825,0.0,2014-02-23 10:13:46,2.835687602219841,105,297.74719823308334,
110995,6197472,39.111802,1.521589,0.0,2014-02-23 10:15:43,2.8428835564911963,117,332.61737610946994,
110996,6197472,39.10893,1.524648,0.0,2014-02-23 10:17:53,3.184801881300218,130,414.0242445690283,
110997,6197472,39.105425,1.529574,0.0,2014-02-23 10:24:54,1.3688596364029244,421,576.2899069256312,
110998,6197472,39.102729,1.530734,0.0,2014-02-23 10:25:49,5.742504057193457,55,315.83772314564015,
110999,6197472,39.098691,1.532324,0.0,2014-02-23 10:28:01,3.5544314862986917,132,469.1849561914273,
111000,6197472,39.095866,1.534356,0.0,2014-02-23 10:30:10,2.786931888729656,129,359.51421364612565,
111001,6197472,39.09374,1.530758,0.0,2014-02-23 10:32:57,2.335291037009377,167,389.99360318056597,
111002,6197472,39.093543,1.528842,0.0,2014-02-23 10:34:04,2.487816581850219,67,166.6837109839647,
111003,6197472,39.093599,1.527498,0.0,2014-02-23 10:34:56,2.2322366604712935,52,116.07630634450727,
111004,6197472,39.09197,1.525302,0.0,2014-02-23 10:36:57,2.165156551432169,121,261.98394272329244,
111005,6197472,39.091791,1.522753,0.0,2014-02-23 10:39:02,1.7658780675258001,125,220.73475844072502,
111006,6197472,39.090289,1.521992,0.0,2014-02-23 10:40:10,2.637404402745789,68,179.34349938671363,
111007,6197472,39.088646,1.522796,0.0,2014-02-23 10:41:20,2.7899377311749305,70,195.29564118224513,
111008,6197472,39.087003,1.520837,0.0,2014-02-23 10:42:48,2.8267996393833745,88,248.75836826573698,
111009,6197472,39.084934,1.521162,0.0,2014-02-23 10:43:43,4.211089554866803,55,231.60992551767416,
111010,6197472,39.082902,1.521519,0.0,2014-02-23 10:45:20,2.34933901781684,97,227.8858847282335,
111011,6197472,39.08239,1.518158,0.0,2014-02-23 10:46:15,5.371557401978812,55,295.4356571088347,
111012,6197472,39.080582,1.517903,0.0,2014-02-23 10:46:51,5.614040625867273,36,202.10546253122183,
111013,6197472,39.080324,1.515953,0.0,2014-02-23 10:47:23,5.3321707459151115,32,170.62946386928357,
111014,6197472,39.07758,1.514593,0.0,2014-02-23 10:48:28,5.026206570580796,65,326.7034270877517,
111015,6197472,39.077715,1.513656,0.0,2014-02-23 10:52:33,0.3355402011410554,245,82.20734927955858,
111016,6197472,39.077981,1.514377,0.0,2014-02-23 10:54:13,0.6886076504192041,100,68.86076504192042,
111017,6197472,39.075748,1.505504,0.0,2014-02-23 10:56:09,6.936503657112462,116,804.6344242250457,
111018,6197472,39.072681,1.498652,0.0,2014-02-23 10:57:30,8.423649249164168,81,682.3155891822976,
111019,6197472,39.070175,1.492657,0.0,2014-02-23 10:59:07,6.055614597186154,97,587.394615927057,
111020,6197472,39.063406,1.478106,0.0,2014-02-23 11:02:39,6.903421214534747,212,1463.5252974813664,
111021,6197472,39.061034,1.47009,0.0,2014-02-23 11:04:53,5.523561778344035,134,740.1572782981008,
111022,6197472,39.056793,1.45832,0.0,2014-02-23 11:07:42,6.624913984052199,169,1119.6104633048217,
111023,6197472,39.048989,1.462135,0.0,2014-02-23 11:10:47,5.013900009131319,185,927.571501689294,
111024,6197472,39.042936,1.463274,0.0,2014-02-23 11:12:24,7.007779246829363,97,679.7545869424482,
111025,6197472,39.035778,1.462829,0.0,2014-02-23 11:14:09,7.584036160652753,105,796.323796868539,
111026,6197472,39.031554,1.465458,0.0,2014-02-23 11:15:17,7.666916797215526,68,521.3503422106558,
111027,6197472,39.030298,1.470025,0.0,2014-02-23 11:16:09,8.042257910794017,52,418.1974113612889,
111028,6197472,39.028163,1.471483,0.0,2014-02-23 11:17:11,4.331584237100814,62,268.55822270025044,
111029,6197472,39.022896,1.465985,0.0,2014-02-23 11:20:44,3.537730526530561,213,753.5366021510096,
111030,6197472,39.019843,1.461075,0.0,2014-02-23 11:22:22,5.540111037583771,98,542.9308816832096,
111031,6197472,39.017441,1.457963,0.0,2014-02-23 11:24:08,3.5728117175489955,106,378.7180420601935,
111032,6197472,39.016502,1.450416,0.0,2014-02-23 11:26:07,5.545224644961338,119,659.8817327503992,
111033,6197472,39.01172,1.44453,0.0,2014-02-23 11:27:53,6.936609678568778,106,735.2806259282904,
111034,6197472,39.007462,1.443765,0.0,2014-02-23 11:29:04,6.7286998078198454,71,477.737686355209,
111035,6197472,39.001762,1.438861,0.0,2014-02-23 11:31:18,5.685920250619566,134,761.9133135830219,
111036,6197472,38.999159,1.436134,0.0,2014-02-23 11:32:15,6.543686817999107,57,372.9901486259491,
111037,6197472,38.998035,1.43046,0.0,2014-02-23 11:33:54,5.107755161157679,99,505.66776095461023,
111038,6197472,38.996223,1.431184,0.0,2014-02-23 11:39:19,0.6487203562054674,325,210.8341157667769,
111039,6197472,38.986087,1.43824,0.0,2014-02-23 11:42:43,6.277591795146954,204,1280.6287262099786,
111040,6197472,38.977859,1.44187,0.0,2014-02-23 11:45:46,5.281819818054078,183,966.5730267038964,
111041,6197472,38.973426,1.444903,0.0,2014-02-23 11:46:52,8.453716653352654,66,557.9452991212752,
111042,6197472,38.953875,1.445129,0.0,2014-02-23 11:51:05,8.587331601981557,253,2172.594895301334,
111043,6197472,38.934155,1.444207,0.0,2014-02-23 11:55:43,7.887536423690154,278,2192.7351257858627,
111044,6197472,38.924425,1.439969,0.0,2014-02-23 11:58:23,7.134901813664383,160,1141.5842901863014,
111045,6197472,38.92115,1.433566,0.0,2014-02-23 12:00:07,6.369861437971735,104,662.4655895490604,
111046,6197472,38.919766,1.424138,0.0,2014-02-23 12:02:34,5.6426714711192245,147,829.472706254526,
111047,6197472,38.916238,1.414501,0.0,2014-02-23 12:05:37,5.031814821188239,183,920.8221122774478,
111048,6197472,38.911042,1.410189,0.0,2014-02-23 12:08:12,4.434161073646404,155,687.2949664151927,
111049,6197472,38.904333,1.408022,0.0,2014-02-23 12:10:01,7.052237543711884,109,768.6938922645954,
111050,6197472,38.90434,1.404933,0.0,2014-02-23 12:10:58,4.686254671479202,57,267.1165162743145,
111051,6197472,38.904356,1.393344,0.0,2014-02-23 12:14:16,5.061303151781045,198,1002.138024052647,
111052,6197472,38.901016,1.382603,0.0,2014-02-23 12:17:30,5.15595247797901,194,1000.2547807279279,
111053,6197472,38.898972,1.383042,0.0,2014-02-23 12:18:20,4.605606039845537,50,230.28030199227686,
111054,6197472,38.892507,1.35069,0.0,2014-02-23 12:26:45,5.720385250071398,505,2888.7945512860556,
111055,6197472,38.895718,1.335294,0.0,2014-02-23 12:31:24,4.940788046053384,279,1378.479864848894,
111056,6197472,38.901803,1.317427,0.0,2014-02-23 12:37:25,4.671875156715637,361,1686.546931574345,
111057,6197472,38.904133,1.315233,0.0,2014-02-23 12:38:39,4.337581349664706,74,320.9810198751883,
111058,6197472,38.911361,1.31588,0.0,2014-02-23 12:41:27,4.792388398338463,168,805.1212509208618,
111059,6197472,38.914673,1.311861,0.0,2014-02-23 12:43:11,4.866860299399869,104,506.15347113758645,
111060,6197472,38.921038,1.308909,0.0,2014-02-23 12:45:00,6.898293742001988,109,751.9140178782167,
111061,6197472,38.921983,1.297508,0.0,2014-02-23 12:47:36,6.353927194895031,156,991.212642403625,
111062,6197472,38.920493,1.295653,0.0,2014-02-23 12:49:28,2.058067912654277,112,230.503606217279,
118360,6899790,38.911953,1.43361,0.0,2013-07-03 04:26:47,0.0,0,0.0,
118361,6899790,38.914755,1.435614,0.0,2013-07-03 04:28:06,4.5104036280500415,79,356.3218866159533,
118362,6899790,38.917548,1.437554,0.0,2013-07-03 04:31:40,1.6485090894657703,214,352.7809451456749,
118363,6899790,38.924626,1.440912,0.0,2013-07-03 04:33:52,6.351287779271934,132,838.3699868638953,
118364,6899790,38.926695,1.44213,0.0,2013-07-03 04:34:27,7.22487560390522,35,252.8706461366827,
118365,6899790,38.931766,1.449505,0.0,2013-07-03 04:36:21,7.463449920377393,114,850.8332909230228,
118366,6899790,38.94281,1.461422,0.0,2013-07-03 04:42:08,4.617090252412924,347,1602.1303175872845,
118367,6899790,38.944653,1.467614,0.0,2013-07-03 04:44:33,3.9516248286954005,145,572.9856001608331,
118368,6899790,38.946546,1.472716,0.0,2013-07-03 04:46:25,4.36186591840416,112,488.5289828612659,
118369,6899790,38.94488,1.476429,0.0,2013-07-03 04:48:24,3.113133524876466,119,370.4628894602995,
118370,6899790,38.943413,1.483539,0.0,2013-07-03 04:49:48,7.568332747432239,84,635.739950784308,
118371,6899790,38.943805,1.488868,0.0,2013-07-03 04:50:23,13.217546845883824,35,462.6141396059338,
118372,6899790,38.94519,1.48692,0.0,2013-07-03 04:50:53,7.603229123639688,30,228.09687370919062,
118373,6899790,38.949754,1.489127,0.0,2013-07-03 04:51:42,11.057730873403395,49,541.8288127967663,
118374,6899790,38.95275,1.498316,0.0,2013-07-03 04:52:55,11.794852156838962,73,861.0242074492443,
118375,6899790,38.956425,1.504951,0.0,2013-07-03 04:54:04,10.201370663494762,69,703.8945757811385,
118376,6899790,38.956866,1.507807,0.0,2013-07-03 04:54:55,4.933385208138579,51,251.6026456150675,
118377,6899790,38.957986,1.510689,0.0,2013-07-03 04:56:26,3.059277522818491,91,278.3942545764827,
118378,6899790,38.963217,1.509413,0.0,2013-07-03 04:58:35,4.586291598517607,129,591.6316162087713,
118379,6899790,38.970607,1.511909,0.0,2013-07-03 05:00:31,7.319112199962537,116,849.0170151956543,
118380,6899790,38.978635,1.516624,0.0,2013-07-03 05:02:07,10.215130652229623,96,980.6525426140438,
118381,6899790,38.982365,1.52526,0.0,2013-07-03 05:03:37,9.48194085081876,90,853.3746765736884,
118382,6899790,38.983129,1.525218,0.0,2013-07-03 05:04:09,2.6554112051297234,32,84.97315856415115,
118383,6899790,38.979471,1.518681,0.0,2013-07-03 05:06:06,5.946669399760029,117,695.7603197719234,
118384,6899790,38.972672,1.5059,0.0,2013-07-03 05:28:47,0.9830146076922041,1361,1337.8828810690898,
118385,6899790,38.970459,1.492644,0.0,2013-07-03 05:32:16,5.604416366367446,209,1171.3230205707962,
118386,6899790,38.963369,1.47802,0.0,2013-07-03 05:35:21,8.048796117567266,185,1489.0272817499442,
118387,6899790,38.958691,1.472835,0.0,2013-07-03 05:37:09,6.354130336996133,108,686.2460763955823,
118388,6899790,38.944674,1.464947,0.0,2013-07-03 05:42:51,4.9714074836012685,342,1700.2213593916338,
118389,6899790,38.943609,1.463548,0.0,2013-07-03 05:43:25,4.9760659072781115,34,169.1862408474558,
118390,6899790,38.934341,1.451086,0.0,2013-07-03 05:45:04,15.053256525854465,99,1490.272396059592,
118391,6899790,38.927414,1.444436,0.0,2013-07-03 05:46:31,11.042529286718691,87,960.7000479445262,
118392,6899790,38.925852,1.441552,0.0,2013-07-03 05:47:09,7.994251367137845,38,303.7815519512381,
118393,6899790,38.924509,1.440123,0.0,2013-07-03 05:47:39,6.457701287536864,30,193.7310386261059,
118394,6899790,38.918955,1.439566,0.0,2013-07-03 05:48:42,9.825974025934315,63,619.0363636338618,
118395,6899790,38.917478,1.436819,0.0,2013-07-03 05:49:14,9.021560911959481,32,288.6899491827034,
118396,6899790,38.911777,1.43449,0.0,2013-07-03 05:50:54,6.647314126271502,100,664.7314126271502,
119384,6295158,38.915611,1.463055,0.0,2014-03-09 09:46:28,0.0,0,0.0,
119385,6295158,38.915872,1.462751,0.0,2014-03-09 09:47:06,1.0300067074193582,38,39.14025488193561,
119386,6295158,38.916152,1.462425,0.0,2014-03-09 09:47:24,2.332328242887158,18,41.98190837196884,
119387,6295158,38.916521,1.462171,0.0,2014-03-09 09:47:39,3.100915987724241,15,46.513739815863616,
119388,6295158,38.916907,1.462078,0.0,2014-03-09 09:47:52,3.356881075819385,13,43.639453985652004,
119389,6295158,38.917078,1.462488,0.0,2014-03-09 09:48:07,2.6812853816800297,15,40.21928072520045,
119390,6295158,38.917215,1.462987,0.0,2014-03-09 09:48:24,2.6911405393391896,17,45.74938916876622,
119391,6295158,38.917426,1.463429,0.0,2014-03-09 09:48:42,2.4907510340780186,18,44.83351861340434,
119392,6295158,38.917475,1.463619,0.0,2014-03-09 09:50:20,0.17658900702740915,98,17.305722688686096,
119393,6295158,38.917553,1.463732,0.0,2014-03-09 09:52:06,0.12320950056332086,106,13.060207059712011,
119394,6295158,38.917763,1.464135,0.0,2014-03-09 09:52:26,2.096724335325032,20,41.93448670650064,
119395,6295158,38.918031,1.463985,0.0,2014-03-09 09:52:51,1.2992545198397911,25,32.48136299599478,
119396,6295158,38.918081,1.463424,0.0,2014-03-09 09:53:03,4.068266890446456,12,48.81920268535747,
119397,6295158,38.918365,1.462967,0.0,2014-03-09 09:53:15,4.2138855901908245,12,50.56662708228989,
119398,6295158,38.918619,1.462541,0.0,2014-03-09 09:53:27,3.866774033446496,12,46.40128840135795,
119399,6295158,38.918739,1.462382,0.0,2014-03-09 09:54:05,0.503980442923821,38,19.1512568311052,
119400,6295158,38.918753,1.462268,0.0,2014-03-09 09:56:55,0.05869383240913031,170,9.977951509552152,
119401,6295158,38.919035,1.462244,0.0,2014-03-09 09:59:28,0.20525791606110919,153,31.404461157349704,
119402,6295158,38.918805,1.462318,0.0,2014-03-09 10:00:32,0.41165916490747484,64,26.34618655407839,
119403,6295158,38.91878,1.462266,0.0,2014-03-09 10:12:40,0.007259258346661503,728,5.284740076369574,
119404,6295158,38.91875,1.462301,0.0,2014-03-09 10:13:26,0.0978725136061879,46,4.502135625884644,
119405,6295158,38.919021,1.461903,0.0,2014-03-09 10:13:39,3.5173410446885773,13,45.7254335809515,
119406,6295158,38.919365,1.461514,0.0,2014-03-09 10:13:51,4.242812835190095,12,50.91375402228113,
119407,6295158,38.919562,1.461151,0.0,2014-03-09 10:14:24,1.1594989975911958,33,38.26346692050946,
119408,6295158,38.919769,1.460666,0.0,2014-03-09 10:14:37,3.678851737822259,13,47.82507259168937,
119409,6295158,38.920001,1.460195,0.0,2014-03-09 10:14:54,2.8349680019293415,17,48.194456032798804,
119410,6295158,38.920256,1.459817,0.0,2014-03-09 10:15:06,3.6044493657793173,12,43.25339238935181,
119411,6295158,38.920543,1.459395,0.0,2014-03-09 10:15:19,3.727473766154951,13,48.45715896001436,
119412,6295158,38.920704,1.458919,0.0,2014-03-09 10:15:32,3.4517178894793212,13,44.872332563231176,
119413,6295158,38.920837,1.458353,0.0,2014-03-09 10:15:42,5.111552614084676,10,51.11552614084676,
119414,6295158,38.92096,1.45784,0.0,2014-03-09 10:15:53,4.218963160055079,11,46.40859476060587,
119415,6295158,38.921109,1.457287,0.0,2014-03-09 10:16:03,5.059413082810157,10,50.59413082810157,
119416,6295158,38.921272,1.456801,0.0,2014-03-09 10:16:11,5.719211804962082,8,45.75369443969666,
119417,6295158,38.92148,1.456341,0.0,2014-03-09 10:16:20,5.110753802029983,9,45.996784218269845,
119418,6295158,38.921667,1.455808,0.0,2014-03-09 10:16:32,4.212292589756173,12,50.547511077074084,
119419,6295158,38.921998,1.455306,0.0,2014-03-09 10:16:44,4.740683841794253,12,56.88820610153103,
119420,6295158,38.922332,1.454996,0.0,2014-03-09 10:16:54,4.577868116153635,10,45.77868116153635,
119421,6295158,38.922696,1.45468,0.0,2014-03-09 10:17:05,4.437175306006855,11,48.808928366075406,
119422,6295158,38.923119,1.454531,0.0,2014-03-09 10:17:17,4.061400048066421,12,48.73680057679705,
119423,6295158,38.923533,1.454411,0.0,2014-03-09 10:17:29,3.929904693968194,12,47.15885632761833,
119424,6295158,38.923967,1.454369,0.0,2014-03-09 10:17:41,4.030213994820696,12,48.36256793784835,
119425,6295158,38.924333,1.454366,0.0,2014-03-09 10:18:03,1.8486703135555111,22,40.670746898221246,
119426,6295158,38.924725,1.454306,0.0,2014-03-09 10:18:18,2.9244515921645085,15,43.866773882467626,
119427,6295158,38.925113,1.454037,0.0,2014-03-09 10:18:33,3.2657379172627965,15,48.98606875894195,
119428,6295158,38.925609,1.453832,0.0,2014-03-09 10:18:45,4.824545322505492,12,57.8945438700659,
119429,6295158,38.926076,1.453706,0.0,2014-03-09 10:18:57,4.418654595777089,12,53.02385514932507,
119430,6295158,38.926526,1.453629,0.0,2014-03-09 10:19:09,4.203757388738324,12,50.44508866485988,
119431,6295158,38.927006,1.453566,0.0,2014-03-09 10:19:21,4.467909652658158,12,53.614915831897896,
119432,6295158,38.927447,1.453337,0.0,2014-03-09 10:19:32,4.804665003370541,11,52.85131503707595,
119433,6295158,38.927759,1.453087,0.0,2014-03-09 10:19:40,5.106692082552776,8,40.85353666042221,
119434,6295158,38.928202,1.452761,0.0,2014-03-09 10:19:53,4.363220105609054,13,56.72186137291771,
119435,6295158,38.928646,1.452473,0.0,2014-03-09 10:20:04,5.023880321197051,11,55.26268353316757,
119436,6295158,38.929062,1.45215,0.0,2014-03-09 10:20:15,4.9094464637496324,11,54.00391110124596,
119437,6295158,38.92932,1.451763,0.0,2014-03-09 10:20:40,1.7622863136454612,25,44.05715784113653,
119438,6295158,38.929605,1.451421,0.0,2014-03-09 10:20:57,2.5484408697010617,17,43.32349478491805,
119439,6295158,38.929982,1.451235,0.0,2014-03-09 10:21:09,3.739306782363989,12,44.87168138836787,
119440,6295158,38.930332,1.45089,0.0,2014-03-09 10:21:21,4.084146823603225,12,49.0097618832387,
119441,6295158,38.930393,1.45083,0.0,2014-03-09 10:23:50,0.05728147939770632,149,8.534940430258242,
119442,6295158,38.930275,1.4509,0.0,2014-03-09 10:24:25,0.4125997094010177,35,14.440989829035619,
119443,6295158,38.929959,1.451264,0.0,2014-03-09 10:24:37,3.9290794582671325,12,47.14895349920559,
119444,6295158,38.92966,1.451616,0.0,2014-03-09 10:24:48,4.095689896860105,11,45.05258886546116,
119445,6295158,38.929374,1.451992,0.0,2014-03-09 10:25:01,3.496740432151653,13,45.45762561797149,
119446,6295158,38.928982,1.452274,0.0,2014-03-09 10:25:18,2.936246140604796,17,49.91618439028153,
119447,6295158,38.928597,1.452516,0.0,2014-03-09 10:25:28,4.762194581271911,10,47.621945812719105,
119448,6295158,38.928187,1.45276,0.0,2014-03-09 10:25:40,4.183738155292107,12,50.20485786350528,
119449,6295158,38.92793,1.452304,0.0,2014-03-09 10:25:53,3.7443276406130015,13,48.67625932796902,
119450,6295158,38.927755,1.451815,0.0,2014-03-09 10:26:03,4.652974936958995,10,46.52974936958995,
119451,6295158,38.92763,1.451323,0.0,2014-03-09 10:26:15,3.7284577376336596,12,44.741492851603915,
119452,6295158,38.9274,1.450843,0.0,2014-03-09 10:26:25,4.873304542065972,10,48.733045420659714,
119453,6295158,38.927172,1.450803,0.0,2014-03-09 10:26:35,2.557023511290878,10,25.570235112908783,
119454,6295158,38.926769,1.451092,0.0,2014-03-09 10:26:47,4.273230501145587,12,51.278766013747045,
119455,6295158,38.926354,1.451278,0.0,2014-03-09 10:27:01,3.4883985868656793,14,48.83758021611951,
119456,6295158,38.92608,1.450988,0.0,2014-03-09 10:27:26,1.5775896259081321,25,39.4397406477033,
119457,6295158,38.926269,1.451049,0.0,2014-03-09 10:38:30,0.03261081256269931,664,21.65357954163234,
119458,6295158,38.926152,1.451177,0.0,2014-03-09 11:30:12,0.005503654692297908,3102,17.072336855508112,
119459,6295158,38.926199,1.451055,0.0,2014-03-09 11:33:30,0.059438236046082775,198,11.76877073712439,
119460,6295158,38.926174,1.451101,0.0,2014-03-09 11:35:16,0.04576215055419801,106,4.850787958744989,
119461,6295158,38.926158,1.451219,0.0,2014-03-09 11:37:30,0.07727216262450898,134,10.354469791684203,
119462,6295158,38.926062,1.450913,0.0,2014-03-09 11:43:25,0.08034539891925842,355,28.522616616336737,
119463,6295158,38.926053,1.450841,0.0,2014-03-09 11:45:59,0.04093500731850675,154,6.30399112705004,
119464,6295158,38.925946,1.450773,0.0,2014-03-09 11:51:58,0.03694602049026218,359,13.263621356004123,
119465,6295158,38.926168,1.451193,0.0,2014-03-09 11:55:40,0.19772561086348045,222,43.89508561169266,
119466,6295158,38.926302,1.451084,0.0,2014-03-09 11:57:33,0.15593835144219367,113,17.621033712967886,
120795,636798,38.988715,1.541237,0.0,2009-11-29 10:11:29,0.0,0,0.0,
120796,636798,39.006362,1.570101,0.0,2009-11-29 10:21:19,5.375090812105149,590,3171.3035791420375,
120797,636798,39.00976,1.568732,0.0,2009-11-29 10:22:15,7.065283894544563,56,395.6558980944955,
120798,636798,39.011746,1.565638,0.0,2009-11-29 10:23:21,5.250097223875349,66,346.506416775773,
120799,636798,39.017841,1.560826,0.0,2009-11-29 10:25:47,5.442063261691357,146,794.541236206938,
120800,636798,39.02387,1.555605,0.0,2009-11-29 10:28:04,5.8937566152103145,137,807.4446562838131,
120801,636798,39.021652,1.554317,0.0,2009-11-29 10:28:46,6.437757190503522,42,270.3858020011479,
120802,636798,39.015834,1.551416,0.0,2009-11-29 10:30:54,5.416544952068814,128,693.3177538648082,
120803,636798,39.009807,1.548849,0.0,2009-11-29 10:32:07,9.663626592543734,73,705.4447412556926,
120804,636798,38.989796,1.538831,0.0,2009-11-29 10:36:53,8.342765040523052,286,2386.0308015895926,
120805,636798,38.986371,1.529387,0.0,2009-11-29 10:39:29,5.770029803130977,156,900.1246492884324,
120806,636798,38.984464,1.526075,0.0,2009-11-29 10:40:38,5.159567055819259,69,356.01012685152887,
120807,636798,38.984995,1.517811,0.0,2009-11-29 10:42:38,5.9686307677311286,120,716.2356921277354,
120808,636798,38.985174,1.498709,0.0,2009-11-29 10:46:33,7.021474784856063,235,1650.046574441175,
120809,636798,38.980759,1.482267,0.0,2009-11-29 10:49:53,7.51301990819243,200,1502.603981638486,
120810,636798,38.976291,1.4682,0.0,2009-11-29 10:53:13,6.563472577257423,200,1312.6945154514847,
120811,636798,38.976275,1.462875,0.0,2009-11-29 10:54:37,5.476258759103915,84,460.00573576472885,
120812,636798,38.976476,1.444853,0.0,2009-11-29 10:58:07,7.414255329142722,210,1556.9936191199715,
120813,636798,38.97737,1.431066,0.0,2009-11-29 11:00:40,7.811196955789427,153,1195.1131342357824,
120814,636798,38.980436,1.429052,0.0,2009-11-29 11:01:19,9.808753227670763,39,382.5413758791598,
120815,636798,38.981286,1.420609,0.0,2009-11-29 11:02:56,7.58135273095651,97,735.3912149027815,
120816,636798,38.984087,1.408073,0.0,2009-11-29 11:05:58,6.190403447933726,182,1126.6534275239383,
120817,636798,38.986406,1.400374,0.0,2009-11-29 11:07:42,6.857389003810966,104,713.1684563963405,
120818,636798,38.988182,1.393952,0.0,2009-11-29 11:09:20,6.00750692992456,98,588.7356791326068,
120819,636798,38.987411,1.389301,0.0,2009-11-29 11:10:23,6.519833691977797,63,410.7495225946012,
120820,636798,38.983362,1.386165,0.0,2009-11-29 11:11:37,7.096936965830259,74,525.1733354714391,
120821,636798,38.979768,1.385264,0.0,2009-11-29 11:12:28,7.978008134944823,51,406.878414882186,
120822,636798,38.977164,1.385383,0.0,2009-11-29 11:13:04,8.042750620683924,36,289.53902234462123,
120823,636798,38.980747,1.37731,0.0,2009-11-29 11:15:33,5.389259098611816,149,802.9996056931606,
120824,636798,38.983349,1.370262,0.0,2009-11-29 11:17:26,5.964207855702352,113,673.9554876943657,
120825,636798,38.981524,1.359041,0.0,2009-11-29 11:19:28,8.116774275623314,122,990.2464616260444,
120826,636798,38.979896,1.343097,0.0,2009-11-29 11:22:19,8.123324981633504,171,1389.0885718593292,
120827,636798,38.982765,1.336052,0.0,2009-11-29 11:23:37,8.807455207197645,78,686.9815061614163,
120828,636798,38.976085,1.332192,0.0,2009-11-29 11:26:31,4.676656552130208,174,813.7382400706562,
120829,636798,38.975301,1.322345,0.0,2009-11-29 11:28:55,5.938182096689373,144,855.0982219232698,
120830,636798,38.96902,1.316236,0.0,2009-11-29 11:31:07,6.629031263681047,132,875.0321268058982,
120831,636798,38.967736,1.310504,0.0,2009-11-29 11:32:18,7.258657258625343,71,515.3646653623994,
120832,636798,38.955905,1.307611,0.0,2009-11-29 11:35:45,6.46481732661485,207,1338.217186609274,
120833,636798,38.944649,1.291257,0.0,2009-11-29 11:41:12,5.771683267018403,327,1887.340428315018,
120834,636798,38.930639,1.287435,0.0,2009-11-29 11:45:28,6.21664471580552,256,1591.4610472462132,
120835,636798,38.925253,1.281773,0.0,2009-11-29 11:48:06,4.893393267898986,158,773.1561363280398,
120836,636798,38.92298,1.283642,0.0,2009-11-29 11:49:43,3.091086197089855,97,299.83536111771593,
120837,636798,38.921777,1.292287,0.0,2009-11-29 11:52:07,5.272479497589348,144,759.2370476528662,
120838,636798,38.922947,1.28907,0.0,2009-11-29 11:53:25,3.9358857881891467,78,306.9990914787534,
120839,636798,38.921668,1.293496,0.0,2009-11-29 11:55:48,2.8543932761843136,143,408.17823849435683,
120840,636798,38.912058,1.288937,0.0,2009-11-29 11:59:02,5.867501047211982,194,1138.2952031591244,
120841,636798,38.909023,1.285772,0.0,2009-11-29 12:00:12,6.204539163753886,70,434.317741462772,
120842,636798,38.908997,1.284712,0.0,2009-11-29 12:00:34,4.168226772780244,22,91.70098900116537,
120843,636798,38.906789,1.286225,0.0,2009-11-29 12:01:16,6.620348215243307,42,278.05462504021887,
120844,636798,38.90327,1.284606,0.0,2009-11-29 12:02:21,6.389822439520644,65,415.3384585688419,
120845,636798,38.90094,1.286528,0.0,2009-11-29 12:02:48,11.395116850704165,27,307.66815496901245,
120846,636798,38.898318,1.287975,0.0,2009-11-29 12:03:15,11.744187190850129,27,317.09305415295347,
120847,636798,38.897205,1.288216,0.0,2009-11-29 12:03:41,4.823862809497611,26,125.4204330469379,
120848,636798,38.897949,1.292483,0.0,2009-11-29 12:04:13,11.81754726671103,32,378.16151253475294,
120849,636798,38.895905,1.297184,0.0,2009-11-29 12:04:54,11.358559438540247,41,465.7009369801502,
120850,636798,38.897035,1.303049,0.0,2009-11-29 12:06:10,6.875370448890618,76,522.528154115687,
120851,636798,38.896477,1.302921,0.0,2009-11-29 12:07:39,0.7077006345512841,89,62.985356475064286,
120852,636798,38.893081,1.299464,0.0,2009-11-29 12:08:34,8.753656834803751,55,481.4511259142063,
120853,636798,38.8903,1.29916,0.0,2009-11-29 12:09:19,6.892027971803134,45,310.141258731141,
120854,636798,38.887689,1.300531,0.0,2009-11-29 12:10:04,6.965158853476071,45,313.4321484064232,
120855,636798,38.884831,1.3035,0.0,2009-11-29 12:10:59,7.4258561883471295,55,408.4220903590921,
120856,636798,38.879753,1.308631,0.0,2009-11-29 12:12:28,8.066428706141307,89,717.9121548465763,
120857,636798,38.873872,1.311123,0.0,2009-11-29 12:13:48,8.601727324760393,80,688.1381859808315,
120858,636798,38.87187,1.313064,0.0,2009-11-29 12:14:56,4.098878274684808,68,278.72372267856696,
120859,636798,38.871348,1.312641,0.0,2009-11-29 12:15:28,2.143244369058159,32,68.58381980986108,
120860,636798,38.870057,1.313951,0.0,2009-11-29 12:15:56,6.529397270443707,28,182.82312357242378,
120861,636798,38.8703,1.317582,0.0,2009-11-29 12:16:40,7.165742481572229,44,315.29266918917807,
120862,636798,38.869978,1.333243,0.0,2009-11-29 12:21:07,5.076339643731519,267,1355.3826848763156,
120863,636798,38.869291,1.33835,0.0,2009-11-29 12:22:29,5.4680780430126,82,448.3823995270332,
120864,636798,38.871655,1.34231,0.0,2009-11-29 12:23:28,7.317116948782609,59,431.70989997817395,
120865,636798,38.873363,1.349713,0.0,2009-11-29 12:25:04,6.958022650783793,96,667.9701744752441,
120866,636798,38.877689,1.3579,0.0,2009-11-29 12:27:20,6.293766490011819,136,855.9522426416074,
120867,636798,38.87893,1.362994,0.0,2009-11-29 12:28:52,5.018752329132005,92,461.7252142801445,
120868,636798,38.878759,1.369399,0.0,2009-11-29 12:30:41,5.086104600090321,109,554.385401409845,
120869,636798,38.882156,1.378241,0.0,2009-11-29 12:32:43,6.991078024430449,122,852.9115189805148,
120870,636798,38.885552,1.39232,0.0,2009-11-29 12:35:20,8.120415937474698,157,1274.9053021835277,
120871,636798,38.869573,1.389193,0.0,2009-11-29 12:39:41,6.881524545223945,261,1796.0779063034497,
120872,636798,38.861623,1.387845,0.0,2009-11-29 12:41:25,8.567985083242393,104,891.0704486572088,
120873,636798,38.852017,1.38935,0.0,2009-11-29 12:43:32,8.467202024020459,127,1075.3346570505983,
120874,636798,38.844691,1.387703,0.0,2009-11-29 12:44:55,9.957231005140237,83,826.4501734266396,
120875,636798,38.847285,1.388727,0.0,2009-11-29 12:46:01,4.569099321828722,66,301.5605552406957,
120876,636798,38.857679,1.385995,0.0,2009-11-29 12:48:36,7.605974334611074,155,1178.9260218647164,
120877,636798,38.864354,1.388971,0.0,2009-11-29 12:49:53,10.196731900915154,77,785.1483563704669,
120878,636798,38.886193,1.39517,0.0,2009-11-29 12:53:31,11.400358004015912,218,2485.278044875469,
120879,636798,38.886276,1.396949,0.0,2009-11-29 12:54:04,4.671240037029505,33,154.15092122197365,
120880,636798,38.884111,1.402902,0.0,2009-11-29 12:56:40,3.6432585786971967,156,568.3483382767627,
120881,636798,38.889672,1.407841,0.0,2009-11-29 12:58:47,5.915107791348051,127,751.2186895012024,
120882,636798,38.895454,1.411489,0.0,2009-11-29 13:00:55,5.59200904887728,128,715.7771582562918,
120883,636798,38.899175,1.417212,0.0,2009-11-29 13:02:27,7.009908611399342,92,644.9115922487395,
120884,636798,38.906292,1.420656,0.0,2009-11-29 13:04:53,5.788045922657692,146,845.054704708023,
120885,636798,38.915599,1.427838,0.0,2009-11-29 13:07:20,8.206059471884368,147,1206.2907423670022,
120886,636798,38.916294,1.433785,0.0,2009-11-29 13:08:23,8.252958840996445,63,519.936406982776,
120887,636798,38.917726,1.437754,0.0,2009-11-29 13:09:10,8.047793238100207,47,378.24628219070974,
120888,636798,38.924594,1.440958,0.0,2009-11-29 13:10:52,7.959613502188738,102,811.8805772232513,
120889,636798,38.932857,1.444024,0.0,2009-11-29 13:12:50,8.098868711321531,118,955.6665079359407,
120890,636798,38.953288,1.445169,0.0,2009-11-29 13:17:33,8.029850747821914,283,2272.4477616336017,
120891,636798,38.960868,1.451153,0.0,2009-11-29 13:19:37,7.970357406715667,124,988.3243184327428,
120892,636798,38.973094,1.461363,0.0,2009-11-29 13:22:52,8.306507802441445,195,1619.7690214760817,
120893,636798,38.978515,1.475772,0.0,2009-11-29 13:24:51,11.6200945746057,119,1382.7912543780783,
120894,636798,38.985122,1.497045,0.0,2009-11-29 13:27:55,10.7537546707868,184,1978.6908594247711,
120895,636798,38.984738,1.516879,0.0,2009-11-29 13:30:26,11.348971665804559,151,1713.6947215364883,
120896,636798,38.983457,1.525707,0.0,2009-11-29 13:31:32,11.753109993616107,66,775.7052595786631,
120897,636798,38.982615,1.528979,0.0,2009-11-29 13:32:17,6.615824158747351,45,297.7120871436308,
120898,636798,38.985177,1.534737,0.0,2009-11-29 13:33:41,6.822163753210525,84,573.0617552696841,
