id,type,app,module,message,DES.src,DES.dst,TOPO.src,TOPO.dst,module.src,service,time_in,time_out,time_emit,time_reception
1,COMP_M,0,0_01,M.USER.APP.0,0,5,1,0,None,0.3,101.00002,101.30002,100.0,101.00002
2,COMP_M,1,1_01,M.USER.APP.1,1,6,2,0,None,0.3,101.00002,101.30002,100.0,101.00002
4,COMP_M,3,3_01,M.USER.APP.3,3,8,4,0,None,0.3,101.00002,101.30002,100.0,101.00002
3,COMP_M,2,2_01,M.USER.APP.2,2,7,3,0,None,0.3,102.00004000000001,102.30004000000001,100.0,102.00004000000001
5,COMP_M,0,0_01,M.USER.APP.0,0,5,1,0,None,0.3,201.00002,201.30002000000002,200.0,201.00002
6,COMP_M,1,1_01,M.USER.APP.1,1,6,2,0,None,0.3,201.00002,201.30002000000002,200.0,201.00002
8,COMP_M,3,3_01,M.USER.APP.3,3,8,4,0,None,0.3,201.00002,201.30002000000002,200.0,201.00002
7,COMP_M,2,2_01,M.USER.APP.2,2,7,3,0,None,0.3,202.00004,202.30004000000002,200.0,202.00004
9,COMP_M,0,0_01,M.USER.APP.0,0,5,1,0,None,0.3,301.00002,301.30002,300.0,301.00002
10,COMP_M,1,1_01,M.USER.APP.1,1,6,2,0,None,0.3,301.00002,301.30002,300.0,301.00002
12,COMP_M,3,3_01,M.USER.APP.3,3,8,4,0,None,0.3,301.00002,301.30002,300.0,301.00002
11,COMP_M,2,2_01,M.USER.APP.2,2,7,3,0,None,0.3,302.00004,302.30004,300.0,302.00004
13,COMP_M,0,0_01,M.USER.APP.0,0,5,1,0,None,0.3,401.00002,401.30002,400.0,401.00002
14,COMP_M,1,1_01,M.USER.APP.1,1,6,2,0,None,0.3,401.00002,401.30002,400.0,401.00002
16,COMP_M,3,3_01,M.USER.APP.3,3,8,4,0,None,0.3,401.00002,401.30002,400.0,401.00002
15,COMP_M,2,2_01,M.USER.APP.2,2,7,3,0,None,0.3,402.00004,402.30004,400.0,402.00004
17,COMP_M,0,0_01,M.USER.APP.0,0,5,1,0,None,0.3,501.00002,501.30002,500.0,501.00002
18,COMP_M,1,1_01,M.USER.APP.1,1,6,2,0,None,0.3,501.00002,501.30002,500.0,501.00002
20,COMP_M,3,3_01,M.USER.APP.3,3,8,4,0,None,0.3,501.00002,501.30002,500.0,501.00002
19,COMP_M,2,2_01,M.USER.APP.2,2,7,3,0,None,0.3,502.00004,502.30004,500.0,502.00004
21,COMP_M,0,0_01,M.USER.APP.0,0,5,1,0,None,0.3,601.00002,601.3000199999999,600.0,601.00002
22,COMP_M,1,1_01,M.USER.APP.1,1,6,2,0,None,0.3,601.00002,601.3000199999999,600.0,601.00002
24,COMP_M,3,3_01,M.USER.APP.3,3,8,4,0,None,0.3,601.00002,601.3000199999999,600.0,601.00002
23,COMP_M,2,2_01,M.USER.APP.2,2,7,3,0,None,0.3,602.0000399999999,602.3000399999999,600.0,602.0000399999999
25,COMP_M,0,0_01,M.USER.APP.0,0,5,1,0,None,0.3,701.00002,701.3000199999999,700.0,701.00002
26,COMP_M,1,1_01,M.USER.APP.1,1,6,2,0,None,0.3,701.00002,701.3000199999999,700.0,701.00002
28,COMP_M,3,3_01,M.USER.APP.3,3,8,4,0,None,0.3,701.00002,701.3000199999999,700.0,701.00002
27,COMP_M,2,2_01,M.USER.APP.2,2,7,3,0,None,0.3,702.0000399999999,702.3000399999999,700.0,702.0000399999999
29,COMP_M,0,0_01,M.USER.APP.0,0,5,1,0,None,0.3,801.00002,801.3000199999999,800.0,801.00002
30,COMP_M,1,1_01,M.USER.APP.1,1,6,2,0,None,0.3,801.00002,801.3000199999999,800.0,801.00002
32,COMP_M,3,3_01,M.USER.APP.3,3,8,4,0,None,0.3,801.00002,801.3000199999999,800.0,801.00002
31,COMP_M,2,2_01,M.USER.APP.2,2,7,3,0,None,0.3,802.0000399999999,802.3000399999999,800.0,802.0000399999999
33,COMP_M,0,0_01,M.USER.APP.0,0,5,1,0,None,0.3,901.00002,901.3000199999999,900.0,901.00002
34,COMP_M,1,1_01,M.USER.APP.1,1,6,2,0,None,0.3,901.00002,901.3000199999999,900.0,901.00002
36,COMP_M,3,3_01,M.USER.APP.3,3,8,4,0,None,0.3,901.00002,901.3000199999999,900.0,901.00002
35,COMP_M,2,2_01,M.USER.APP.2,2,7,3,0,None,0.3,902.0000399999999,902.3000399999999,900.0,902.0000399999999
37,COMP_M,0,0_01,M.USER.APP.0,0,5,1,0,None,0.3,1001.00002,1001.3000199999999,1000.0,1001.00002
38,COMP_M,1,1_01,M.USER.APP.1,1,6,2,0,None,0.3,1001.00002,1001.3000199999999,1000.0,1001.00002
40,COMP_M,3,3_01,M.USER.APP.3,3,8,4,0,None,0.3,1001.00002,1001.3000199999999,1000.0,1001.00002
39,COMP_M,2,2_01,M.USER.APP.2,2,7,3,0,None,0.3,1002.0000399999999,1002.3000399999999,1000.0,1002.0000399999999
41,COMP_M,0,0_01,M.USER.APP.0,0,5,1,0,None,0.3,1101.00002,1101.30002,1100.0,1101.00002
42,COMP_M,1,1_01,M.USER.APP.1,1,6,2,0,None,0.3,1101.00002,1101.30002,1100.0,1101.00002
44,COMP_M,3,3_01,M.USER.APP.3,3,8,4,0,None,0.3,1101.00002,1101.30002,1100.0,1101.00002
43,COMP_M,2,2_01,M.USER.APP.2,2,7,3,0,None,0.3,1102.00004,1102.3000399999999,1100.0,1102.00004
45,COMP_M,0,0_01,M.USER.APP.0,0,5,1,0,None,0.3,1201.00002,1201.30002,1200.0,1201.00002
46,COMP_M,1,1_01,M.USER.APP.1,1,6,2,0,None,0.3,1201.00002,1201.30002,1200.0,1201.00002
48,COMP_M,3,3_01,M.USER.APP.3,3,8,4,0,None,0.3,1201.00002,1201.30002,1200.0,1201.00002
47,COMP_M,2,2_01,M.USER.APP.2,2,7,3,0,None,0.3,1202.00004,1202.3000399999999,1200.0,1202.00004
49,COMP_M,0,0_01,M.USER.APP.0,0,5,1,0,None,0.3,1301.00002,1301.30002,1300.0,1301.00002
50,COMP_M,1,1_01,M.USER.APP.1,1,6,2,0,None,0.3,1301.00002,1301.30002,1300.0,1301.00002
52,COMP_M,3,3_01,M.USER.APP.3,3,8,4,0,None,0.3,1301.00002,1301.30002,1300.0,1301.00002
51,COMP_M,2,2_01,M.USER.APP.2,2,7,3,0,None,0.3,1302.00004,1302.3000399999999,1300.0,1302.00004
53,COMP_M,0,0_01,M.USER.APP.0,0,5,1,0,None,0.3,1401.00002,1401.30002,1400.0,1401.00002
54,COMP_M,1,1_01,M.USER.APP.1,1,6,2,0,None,0.3,1401.00002,1401.30002,1400.0,1401.00002
56,COMP_M,3,3_01,M.USER.APP.3,3,8,4,0,None,0.3,1401.00002,1401.30002,1400.0,1401.00002
55,COMP_M,2,2_01,M.USER.APP.2,2,7,3,0,None,0.3,1402.00004,1402.3000399999999,1400.0,1402.00004
57,COMP_M,0,0_01,M.USER.APP.0,0,5,1,0,None,0.3,1501.00002,1501.30002,1500.0,1501.00002
58,COMP_M,1,1_01,M.USER.APP.1,1,6,2,0,None,0.3,1501.00002,1501.30002,1500.0,1501.00002
60,COMP_M,3,3_01,M.USER.APP.3,3,8,4,0,None,0.3,1501.00002,1501.30002,1500.0,1501.00002
59,COMP_M,2,2_01,M.USER.APP.2,2,7,3,0,None,0.3,1502.00004,1502.3000399999999,1500.0,1502.00004
61,COMP_M,0,0_01,M.USER.APP.0,0,5,1,0,None,0.3,1601.00002,1601.30002,1600.0,1601.00002
62,COMP_M,1,1_01,M.USER.APP.1,1,6,2,0,None,0.3,1601.00002,1601.30002,1600.0,1601.00002
64,COMP_M,3,3_01,M.USER.APP.3,3,8,4,0,None,0.3,1601.00002,1601.30002,1600.0,1601.00002
63,COMP_M,2,2_01,M.USER.APP.2,2,7,3,0,None,0.3,1602.00004,1602.3000399999999,1600.0,1602.00004
65,COMP_M,0,0_01,M.USER.APP.0,0,5,1,0,None,0.3,1701.00002,1701.30002,1700.0,1701.00002
66,COMP_M,1,1_01,M.USER.APP.1,1,6,2,0,None,0.3,1701.00002,1701.30002,1700.0,1701.00002
68,COMP_M,3,3_01,M.USER.APP.3,3,8,4,0,None,0.3,1701.00002,1701.30002,1700.0,1701.00002
67,COMP_M,2,2_01,M.USER.APP.2,2,7,3,0,None,0.3,1702.00004,1702.3000399999999,1700.0,1702.00004
69,COMP_M,0,0_01,M.USER.APP.0,0,5,1,0,None,0.3,1801.00002,1801.30002,1800.0,1801.00002
70,COMP_M,1,1_01,M.USER.APP.1,1,6,2,0,None,0.3,1801.00002,1801.30002,1800.0,1801.00002
72,COMP_M,3,3_01,M.USER.APP.3,3,8,4,0,None,0.3,1801.00002,1801.30002,1800.0,1801.00002
71,COMP_M,2,2_01,M.USER.APP.2,2,7,3,0,None,0.3,1802.00004,1802.3000399999999,1800.0,1802.00004
73,COMP_M,0,0_01,M.USER.APP.0,0,5,1,0,None,0.3,1901.00002,1901.30002,1900.0,1901.00002
74,COMP_M,1,1_01,M.USER.APP.1,1,6,2,0,None,0.3,1901.00002,1901.30002,1900.0,1901.00002
76,COMP_M,3,3_01,M.USER.APP.3,3,8,4,0,None,0.3,1901.00002,1901.30002,1900.0,1901.00002
75,COMP_M,2,2_01,M.USER.APP.2,2,7,3,0,None,0.3,1902.00004,1902.3000399999999,1900.0,1902.00004
77,COMP_M,0,0_01,M.USER.APP.0,0,5,1,0,None,0.3,2001.00002,2001.30002,2000.0,2001.00002
78,COMP_M,1,1_01,M.USER.APP.1,1,6,2,0,None,0.3,2001.00002,2001.30002,2000.0,2001.00002
80,COMP_M,3,3_01,M.USER.APP.3,3,8,4,0,None,0.3,2001.00002,2001.30002,2000.0,2001.00002
79,COMP_M,2,2_01,M.USER.APP.2,2,7,3,0,None,0.3,2002.00004,2002.3000399999999,2000.0,2002.00004
81,COMP_M,0,0_01,M.USER.APP.0,0,5,1,0,None,0.3,2101.00002,2101.30002,2100.0,2101.00002
82,COMP_M,1,1_01,M.USER.APP.1,1,6,2,0,None,0.3,2101.00002,2101.30002,2100.0,2101.00002
84,COMP_M,3,3_01,M.USER.APP.3,3,8,4,0,None,0.3,2101.00002,2101.30002,2100.0,2101.00002
83,COMP_M,2,2_01,M.USER.APP.2,2,7,3,0,None,0.3,2102.00004,2102.30004,2100.0,2102.00004
85,COMP_M,0,0_01,M.USER.APP.0,0,5,1,0,None,0.3,2201.00002,2201.30002,2200.0,2201.00002
86,COMP_M,1,1_01,M.USER.APP.1,1,6,2,0,None,0.3,2201.00002,2201.30002,2200.0,2201.00002
88,COMP_M,3,3_01,M.USER.APP.3,3,8,4,0,None,0.3,2201.00002,2201.30002,2200.0,2201.00002
87,COMP_M,2,2_01,M.USER.APP.2,2,7,3,0,None,0.3,2202.00004,2202.30004,2200.0,2202.00004
89,COMP_M,0,0_01,M.USER.APP.0,0,5,1,0,None,0.3,2301.00002,2301.30002,2300.0,2301.00002
90,COMP_M,1,1_01,M.USER.APP.1,1,6,2,0,None,0.3,2301.00002,2301.30002,2300.0,2301.00002
92,COMP_M,3,3_01,M.USER.APP.3,3,8,4,0,None,0.3,2301.00002,2301.30002,2300.0,2301.00002
91,COMP_M,2,2_01,M.USER.APP.2,2,7,3,0,None,0.3,2302.00004,2302.30004,2300.0,2302.00004
93,COMP_M,0,0_01,M.USER.APP.0,0,5,1,0,None,0.3,2401.00002,2401.30002,2400.0,2401.00002
94,COMP_M,1,1_01,M.USER.APP.1,1,6,2,0,None,0.3,2401.00002,2401.30002,2400.0,2401.00002
96,COMP_M,3,3_01,M.USER.APP.3,3,8,4,0,None,0.3,2401.00002,2401.30002,2400.0,2401.00002
95,COMP_M,2,2_01,M.USER.APP.2,2,7,3,0,None,0.3,2402.00004,2402.30004,2400.0,2402.00004
97,COMP_M,0,0_01,M.USER.APP.0,0,5,1,0,None,0.3,2501.00002,2501.30002,2500.0,2501.00002
98,COMP_M,1,1_01,M.USER.APP.1,1,6,2,0,None,0.3,2501.00002,2501.30002,2500.0,2501.00002
100,COMP_M,3,3_01,M.USER.APP.3,3,8,4,0,None,0.3,2501.00002,2501.30002,2500.0,2501.00002
99,COMP_M,2,2_01,M.USER.APP.2,2,7,3,0,None,0.3,2502.00004,2502.30004,2500.0,2502.00004
101,COMP_M,0,0_01,M.USER.APP.0,0,5,1,0,None,0.3,2601.00002,2601.30002,2600.0,2601.00002
102,COMP_M,1,1_01,M.USER.APP.1,1,6,2,0,None,0.3,2601.00002,2601.30002,2600.0,2601.00002
104,COMP_M,3,3_01,M.USER.APP.3,3,8,4,0,None,0.3,2601.00002,2601.30002,2600.0,2601.00002
103,COMP_M,2,2_01,M.USER.APP.2,2,7,3,0,None,0.3,2602.00004,2602.30004,2600.0,2602.00004
105,COMP_M,0,0_01,M.USER.APP.0,0,5,1,0,None,0.3,2701.00002,2701.30002,2700.0,2701.00002
106,COMP_M,1,1_01,M.USER.APP.1,1,6,2,0,None,0.3,2701.00002,2701.30002,2700.0,2701.00002
108,COMP_M,3,3_01,M.USER.APP.3,3,8,4,0,None,0.3,2701.00002,2701.30002,2700.0,2701.00002
107,COMP_M,2,2_01,M.USER.APP.2,2,7,3,0,None,0.3,2702.00004,2702.30004,2700.0,2702.00004
109,COMP_M,0,0_01,M.USER.APP.0,0,5,1,0,None,0.3,2801.00002,2801.30002,2800.0,2801.00002
110,COMP_M,1,1_01,M.USER.APP.1,1,6,2,0,None,0.3,2801.00002,2801.30002,2800.0,2801.00002
112,COMP_M,3,3_01,M.USER.APP.3,3,8,4,0,None,0.3,2801.00002,2801.30002,2800.0,2801.00002
111,COMP_M,2,2_01,M.USER.APP.2,2,7,3,0,None,0.3,2802.00004,2802.30004,2800.0,2802.00004
113,COMP_M,0,0_01,M.USER.APP.0,0,5,1,0,None,0.3,2901.00002,2901.30002,2900.0,2901.00002
114,COMP_M,1,1_01,M.USER.APP.1,1,6,2,0,None,0.3,2901.00002,2901.30002,2900.0,2901.00002
116,COMP_M,3,3_01,M.USER.APP.3,3,8,4,0,None,0.3,2901.00002,2901.30002,2900.0,2901.00002
115,COMP_M,2,2_01,M.USER.APP.2,2,7,3,0,None,0.3,2902.00004,2902.30004,2900.0,2902.00004
117,COMP_M,0,0_01,M.USER.APP.0,0,5,1,0,None,0.3,3001.00002,3001.30002,3000.0,3001.00002
118,COMP_M,1,1_01,M.USER.APP.1,1,6,2,0,None,0.3,3001.00002,3001.30002,3000.0,3001.00002
120,COMP_M,3,3_01,M.USER.APP.3,3,8,4,0,None,0.3,3001.00002,3001.30002,3000.0,3001.00002
119,COMP_M,2,2_01,M.USER.APP.2,2,7,3,0,None,0.3,3002.00004,3002.30004,3000.0,3002.00004
121,COMP_M,0,0_01,M.USER.APP.0,0,5,1,0,None,0.3,3101.00002,3101.30002,3100.0,3101.00002
122,COMP_M,1,1_01,M.USER.APP.1,1,6,2,0,None,0.3,3101.00002,3101.30002,3100.0,3101.00002
124,COMP_M,3,3_01,M.USER.APP.3,3,8,4,0,None,0.3,3101.00002,3101.30002,3100.0,3101.00002
123,COMP_M,2,2_01,M.USER.APP.2,2,7,3,0,None,0.3,3102.00004,3102.30004,3100.0,3102.00004
125,COMP_M,0,0_01,M.USER.APP.0,0,5,1,0,None,0.3,3201.00002,3201.30002,3200.0,3201.00002
126,COMP_M,1,1_01,M.USER.APP.1,1,6,2,0,None,0.3,3201.00002,3201.30002,3200.0,3201.00002
128,COMP_M,3,3_01,M.USER.APP.3,3,8,4,0,None,0.3,3201.00002,3201.30002,3200.0,3201.00002
127,COMP_M,2,2_01,M.USER.APP.2,2,7,3,0,None,0.3,3202.00004,3202.30004,3200.0,3202.00004
129,COMP_M,0,0_01,M.USER.APP.0,0,5,1,0,None,0.3,3301.00002,3301.30002,3300.0,3301.00002
130,COMP_M,1,1_01,M.USER.APP.1,1,6,2,0,None,0.3,3301.00002,3301.30002,3300.0,3301.00002
132,COMP_M,3,3_01,M.USER.APP.3,3,8,4,0,None,0.3,3301.00002,3301.30002,3300.0,3301.00002
131,COMP_M,2,2_01,M.USER.APP.2,2,7,3,0,None,0.3,3302.00004,3302.30004,3300.0,3302.00004
133,COMP_M,0,0_01,M.USER.APP.0,0,5,1,0,None,0.3,3401.00002,3401.30002,3400.0,3401.00002
134,COMP_M,1,1_01,M.USER.APP.1,1,6,2,0,None,0.3,3401.00002,3401.30002,3400.0,3401.00002
136,COMP_M,3,3_01,M.USER.APP.3,3,8,4,0,None,0.3,3401.00002,3401.30002,3400.0,3401.00002
135,COMP_M,2,2_01,M.USER.APP.2,2,7,3,0,None,0.3,3402.00004,3402.30004,3400.0,3402.00004
137,COMP_M,0,0_01,M.USER.APP.0,0,5,1,0,None,0.3,3501.00002,3501.30002,3500.0,3501.00002
138,COMP_M,1,1_01,M.USER.APP.1,1,6,2,0,None,0.3,3501.00002,3501.30002,3500.0,3501.00002
140,COMP_M,3,3_01,M.USER.APP.3,3,8,4,0,None,0.3,3501.00002,3501.30002,3500.0,3501.00002
139,COMP_M,2,2_01,M.USER.APP.2,2,7,3,0,None,0.3,3502.00004,3502.30004,3500.0,3502.00004
141,COMP_M,0,0_01,M.USER.APP.0,0,5,1,0,None,0.3,3601.00002,3601.30002,3600.0,3601.00002
142,COMP_M,1,1_01,M.USER.APP.1,1,6,2,0,None,0.3,3601.00002,3601.30002,3600.0,3601.00002
144,COMP_M,3,3_01,M.USER.APP.3,3,8,4,0,None,0.3,3601.00002,3601.30002,3600.0,3601.00002
143,COMP_M,2,2_01,M.USER.APP.2,2,7,3,0,None,0.3,3602.00004,3602.30004,3600.0,3602.00004
145,COMP_M,0,0_01,M.USER.APP.0,0,5,1,0,None,0.3,3701.00002,3701.30002,3700.0,3701.00002
146,COMP_M,1,1_01,M.USER.APP.1,1,6,2,0,None,0.3,3701.00002,3701.30002,3700.0,3701.00002
148,COMP_M,3,3_01,M.USER.APP.3,3,8,4,0,None,0.3,3701.00002,3701.30002,3700.0,3701.00002
147,COMP_M,2,2_01,M.USER.APP.2,2,7,3,0,None,0.3,3702.00004,3702.30004,3700.0,3702.00004
149,COMP_M,0,0_01,M.USER.APP.0,0,5,1,0,None,0.3,3801.00002,3801.30002,3800.0,3801.00002
150,COMP_M,1,1_01,M.USER.APP.1,1,6,2,0,None,0.3,3801.00002,3801.30002,3800.0,3801.00002
152,COMP_M,3,3_01,M.USER.APP.3,3,8,4,0,None,0.3,3801.00002,3801.30002,3800.0,3801.00002
151,COMP_M,2,2_01,M.USER.APP.2,2,7,3,0,None,0.3,3802.00004,3802.30004,3800.0,3802.00004
153,COMP_M,0,0_01,M.USER.APP.0,0,5,1,0,None,0.3,3901.00002,3901.30002,3900.0,3901.00002
154,COMP_M,1,1_01,M.USER.APP.1,1,6,2,0,None,0.3,3901.00002,3901.30002,3900.0,3901.00002
156,COMP_M,3,3_01,M.USER.APP.3,3,8,4,0,None,0.3,3901.00002,3901.30002,3900.0,3901.00002
155,COMP_M,2,2_01,M.USER.APP.2,2,7,3,0,None,0.3,3902.00004,3902.30004,3900.0,3902.00004
157,COMP_M,0,0_01,M.USER.APP.0,0,5,1,0,None,0.3,4001.00002,4001.30002,4000.0,4001.00002
158,COMP_M,1,1_01,M.USER.APP.1,1,6,2,0,None,0.3,4001.00002,4001.30002,4000.0,4001.00002
160,COMP_M,3,3_01,M.USER.APP.3,3,8,4,0,None,0.3,4001.00002,4001.30002,4000.0,4001.00002
159,COMP_M,2,2_01,M.USER.APP.2,2,7,3,0,None,0.3,4002.00004,4002.30004,4000.0,4002.00004
161,COMP_M,0,0_01,M.USER.APP.0,0,5,1,0,None,0.3,4101.00002,4101.300020000001,4100.0,4101.00002
162,COMP_M,1,1_01,M.USER.APP.1,1,6,2,0,None,0.3,4101.00002,4101.300020000001,4100.0,4101.00002
164,COMP_M,3,3_01,M.USER.APP.3,3,8,4,0,None,0.3,4101.00002,4101.300020000001,4100.0,4101.00002
163,COMP_M,2,2_01,M.USER.APP.2,2,7,3,0,None,0.3,4102.000040000001,4102.300040000001,4100.0,4102.000040000001
165,COMP_M,0,0_01,M.USER.APP.0,0,5,1,0,None,0.3,4201.00002,4201.300020000001,4200.0,4201.00002
166,COMP_M,1,1_01,M.USER.APP.1,1,6,2,0,None,0.3,4201.00002,4201.300020000001,4200.0,4201.00002
168,COMP_M,3,3_01,M.USER.APP.3,3,8,4,0,None,0.3,4201.00002,4201.300020000001,4200.0,4201.00002
167,COMP_M,2,2_01,M.USER.APP.2,2,7,3,0,None,0.3,4202.000040000001,4202.300040000001,4200.0,4202.000040000001
169,COMP_M,0,0_01,M.USER.APP.0,0,5,1,0,None,0.3,4301.00002,4301.300020000001,4300.0,4301.00002
170,COMP_M,1,1_01,M.USER.APP.1,1,6,2,0,None,0.3,4301.00002,4301.300020000001,4300.0,4301.00002
172,COMP_M,3,3_01,M.USER.APP.3,3,8,4,0,None,0.3,4301.00002,4301.300020000001,4300.0,4301.00002
171,COMP_M,2,2_01,M.USER.APP.2,2,7,3,0,None,0.3,4302.000040000001,4302.300040000001,4300.0,4302.000040000001
173,COMP_M,0,0_01,M.USER.APP.0,0,5,1,0,None,0.3,4401.00002,4401.300020000001,4400.0,4401.00002
174,COMP_M,1,1_01,M.USER.APP.1,1,6,2,0,None,0.3,4401.00002,4401.300020000001,4400.0,4401.00002
176,COMP_M,3,3_01,M.USER.APP.3,3,8,4,0,None,0.3,4401.00002,4401.300020000001,4400.0,4401.00002
175,COMP_M,2,2_01,M.USER.APP.2,2,7,3,0,None,0.3,4402.000040000001,4402.300040000001,4400.0,4402.000040000001
177,COMP_M,0,0_01,M.USER.APP.0,0,5,1,0,None,0.3,4501.00002,4501.300020000001,4500.0,4501.00002
178,COMP_M,1,1_01,M.USER.APP.1,1,6,2,0,None,0.3,4501.00002,4501.300020000001,4500.0,4501.00002
180,COMP_M,3,3_01,M.USER.APP.3,3,8,4,0,None,0.3,4501.00002,4501.300020000001,4500.0,4501.00002
179,COMP_M,2,2_01,M.USER.APP.2,2,7,3,0,None,0.3,4502.000040000001,4502.300040000001,4500.0,4502.000040000001
181,COMP_M,0,0_01,M.USER.APP.0,0,5,1,0,None,0.3,4601.00002,4601.300020000001,4600.0,4601.00002
182,COMP_M,1,1_01,M.USER.APP.1,1,6,2,0,None,0.3,4601.00002,4601.300020000001,4600.0,4601.00002
184,COMP_M,3,3_01,M.USER.APP.3,3,8,4,0,None,0.3,4601.00002,4601.300020000001,4600.0,4601.00002
183,COMP_M,2,2_01,M.USER.APP.2,2,7,3,0,None,0.3,4602.000040000001,4602.300040000001,4600.0,4602.000040000001
185,COMP_M,0,0_01,M.USER.APP.0,0,5,1,0,None,0.3,4701.00002,4701.300020000001,4700.0,4701.00002
186,COMP_M,1,1_01,M.USER.APP.1,1,6,2,0,None,0.3,4701.00002,4701.300020000001,4700.0,4701.00002
188,COMP_M,3,3_01,M.USER.APP.3,3,8,4,0,None,0.3,4701.00002,4701.300020000001,4700.0,4701.00002
187,COMP_M,2,2_01,M.USER.APP.2,2,7,3,0,None,0.3,4702.000040000001,4702.300040000001,4700.0,4702.000040000001
189,COMP_M,0,0_01,M.USER.APP.0,0,5,1,0,None,0.3,4801.00002,4801.300020000001,4800.0,4801.00002
190,COMP_M,1,1_01,M.USER.APP.1,1,6,2,0,None,0.3,4801.00002,4801.300020000001,4800.0,4801.00002
192,COMP_M,3,3_01,M.USER.APP.3,3,8,4,0,None,0.3,4801.00002,4801.300020000001,4800.0,4801.00002
191,COMP_M,2,2_01,M.USER.APP.2,2,7,3,0,None,0.3,4802.000040000001,4802.300040000001,4800.0,4802.000040000001
193,COMP_M,0,0_01,M.USER.APP.0,0,5,1,0,None,0.3,4901.00002,4901.300020000001,4900.0,4901.00002
194,COMP_M,1,1_01,M.USER.APP.1,1,6,2,0,None,0.3,4901.00002,4901.300020000001,4900.0,4901.00002
196,COMP_M,3,3_01,M.USER.APP.3,3,8,4,0,None,0.3,4901.00002,4901.300020000001,4900.0,4901.00002
195,COMP_M,2,2_01,M.USER.APP.2,2,7,3,0,None,0.3,4902.000040000001,4902.300040000001,4900.0,4902.000040000001
199,COMP_M,2,2_01,M.USER.APP.2,2,15,3,2,None,0.3,5001.00002,5001.300020000001,5000.0,5001.00002
200,COMP_M,3,3_01,M.USER.APP.3,3,16,4,16,None,0.3,5004.000080000002,5004.300080000002,5000.0,5004.000080000002
198,COMP_M,1,1_01,M.USER.APP.1,1,14,2,26,None,0.3,5005.000100000002,5005.300100000002,5000.0,5005.000100000002
197,COMP_M,0,0_01,M.USER.APP.0,0,13,1,23,None,0.3,5005.000100000002,5005.300100000002,5000.0,5005.000100000002
203,COMP_M,2,2_01,M.USER.APP.2,2,15,3,2,None,0.3,5101.00002,5101.300020000001,5100.0,5101.00002
204,COMP_M,3,3_01,M.USER.APP.3,3,16,4,16,None,0.3,5104.000080000002,5104.300080000002,5100.0,5104.000080000002
202,COMP_M,1,1_01,M.USER.APP.1,1,14,2,26,None,0.3,5105.000100000002,5105.300100000002,5100.0,5105.000100000002
201,COMP_M,0,0_01,M.USER.APP.0,0,13,1,23,None,0.3,5105.000100000002,5105.300100000002,5100.0,5105.000100000002
207,COMP_M,2,2_01,M.USER.APP.2,2,15,3,2,None,0.3,5201.00002,5201.300020000001,5200.0,5201.00002
208,COMP_M,3,3_01,M.USER.APP.3,3,16,4,16,None,0.3,5204.000080000002,5204.300080000002,5200.0,5204.000080000002
206,COMP_M,1,1_01,M.USER.APP.1,1,14,2,26,None,0.3,5205.000100000002,5205.300100000002,5200.0,5205.000100000002
205,COMP_M,0,0_01,M.USER.APP.0,0,13,1,23,None,0.3,5205.000100000002,5205.300100000002,5200.0,5205.000100000002
211,COMP_M,2,2_01,M.USER.APP.2,2,15,3,2,None,0.3,5301.00002,5301.300020000001,5300.0,5301.00002
212,COMP_M,3,3_01,M.USER.APP.3,3,16,4,16,None,0.3,5304.000080000002,5304.300080000002,5300.0,5304.000080000002
210,COMP_M,1,1_01,M.USER.APP.1,1,14,2,26,None,0.3,5305.000100000002,5305.300100000002,5300.0,5305.000100000002
209,COMP_M,0,0_01,M.USER.APP.0,0,13,1,23,None,0.3,5305.000100000002,5305.300100000002,5300.0,5305.000100000002
215,COMP_M,2,2_01,M.USER.APP.2,2,15,3,2,None,0.3,5401.00002,5401.300020000001,5400.0,5401.00002
216,COMP_M,3,3_01,M.USER.APP.3,3,16,4,16,None,0.3,5404.000080000002,5404.300080000002,5400.0,5404.000080000002
214,COMP_M,1,1_01,M.USER.APP.1,1,14,2,26,None,0.3,5405.000100000002,5405.300100000002,5400.0,5405.000100000002
213,COMP_M,0,0_01,M.USER.APP.0,0,13,1,23,None,0.3,5405.000100000002,5405.300100000002,5400.0,5405.000100000002
219,COMP_M,2,2_01,M.USER.APP.2,2,15,3,2,None,0.3,5501.00002,5501.300020000001,5500.0,5501.00002
220,COMP_M,3,3_01,M.USER.APP.3,3,16,4,16,None,0.3,5504.000080000002,5504.300080000002,5500.0,5504.000080000002
218,COMP_M,1,1_01,M.USER.APP.1,1,14,2,26,None,0.3,5505.000100000002,5505.300100000002,5500.0,5505.000100000002
217,COMP_M,0,0_01,M.USER.APP.0,0,13,1,23,None,0.3,5505.000100000002,5505.300100000002,5500.0,5505.000100000002
223,COMP_M,2,2_01,M.USER.APP.2,2,15,3,2,None,0.3,5601.00002,5601.300020000001,5600.0,5601.00002
224,COMP_M,3,3_01,M.USER.APP.3,3,16,4,16,None,0.3,5604.000080000002,5604.300080000002,5600.0,5604.000080000002
222,COMP_M,1,1_01,M.USER.APP.1,1,14,2,26,None,0.3,5605.000100000002,5605.300100000002,5600.0,5605.000100000002
221,COMP_M,0,0_01,M.USER.APP.0,0,13,1,23,None,0.3,5605.000100000002,5605.300100000002,5600.0,5605.000100000002
227,COMP_M,2,2_01,M.USER.APP.2,2,15,3,2,None,0.3,5701.00002,5701.300020000001,5700.0,5701.00002
228,COMP_M,3,3_01,M.USER.APP.3,3,16,4,16,None,0.3,5704.000080000002,5704.300080000002,5700.0,5704.000080000002
226,COMP_M,1,1_01,M.USER.APP.1,1,14,2,26,None,0.3,5705.000100000002,5705.300100000002,5700.0,5705.000100000002
225,COMP_M,0,0_01,M.USER.APP.0,0,13,1,23,None,0.3,5705.000100000002,5705.300100000002,5700.0,5705.000100000002
231,COMP_M,2,2_01,M.USER.APP.2,2,15,3,2,None,0.3,5801.00002,5801.300020000001,5800.0,5801.00002
232,COMP_M,3,3_01,M.USER.APP.3,3,16,4,16,None,0.3,5804.000080000002,5804.300080000002,5800.0,5804.000080000002
230,COMP_M,1,1_01,M.USER.APP.1,1,14,2,26,None,0.3,5805.000100000002,5805.300100000002,5800.0,5805.000100000002
229,COMP_M,0,0_01,M.USER.APP.0,0,13,1,23,None,0.3,5805.000100000002,5805.300100000002,5800.0,5805.000100000002
235,COMP_M,2,2_01,M.USER.APP.2,2,15,3,2,None,0.3,5901.00002,5901.300020000001,5900.0,5901.00002
236,COMP_M,3,3_01,M.USER.APP.3,3,16,4,16,None,0.3,5904.000080000002,5904.300080000002,5900.0,5904.000080000002
234,COMP_M,1,1_01,M.USER.APP.1,1,14,2,26,None,0.3,5905.000100000002,5905.300100000002,5900.0,5905.000100000002
233,COMP_M,0,0_01,M.USER.APP.0,0,13,1,23,None,0.3,5905.000100000002,5905.300100000002,5900.0,5905.000100000002
237,COMP_M,0,0_01,M.USER.APP.0,0,23,1,8,None,0.3,6002.000040000001,6002.300040000001,6000.0,6002.000040000001
238,COMP_M,1,1_01,M.USER.APP.1,1,25,2,8,None,0.3,6003.000060000001,6003.300060000001,6000.0,6003.000060000001
240,COMP_M,3,3_01,M.USER.APP.3,3,21,4,21,None,0.3,6004.000080000002,6004.300080000002,6000.0,6004.000080000002
239,COMP_M,2,2_01,M.USER.APP.2,2,20,3,30,None,0.3,6006.000120000002,6006.300120000003,6000.0,6006.000120000002
241,COMP_M,0,0_01,M.USER.APP.0,0,23,1,8,None,0.3,6102.000040000001,6102.300040000001,6100.0,6102.000040000001
242,COMP_M,1,1_01,M.USER.APP.1,1,25,2,8,None,0.3,6103.000060000001,6103.300060000001,6100.0,6103.000060000001
244,COMP_M,3,3_01,M.USER.APP.3,3,21,4,21,None,0.3,6104.000080000002,6104.300080000002,6100.0,6104.000080000002
243,COMP_M,2,2_01,M.USER.APP.2,2,20,3,30,None,0.3,6106.000120000002,6106.300120000003,6100.0,6106.000120000002
245,COMP_M,0,0_01,M.USER.APP.0,0,23,1,8,None,0.3,6202.000040000001,6202.300040000001,6200.0,6202.000040000001
246,COMP_M,1,1_01,M.USER.APP.1,1,25,2,8,None,0.3,6203.000060000001,6203.300060000001,6200.0,6203.000060000001
248,COMP_M,3,3_01,M.USER.APP.3,3,21,4,21,None,0.3,6204.000080000002,6204.300080000002,6200.0,6204.000080000002
247,COMP_M,2,2_01,M.USER.APP.2,2,20,3,30,None,0.3,6206.000120000002,6206.300120000003,6200.0,6206.000120000002
249,COMP_M,0,0_01,M.USER.APP.0,0,23,1,8,None,0.3,6302.000040000001,6302.300040000001,6300.0,6302.000040000001
250,COMP_M,1,1_01,M.USER.APP.1,1,25,2,8,None,0.3,6303.000060000001,6303.300060000001,6300.0,6303.000060000001
252,COMP_M,3,3_01,M.USER.APP.3,3,21,4,21,None,0.3,6304.000080000002,6304.300080000002,6300.0,6304.000080000002
251,COMP_M,2,2_01,M.USER.APP.2,2,20,3,30,None,0.3,6306.000120000002,6306.300120000003,6300.0,6306.000120000002
253,COMP_M,0,0_01,M.USER.APP.0,0,23,1,8,None,0.3,6402.000040000001,6402.300040000001,6400.0,6402.000040000001
254,COMP_M,1,1_01,M.USER.APP.1,1,25,2,8,None,0.3,6403.000060000001,6403.300060000001,6400.0,6403.000060000001
256,COMP_M,3,3_01,M.USER.APP.3,3,21,4,21,None,0.3,6404.000080000002,6404.300080000002,6400.0,6404.000080000002
255,COMP_M,2,2_01,M.USER.APP.2,2,20,3,30,None,0.3,6406.000120000002,6406.300120000003,6400.0,6406.000120000002
257,COMP_M,0,0_01,M.USER.APP.0,0,23,1,8,None,0.3,6502.000040000001,6502.300040000001,6500.0,6502.000040000001
258,COMP_M,1,1_01,M.USER.APP.1,1,25,2,8,None,0.3,6503.000060000001,6503.300060000001,6500.0,6503.000060000001
260,COMP_M,3,3_01,M.USER.APP.3,3,21,4,21,None,0.3,6504.000080000002,6504.300080000002,6500.0,6504.000080000002
259,COMP_M,2,2_01,M.USER.APP.2,2,20,3,30,None,0.3,6506.000120000002,6506.300120000003,6500.0,6506.000120000002
261,COMP_M,0,0_01,M.USER.APP.0,0,23,1,8,None,0.3,6602.000040000001,6602.300040000001,6600.0,6602.000040000001
262,COMP_M,1,1_01,M.USER.APP.1,1,25,2,8,None,0.3,6603.000060000001,6603.300060000001,6600.0,6603.000060000001
264,COMP_M,3,3_01,M.USER.APP.3,3,21,4,21,None,0.3,6604.000080000002,6604.300080000002,6600.0,6604.000080000002
263,COMP_M,2,2_01,M.USER.APP.2,2,20,3,30,None,0.3,6606.000120000002,6606.300120000003,6600.0,6606.000120000002
265,COMP_M,0,0_01,M.USER.APP.0,0,23,1,8,None,0.3,6702.000040000001,6702.300040000001,6700.0,6702.000040000001
266,COMP_M,1,1_01,M.USER.APP.1,1,25,2,8,None,0.3,6703.000060000001,6703.300060000001,6700.0,6703.000060000001
268,COMP_M,3,3_01,M.USER.APP.3,3,21,4,21,None,0.3,6704.000080000002,6704.300080000002,6700.0,6704.000080000002
267,COMP_M,2,2_01,M.USER.APP.2,2,20,3,30,None,0.3,6706.000120000002,6706.300120000003,6700.0,6706.000120000002
269,COMP_M,0,0_01,M.USER.APP.0,0,23,1,8,None,0.3,6802.000040000001,6802.300040000001,6800.0,6802.000040000001
270,COMP_M,1,1_01,M.USER.APP.1,1,25,2,8,None,0.3,6803.000060000001,6803.300060000001,6800.0,6803.000060000001
272,COMP_M,3,3_01,M.USER.APP.3,3,21,4,21,None,0.3,6804.000080000002,6804.300080000002,6800.0,6804.000080000002
271,COMP_M,2,2_01,M.USER.APP.2,2,20,3,30,None,0.3,6806.000120000002,6806.300120000003,6800.0,6806.000120000002
273,COMP_M,0,0_01,M.USER.APP.0,0,23,1,8,None,0.3,6902.000040000001,6902.300040000001,6900.0,6902.000040000001
274,COMP_M,1,1_01,M.USER.APP.1,1,25,2,8,None,0.3,6903.000060000001,6903.300060000001,6900.0,6903.000060000001
276,COMP_M,3,3_01,M.USER.APP.3,3,21,4,21,None,0.3,6904.000080000002,6904.300080000002,6900.0,6904.000080000002
275,COMP_M,2,2_01,M.USER.APP.2,2,20,3,30,None,0.3,6906.000120000002,6906.300120000003,6900.0,6906.000120000002
277,COMP_M,0,0_01,M.USER.APP.0,0,28,1,9,None,0.3,7003.000060000001,7003.300060000001,7000.0,7003.000060000001
278,COMP_M,1,1_01,M.USER.APP.1,1,29,2,20,None,0.3,7003.000060000001,7003.300060000001,7000.0,7003.000060000001
280,COMP_M,3,3_01,M.USER.APP.3,3,32,4,19,None,0.3,7005.000100000002,7005.300100000002,7000.0,7005.000100000002
279,COMP_M,2,2_01,M.USER.APP.2,2,20,3,30,None,0.3,7007.000140000003,7007.300140000003,7000.0,7007.000140000003
281,COMP_M,0,0_01,M.USER.APP.0,0,28,1,9,None,0.3,7103.000060000001,7103.300060000001,7100.0,7103.000060000001
282,COMP_M,1,1_01,M.USER.APP.1,1,29,2,20,None,0.3,7103.000060000001,7103.300060000001,7100.0,7103.000060000001
284,COMP_M,3,3_01,M.USER.APP.3,3,32,4,19,None,0.3,7105.000100000002,7105.300100000002,7100.0,7105.000100000002
283,COMP_M,2,2_01,M.USER.APP.2,2,20,3,30,None,0.3,7107.000140000003,7107.300140000003,7100.0,7107.000140000003
285,COMP_M,0,0_01,M.USER.APP.0,0,28,1,9,None,0.3,7203.000060000001,7203.300060000001,7200.0,7203.000060000001
286,COMP_M,1,1_01,M.USER.APP.1,1,29,2,20,None,0.3,7203.000060000001,7203.300060000001,7200.0,7203.000060000001
288,COMP_M,3,3_01,M.USER.APP.3,3,32,4,19,None,0.3,7205.000100000002,7205.300100000002,7200.0,7205.000100000002
287,COMP_M,2,2_01,M.USER.APP.2,2,20,3,30,None,0.3,7207.000140000003,7207.300140000003,7200.0,7207.000140000003
289,COMP_M,0,0_01,M.USER.APP.0,0,28,1,9,None,0.3,7303.000060000001,7303.300060000001,7300.0,7303.000060000001
290,COMP_M,1,1_01,M.USER.APP.1,1,29,2,20,None,0.3,7303.000060000001,7303.300060000001,7300.0,7303.000060000001
292,COMP_M,3,3_01,M.USER.APP.3,3,32,4,19,None,0.3,7305.000100000002,7305.300100000002,7300.0,7305.000100000002
291,COMP_M,2,2_01,M.USER.APP.2,2,20,3,30,None,0.3,7307.000140000003,7307.300140000003,7300.0,7307.000140000003
293,COMP_M,0,0_01,M.USER.APP.0,0,28,1,9,None,0.3,7403.000060000001,7403.300060000001,7400.0,7403.000060000001
294,COMP_M,1,1_01,M.USER.APP.1,1,29,2,20,None,0.3,7403.000060000001,7403.300060000001,7400.0,7403.000060000001
296,COMP_M,3,3_01,M.USER.APP.3,3,32,4,19,None,0.3,7405.000100000002,7405.300100000002,7400.0,7405.000100000002
295,COMP_M,2,2_01,M.USER.APP.2,2,20,3,30,None,0.3,7407.000140000003,7407.300140000003,7400.0,7407.000140000003
297,COMP_M,0,0_01,M.USER.APP.0,0,28,1,9,None,0.3,7503.000060000001,7503.300060000001,7500.0,7503.000060000001
298,COMP_M,1,1_01,M.USER.APP.1,1,29,2,20,None,0.3,7503.000060000001,7503.300060000001,7500.0,7503.000060000001
300,COMP_M,3,3_01,M.USER.APP.3,3,32,4,19,None,0.3,7505.000100000002,7505.300100000002,7500.0,7505.000100000002
299,COMP_M,2,2_01,M.USER.APP.2,2,20,3,30,None,0.3,7507.000140000003,7507.300140000003,7500.0,7507.000140000003
301,COMP_M,0,0_01,M.USER.APP.0,0,28,1,9,None,0.3,7603.000060000001,7603.300060000001,7600.0,7603.000060000001
302,COMP_M,1,1_01,M.USER.APP.1,1,29,2,20,None,0.3,7603.000060000001,7603.300060000001,7600.0,7603.000060000001
304,COMP_M,3,3_01,M.USER.APP.3,3,32,4,19,None,0.3,7605.000100000002,7605.300100000002,7600.0,7605.000100000002
303,COMP_M,2,2_01,M.USER.APP.2,2,20,3,30,None,0.3,7607.000140000003,7607.300140000003,7600.0,7607.000140000003
305,COMP_M,0,0_01,M.USER.APP.0,0,28,1,9,None,0.3,7703.000060000001,7703.300060000001,7700.0,7703.000060000001
306,COMP_M,1,1_01,M.USER.APP.1,1,29,2,20,None,0.3,7703.000060000001,7703.300060000001,7700.0,7703.000060000001
308,COMP_M,3,3_01,M.USER.APP.3,3,32,4,19,None,0.3,7705.000100000002,7705.300100000002,7700.0,7705.000100000002
307,COMP_M,2,2_01,M.USER.APP.2,2,20,3,30,None,0.3,7707.000140000003,7707.300140000003,7700.0,7707.000140000003
309,COMP_M,0,0_01,M.USER.APP.0,0,28,1,9,None,0.3,7803.000060000001,7803.300060000001,7800.0,7803.000060000001
310,COMP_M,1,1_01,M.USER.APP.1,1,29,2,20,None,0.3,7803.000060000001,7803.300060000001,7800.0,7803.000060000001
312,COMP_M,3,3_01,M.USER.APP.3,3,32,4,19,None,0.3,7805.000100000002,7805.300100000002,7800.0,7805.000100000002
311,COMP_M,2,2_01,M.USER.APP.2,2,20,3,30,None,0.3,7807.000140000003,7807.300140000003,7800.0,7807.000140000003
313,COMP_M,0,0_01,M.USER.APP.0,0,28,1,9,None,0.3,7903.000060000001,7903.300060000001,7900.0,7903.000060000001
314,COMP_M,1,1_01,M.USER.APP.1,1,29,2,20,None,0.3,7903.000060000001,7903.300060000001,7900.0,7903.000060000001
316,COMP_M,3,3_01,M.USER.APP.3,3,32,4,19,None,0.3,7905.000100000002,7905.300100000002,7900.0,7905.000100000002
315,COMP_M,2,2_01,M.USER.APP.2,2,20,3,30,None,0.3,7907.000140000003,7907.300140000003,7900.0,7907.000140000003
317,COMP_M,0,0_01,M.USER.APP.0,0,35,1,28,None,0.3,8004.000080000002,8004.300080000002,8000.0,8004.000080000002
318,COMP_M,1,1_01,M.USER.APP.1,1,37,2,13,None,0.3,8004.000080000002,8004.300080000002,8000.0,8004.000080000002
320,COMP_M,3,3_01,M.USER.APP.3,3,38,4,30,None,0.3,8006.000120000002,8006.300120000003,8000.0,8006.000120000002
319,COMP_M,2,2_01,M.USER.APP.2,2,39,3,27,None,0.3,8007.000140000003,8007.300140000003,8000.0,8007.000140000003
321,COMP_M,0,0_01,M.USER.APP.0,0,35,1,28,None,0.3,8104.000080000002,8104.300080000002,8100.0,8104.000080000002
322,COMP_M,1,1_01,M.USER.APP.1,1,37,2,13,None,0.3,8104.000080000002,8104.300080000002,8100.0,8104.000080000002
324,COMP_M,3,3_01,M.USER.APP.3,3,38,4,30,None,0.3,8106.000120000002,8106.300120000003,8100.0,8106.000120000002
323,COMP_M,2,2_01,M.USER.APP.2,2,39,3,27,None,0.3,8107.000140000003,8107.300140000003,8100.0,8107.000140000003
325,COMP_M,0,0_01,M.USER.APP.0,0,35,1,28,None,0.3,8204.000079999998,8204.300079999997,8200.0,8204.000079999998
326,COMP_M,1,1_01,M.USER.APP.1,1,37,2,13,None,0.3,8204.000079999998,8204.300079999997,8200.0,8204.000079999998
328,COMP_M,3,3_01,M.USER.APP.3,3,38,4,30,None,0.3,8206.000119999997,8206.300119999996,8200.0,8206.000119999997
327,COMP_M,2,2_01,M.USER.APP.2,2,39,3,27,None,0.3,8207.000139999996,8207.300139999996,8200.0,8207.000139999996
329,COMP_M,0,0_01,M.USER.APP.0,0,35,1,28,None,0.3,8304.000079999998,8304.300079999997,8300.0,8304.000079999998
330,COMP_M,1,1_01,M.USER.APP.1,1,37,2,13,None,0.3,8304.000079999998,8304.300079999997,8300.0,8304.000079999998
332,COMP_M,3,3_01,M.USER.APP.3,3,38,4,30,None,0.3,8306.000119999997,8306.300119999996,8300.0,8306.000119999997
331,COMP_M,2,2_01,M.USER.APP.2,2,39,3,27,None,0.3,8307.000139999996,8307.300139999996,8300.0,8307.000139999996
333,COMP_M,0,0_01,M.USER.APP.0,0,35,1,28,None,0.3,8404.000079999998,8404.300079999997,8400.0,8404.000079999998
334,COMP_M,1,1_01,M.USER.APP.1,1,37,2,13,None,0.3,8404.000079999998,8404.300079999997,8400.0,8404.000079999998
336,COMP_M,3,3_01,M.USER.APP.3,3,38,4,30,None,0.3,8406.000119999997,8406.300119999996,8400.0,8406.000119999997
335,COMP_M,2,2_01,M.USER.APP.2,2,39,3,27,None,0.3,8407.000139999996,8407.300139999996,8400.0,8407.000139999996
337,COMP_M,0,0_01,M.USER.APP.0,0,35,1,28,None,0.3,8504.000079999998,8504.300079999997,8500.0,8504.000079999998
338,COMP_M,1,1_01,M.USER.APP.1,1,37,2,13,None,0.3,8504.000079999998,8504.300079999997,8500.0,8504.000079999998
340,COMP_M,3,3_01,M.USER.APP.3,3,38,4,30,None,0.3,8506.000119999997,8506.300119999996,8500.0,8506.000119999997
339,COMP_M,2,2_01,M.USER.APP.2,2,39,3,27,None,0.3,8507.000139999996,8507.300139999996,8500.0,8507.000139999996
341,COMP_M,0,0_01,M.USER.APP.0,0,35,1,28,None,0.3,8604.000079999998,8604.300079999997,8600.0,8604.000079999998
342,COMP_M,1,1_01,M.USER.APP.1,1,37,2,13,None,0.3,8604.000079999998,8604.300079999997,8600.0,8604.000079999998
344,COMP_M,3,3_01,M.USER.APP.3,3,38,4,30,None,0.3,8606.000119999997,8606.300119999996,8600.0,8606.000119999997
343,COMP_M,2,2_01,M.USER.APP.2,2,39,3,27,None,0.3,8607.000139999996,8607.300139999996,8600.0,8607.000139999996
345,COMP_M,0,0_01,M.USER.APP.0,0,35,1,28,None,0.3,8704.000079999998,8704.300079999997,8700.0,8704.000079999998
346,COMP_M,1,1_01,M.USER.APP.1,1,37,2,13,None,0.3,8704.000079999998,8704.300079999997,8700.0,8704.000079999998
348,COMP_M,3,3_01,M.USER.APP.3,3,38,4,30,None,0.3,8706.000119999997,8706.300119999996,8700.0,8706.000119999997
347,COMP_M,2,2_01,M.USER.APP.2,2,39,3,27,None,0.3,8707.000139999996,8707.300139999996,8700.0,8707.000139999996
349,COMP_M,0,0_01,M.USER.APP.0,0,35,1,28,None,0.3,8804.000079999998,8804.300079999997,8800.0,8804.000079999998
350,COMP_M,1,1_01,M.USER.APP.1,1,37,2,13,None,0.3,8804.000079999998,8804.300079999997,8800.0,8804.000079999998
352,COMP_M,3,3_01,M.USER.APP.3,3,38,4,30,None,0.3,8806.000119999997,8806.300119999996,8800.0,8806.000119999997
351,COMP_M,2,2_01,M.USER.APP.2,2,39,3,27,None,0.3,8807.000139999996,8807.300139999996,8800.0,8807.000139999996
353,COMP_M,0,0_01,M.USER.APP.0,0,35,1,28,None,0.3,8904.000079999998,8904.300079999997,8900.0,8904.000079999998
354,COMP_M,1,1_01,M.USER.APP.1,1,37,2,13,None,0.3,8904.000079999998,8904.300079999997,8900.0,8904.000079999998
356,COMP_M,3,3_01,M.USER.APP.3,3,38,4,30,None,0.3,8906.000119999997,8906.300119999996,8900.0,8906.000119999997
355,COMP_M,2,2_01,M.USER.APP.2,2,39,3,27,None,0.3,8907.000139999996,8907.300139999996,8900.0,8907.000139999996
358,COMP_M,1,1_01,M.USER.APP.1,1,41,2,3,None,0.3,9001.00002,9001.300019999999,9000.0,9001.00002
359,COMP_M,2,2_01,M.USER.APP.2,2,45,3,0,None,0.3,9002.000039999999,9002.300039999998,9000.0,9002.000039999999
357,COMP_M,0,0_01,M.USER.APP.0,0,44,1,25,None,0.3,9004.000079999998,9004.300079999997,9000.0,9004.000079999998
360,COMP_M,3,3_01,M.USER.APP.3,3,46,4,31,None,0.3,9007.000139999996,9007.300139999996,9000.0,9007.000139999996
362,COMP_M,1,1_01,M.USER.APP.1,1,41,2,3,None,0.3,9101.00002,9101.300019999999,9100.0,9101.00002
363,COMP_M,2,2_01,M.USER.APP.2,2,45,3,0,None,0.3,9102.000039999999,9102.300039999998,9100.0,9102.000039999999
361,COMP_M,0,0_01,M.USER.APP.0,0,44,1,25,None,0.3,9104.000079999998,9104.300079999997,9100.0,9104.000079999998
364,COMP_M,3,3_01,M.USER.APP.3,3,46,4,31,None,0.3,9107.000139999996,9107.300139999996,9100.0,9107.000139999996
366,COMP_M,1,1_01,M.USER.APP.1,1,41,2,3,None,0.3,9201.00002,9201.300019999999,9200.0,9201.00002
367,COMP_M,2,2_01,M.USER.APP.2,2,45,3,0,None,0.3,9202.000039999999,9202.300039999998,9200.0,9202.000039999999
365,COMP_M,0,0_01,M.USER.APP.0,0,44,1,25,None,0.3,9204.000079999998,9204.300079999997,9200.0,9204.000079999998
368,COMP_M,3,3_01,M.USER.APP.3,3,46,4,31,None,0.3,9207.000139999996,9207.300139999996,9200.0,9207.000139999996
370,COMP_M,1,1_01,M.USER.APP.1,1,41,2,3,None,0.3,9301.00002,9301.300019999999,9300.0,9301.00002
371,COMP_M,2,2_01,M.USER.APP.2,2,45,3,0,None,0.3,9302.000039999999,9302.300039999998,9300.0,9302.000039999999
369,COMP_M,0,0_01,M.USER.APP.0,0,44,1,25,None,0.3,9304.000079999998,9304.300079999997,9300.0,9304.000079999998
372,COMP_M,3,3_01,M.USER.APP.3,3,46,4,31,None,0.3,9307.000139999996,9307.300139999996,9300.0,9307.000139999996
374,COMP_M,1,1_01,M.USER.APP.1,1,41,2,3,None,0.3,9401.00002,9401.300019999999,9400.0,9401.00002
375,COMP_M,2,2_01,M.USER.APP.2,2,45,3,0,None,0.3,9402.000039999999,9402.300039999998,9400.0,9402.000039999999
373,COMP_M,0,0_01,M.USER.APP.0,0,44,1,25,None,0.3,9404.000079999998,9404.300079999997,9400.0,9404.000079999998
376,COMP_M,3,3_01,M.USER.APP.3,3,46,4,31,None,0.3,9407.000139999996,9407.300139999996,9400.0,9407.000139999996
378,COMP_M,1,1_01,M.USER.APP.1,1,41,2,3,None,0.3,9501.00002,9501.300019999999,9500.0,9501.00002
379,COMP_M,2,2_01,M.USER.APP.2,2,45,3,0,None,0.3,9502.000039999999,9502.300039999998,9500.0,9502.000039999999
377,COMP_M,0,0_01,M.USER.APP.0,0,44,1,25,None,0.3,9504.000079999998,9504.300079999997,9500.0,9504.000079999998
380,COMP_M,3,3_01,M.USER.APP.3,3,46,4,31,None,0.3,9507.000139999996,9507.300139999996,9500.0,9507.000139999996
382,COMP_M,1,1_01,M.USER.APP.1,1,41,2,3,None,0.3,9601.00002,9601.300019999999,9600.0,9601.00002
383,COMP_M,2,2_01,M.USER.APP.2,2,45,3,0,None,0.3,9602.000039999999,9602.300039999998,9600.0,9602.000039999999
381,COMP_M,0,0_01,M.USER.APP.0,0,44,1,25,None,0.3,9604.000079999998,9604.300079999997,9600.0,9604.000079999998
384,COMP_M,3,3_01,M.USER.APP.3,3,46,4,31,None,0.3,9607.000139999996,9607.300139999996,9600.0,9607.000139999996
386,COMP_M,1,1_01,M.USER.APP.1,1,41,2,3,None,0.3,9701.00002,9701.300019999999,9700.0,9701.00002
387,COMP_M,2,2_01,M.USER.APP.2,2,45,3,0,None,0.3,9702.000039999999,9702.300039999998,9700.0,9702.000039999999
385,COMP_M,0,0_01,M.USER.APP.0,0,44,1,25,None,0.3,9704.000079999998,9704.300079999997,9700.0,9704.000079999998
388,COMP_M,3,3_01,M.USER.APP.3,3,46,4,31,None,0.3,9707.000139999996,9707.300139999996,9700.0,9707.000139999996
390,COMP_M,1,1_01,M.USER.APP.1,1,41,2,3,None,0.3,9801.00002,9801.300019999999,9800.0,9801.00002
391,COMP_M,2,2_01,M.USER.APP.2,2,45,3,0,None,0.3,9802.000039999999,9802.300039999998,9800.0,9802.000039999999
389,COMP_M,0,0_01,M.USER.APP.0,0,44,1,25,None,0.3,9804.000079999998,9804.300079999997,9800.0,9804.000079999998
392,COMP_M,3,3_01,M.USER.APP.3,3,46,4,31,None,0.3,9807.000139999996,9807.300139999996,9800.0,9807.000139999996
394,COMP_M,1,1_01,M.USER.APP.1,1,41,2,3,None,0.3,9901.00002,9901.300019999999,9900.0,9901.00002
395,COMP_M,2,2_01,M.USER.APP.2,2,45,3,0,None,0.3,9902.000039999999,9902.300039999998,9900.0,9902.000039999999
393,COMP_M,0,0_01,M.USER.APP.0,0,44,1,25,None,0.3,9904.000079999998,9904.300079999997,9900.0,9904.000079999998
396,COMP_M,3,3_01,M.USER.APP.3,3,46,4,31,None,0.3,9907.000139999996,9907.300139999996,9900.0,9907.000139999996
398,COMP_M,1,1_01,M.USER.APP.1,1,49,2,24,None,0.3,10003.000059999998,10003.300059999998,10000.0,10003.000059999998
397,COMP_M,0,0_01,M.USER.APP.0,0,52,1,14,None,0.3,10004.000079999998,10004.300079999997,10000.0,10004.000079999998
399,COMP_M,2,2_01,M.USER.APP.2,2,47,3,19,None,0.3,10005.000099999997,10005.300099999997,10000.0,10005.000099999997
400,COMP_M,3,3_01,M.USER.APP.3,3,53,4,15,None,0.3,10006.000119999997,10006.300119999996,10000.0,10006.000119999997
402,COMP_M,1,1_01,M.USER.APP.1,1,49,2,24,None,0.3,10103.000059999998,10103.300059999998,10100.0,10103.000059999998
401,COMP_M,0,0_01,M.USER.APP.0,0,52,1,14,None,0.3,10104.000079999998,10104.300079999997,10100.0,10104.000079999998
403,COMP_M,2,2_01,M.USER.APP.2,2,47,3,19,None,0.3,10105.000099999997,10105.300099999997,10100.0,10105.000099999997
404,COMP_M,3,3_01,M.USER.APP.3,3,53,4,15,None,0.3,10106.000119999997,10106.300119999996,10100.0,10106.000119999997
406,COMP_M,1,1_01,M.USER.APP.1,1,49,2,24,None,0.3,10203.000059999998,10203.300059999998,10200.0,10203.000059999998
405,COMP_M,0,0_01,M.USER.APP.0,0,52,1,14,None,0.3,10204.000079999998,10204.300079999997,10200.0,10204.000079999998
407,COMP_M,2,2_01,M.USER.APP.2,2,47,3,19,None,0.3,10205.000099999997,10205.300099999997,10200.0,10205.000099999997
408,COMP_M,3,3_01,M.USER.APP.3,3,53,4,15,None,0.3,10206.000119999997,10206.300119999996,10200.0,10206.000119999997
410,COMP_M,1,1_01,M.USER.APP.1,1,49,2,24,None,0.3,10303.000059999998,10303.300059999998,10300.0,10303.000059999998
409,COMP_M,0,0_01,M.USER.APP.0,0,52,1,14,None,0.3,10304.000079999998,10304.300079999997,10300.0,10304.000079999998
411,COMP_M,2,2_01,M.USER.APP.2,2,47,3,19,None,0.3,10305.000099999997,10305.300099999997,10300.0,10305.000099999997
412,COMP_M,3,3_01,M.USER.APP.3,3,53,4,15,None,0.3,10306.000119999997,10306.300119999996,10300.0,10306.000119999997
414,COMP_M,1,1_01,M.USER.APP.1,1,49,2,24,None,0.3,10403.000059999998,10403.300059999998,10400.0,10403.000059999998
413,COMP_M,0,0_01,M.USER.APP.0,0,52,1,14,None,0.3,10404.000079999998,10404.300079999997,10400.0,10404.000079999998
415,COMP_M,2,2_01,M.USER.APP.2,2,47,3,19,None,0.3,10405.000099999997,10405.300099999997,10400.0,10405.000099999997
416,COMP_M,3,3_01,M.USER.APP.3,3,53,4,15,None,0.3,10406.000119999997,10406.300119999996,10400.0,10406.000119999997
418,COMP_M,1,1_01,M.USER.APP.1,1,49,2,24,None,0.3,10503.000059999998,10503.300059999998,10500.0,10503.000059999998
417,COMP_M,0,0_01,M.USER.APP.0,0,52,1,14,None,0.3,10504.000079999998,10504.300079999997,10500.0,10504.000079999998
419,COMP_M,2,2_01,M.USER.APP.2,2,47,3,19,None,0.3,10505.000099999997,10505.300099999997,10500.0,10505.000099999997
420,COMP_M,3,3_01,M.USER.APP.3,3,53,4,15,None,0.3,10506.000119999997,10506.300119999996,10500.0,10506.000119999997
422,COMP_M,1,1_01,M.USER.APP.1,1,49,2,24,None,0.3,10603.000059999998,10603.300059999998,10600.0,10603.000059999998
421,COMP_M,0,0_01,M.USER.APP.0,0,52,1,14,None,0.3,10604.000079999998,10604.300079999997,10600.0,10604.000079999998
423,COMP_M,2,2_01,M.USER.APP.2,2,47,3,19,None,0.3,10605.000099999997,10605.300099999997,10600.0,10605.000099999997
424,COMP_M,3,3_01,M.USER.APP.3,3,53,4,15,None,0.3,10606.000119999997,10606.300119999996,10600.0,10606.000119999997
426,COMP_M,1,1_01,M.USER.APP.1,1,49,2,24,None,0.3,10703.000059999998,10703.300059999998,10700.0,10703.000059999998
425,COMP_M,0,0_01,M.USER.APP.0,0,52,1,14,None,0.3,10704.000079999998,10704.300079999997,10700.0,10704.000079999998
427,COMP_M,2,2_01,M.USER.APP.2,2,47,3,19,None,0.3,10705.000099999997,10705.300099999997,10700.0,10705.000099999997
428,COMP_M,3,3_01,M.USER.APP.3,3,53,4,15,None,0.3,10706.000119999997,10706.300119999996,10700.0,10706.000119999997
430,COMP_M,1,1_01,M.USER.APP.1,1,49,2,24,None,0.3,10803.000059999998,10803.300059999998,10800.0,10803.000059999998
429,COMP_M,0,0_01,M.USER.APP.0,0,52,1,14,None,0.3,10804.000079999998,10804.300079999997,10800.0,10804.000079999998
431,COMP_M,2,2_01,M.USER.APP.2,2,47,3,19,None,0.3,10805.000099999997,10805.300099999997,10800.0,10805.000099999997
432,COMP_M,3,3_01,M.USER.APP.3,3,53,4,15,None,0.3,10806.000119999997,10806.300119999996,10800.0,10806.000119999997
434,COMP_M,1,1_01,M.USER.APP.1,1,49,2,24,None,0.3,10903.000059999998,10903.300059999998,10900.0,10903.000059999998
433,COMP_M,0,0_01,M.USER.APP.0,0,52,1,14,None,0.3,10904.000079999998,10904.300079999997,10900.0,10904.000079999998
435,COMP_M,2,2_01,M.USER.APP.2,2,47,3,19,None,0.3,10905.000099999997,10905.300099999997,10900.0,10905.000099999997
436,COMP_M,3,3_01,M.USER.APP.3,3,53,4,15,None,0.3,10906.000119999997,10906.300119999996,10900.0,10906.000119999997
440,COMP_M,3,3_01,M.USER.APP.3,3,57,4,5,None,0.3,11001.00002,11001.300019999999,11000.0,11001.00002
437,COMP_M,0,0_01,M.USER.APP.0,0,56,1,5,None,0.3,11003.000059999998,11003.300059999998,11000.0,11003.000059999998
439,COMP_M,2,2_01,M.USER.APP.2,2,60,3,6,None,0.3,11004.000079999998,11004.300079999997,11000.0,11004.000079999998
438,COMP_M,1,1_01,M.USER.APP.1,1,59,2,31,None,0.3,11006.000119999997,11006.300119999996,11000.0,11006.000119999997
444,COMP_M,3,3_01,M.USER.APP.3,3,57,4,5,None,0.3,11101.00002,11101.300019999999,11100.0,11101.00002
441,COMP_M,0,0_01,M.USER.APP.0,0,56,1,5,None,0.3,11103.000059999998,11103.300059999998,11100.0,11103.000059999998
443,COMP_M,2,2_01,M.USER.APP.2,2,60,3,6,None,0.3,11104.000079999998,11104.300079999997,11100.0,11104.000079999998
442,COMP_M,1,1_01,M.USER.APP.1,1,59,2,31,None,0.3,11106.000119999997,11106.300119999996,11100.0,11106.000119999997
448,COMP_M,3,3_01,M.USER.APP.3,3,57,4,5,None,0.3,11201.00002,11201.300019999999,11200.0,11201.00002
445,COMP_M,0,0_01,M.USER.APP.0,0,56,1,5,None,0.3,11203.000059999998,11203.300059999998,11200.0,11203.000059999998
447,COMP_M,2,2_01,M.USER.APP.2,2,60,3,6,None,0.3,11204.000079999998,11204.300079999997,11200.0,11204.000079999998
446,COMP_M,1,1_01,M.USER.APP.1,1,59,2,31,None,0.3,11206.000119999997,11206.300119999996,11200.0,11206.000119999997
452,COMP_M,3,3_01,M.USER.APP.3,3,57,4,5,None,0.3,11301.00002,11301.300019999999,11300.0,11301.00002
449,COMP_M,0,0_01,M.USER.APP.0,0,56,1,5,None,0.3,11303.000059999998,11303.300059999998,11300.0,11303.000059999998
451,COMP_M,2,2_01,M.USER.APP.2,2,60,3,6,None,0.3,11304.000079999998,11304.300079999997,11300.0,11304.000079999998
450,COMP_M,1,1_01,M.USER.APP.1,1,59,2,31,None,0.3,11306.000119999997,11306.300119999996,11300.0,11306.000119999997
456,COMP_M,3,3_01,M.USER.APP.3,3,57,4,5,None,0.3,11401.00002,11401.300019999999,11400.0,11401.00002
453,COMP_M,0,0_01,M.USER.APP.0,0,56,1,5,None,0.3,11403.000059999998,11403.300059999998,11400.0,11403.000059999998
455,COMP_M,2,2_01,M.USER.APP.2,2,60,3,6,None,0.3,11404.000079999998,11404.300079999997,11400.0,11404.000079999998
454,COMP_M,1,1_01,M.USER.APP.1,1,59,2,31,None,0.3,11406.000119999997,11406.300119999996,11400.0,11406.000119999997
460,COMP_M,3,3_01,M.USER.APP.3,3,57,4,5,None,0.3,11501.00002,11501.300019999999,11500.0,11501.00002
457,COMP_M,0,0_01,M.USER.APP.0,0,56,1,5,None,0.3,11503.000059999998,11503.300059999998,11500.0,11503.000059999998
459,COMP_M,2,2_01,M.USER.APP.2,2,60,3,6,None,0.3,11504.000079999998,11504.300079999997,11500.0,11504.000079999998
458,COMP_M,1,1_01,M.USER.APP.1,1,59,2,31,None,0.3,11506.000119999997,11506.300119999996,11500.0,11506.000119999997
464,COMP_M,3,3_01,M.USER.APP.3,3,57,4,5,None,0.3,11601.00002,11601.300019999999,11600.0,11601.00002
461,COMP_M,0,0_01,M.USER.APP.0,0,56,1,5,None,0.3,11603.000059999998,11603.300059999998,11600.0,11603.000059999998
463,COMP_M,2,2_01,M.USER.APP.2,2,60,3,6,None,0.3,11604.000079999998,11604.300079999997,11600.0,11604.000079999998
462,COMP_M,1,1_01,M.USER.APP.1,1,59,2,31,None,0.3,11606.000119999997,11606.300119999996,11600.0,11606.000119999997
468,COMP_M,3,3_01,M.USER.APP.3,3,57,4,5,None,0.3,11701.00002,11701.300019999999,11700.0,11701.00002
465,COMP_M,0,0_01,M.USER.APP.0,0,56,1,5,None,0.3,11703.000059999998,11703.300059999998,11700.0,11703.000059999998
467,COMP_M,2,2_01,M.USER.APP.2,2,60,3,6,None,0.3,11704.000079999998,11704.300079999997,11700.0,11704.000079999998
466,COMP_M,1,1_01,M.USER.APP.1,1,59,2,31,None,0.3,11706.000119999997,11706.300119999996,11700.0,11706.000119999997
472,COMP_M,3,3_01,M.USER.APP.3,3,57,4,5,None,0.3,11801.00002,11801.300019999999,11800.0,11801.00002
469,COMP_M,0,0_01,M.USER.APP.0,0,56,1,5,None,0.3,11803.000059999998,11803.300059999998,11800.0,11803.000059999998
471,COMP_M,2,2_01,M.USER.APP.2,2,60,3,6,None,0.3,11804.000079999998,11804.300079999997,11800.0,11804.000079999998
470,COMP_M,1,1_01,M.USER.APP.1,1,59,2,31,None,0.3,11806.000119999997,11806.300119999996,11800.0,11806.000119999997
476,COMP_M,3,3_01,M.USER.APP.3,3,57,4,5,None,0.3,11901.00002,11901.300019999999,11900.0,11901.00002
473,COMP_M,0,0_01,M.USER.APP.0,0,56,1,5,None,0.3,11903.000059999998,11903.300059999998,11900.0,11903.000059999998
475,COMP_M,2,2_01,M.USER.APP.2,2,60,3,6,None,0.3,11904.000079999998,11904.300079999997,11900.0,11904.000079999998
474,COMP_M,1,1_01,M.USER.APP.1,1,59,2,31,None,0.3,11906.000119999997,11906.300119999996,11900.0,11906.000119999997
477,COMP_M,0,0_01,M.USER.APP.0,0,61,1,20,None,0.3,12003.000059999998,12003.300059999998,12000.0,12003.000059999998
480,COMP_M,3,3_01,M.USER.APP.3,3,62,4,18,None,0.3,12005.000099999997,12005.300099999997,12000.0,12005.000099999997
479,COMP_M,2,2_01,M.USER.APP.2,2,63,3,7,None,0.3,12005.000099999997,12005.300099999997,12000.0,12005.000099999997
478,COMP_M,1,1_01,M.USER.APP.1,1,67,2,27,None,0.3,12006.000119999997,12006.300119999996,12000.0,12006.000119999997
481,COMP_M,0,0_01,M.USER.APP.0,0,61,1,20,None,0.3,12103.000059999998,12103.300059999998,12100.0,12103.000059999998
484,COMP_M,3,3_01,M.USER.APP.3,3,62,4,18,None,0.3,12105.000099999997,12105.300099999997,12100.0,12105.000099999997
483,COMP_M,2,2_01,M.USER.APP.2,2,63,3,7,None,0.3,12105.000099999997,12105.300099999997,12100.0,12105.000099999997
482,COMP_M,1,1_01,M.USER.APP.1,1,67,2,27,None,0.3,12106.000119999997,12106.300119999996,12100.0,12106.000119999997
485,COMP_M,0,0_01,M.USER.APP.0,0,61,1,20,None,0.3,12203.000059999998,12203.300059999998,12200.0,12203.000059999998
488,COMP_M,3,3_01,M.USER.APP.3,3,62,4,18,None,0.3,12205.000099999997,12205.300099999997,12200.0,12205.000099999997
487,COMP_M,2,2_01,M.USER.APP.2,2,63,3,7,None,0.3,12205.000099999997,12205.300099999997,12200.0,12205.000099999997
486,COMP_M,1,1_01,M.USER.APP.1,1,67,2,27,None,0.3,12206.000119999997,12206.300119999996,12200.0,12206.000119999997
489,COMP_M,0,0_01,M.USER.APP.0,0,61,1,20,None,0.3,12303.000059999998,12303.300059999998,12300.0,12303.000059999998
492,COMP_M,3,3_01,M.USER.APP.3,3,62,4,18,None,0.3,12305.000099999997,12305.300099999997,12300.0,12305.000099999997
491,COMP_M,2,2_01,M.USER.APP.2,2,63,3,7,None,0.3,12305.000099999997,12305.300099999997,12300.0,12305.000099999997
490,COMP_M,1,1_01,M.USER.APP.1,1,67,2,27,None,0.3,12306.000119999997,12306.300119999996,12300.0,12306.000119999997
493,COMP_M,0,0_01,M.USER.APP.0,0,61,1,20,None,0.3,12403.000059999998,12403.300059999998,12400.0,12403.000059999998
496,COMP_M,3,3_01,M.USER.APP.3,3,62,4,18,None,0.3,12405.000099999997,12405.300099999997,12400.0,12405.000099999997
495,COMP_M,2,2_01,M.USER.APP.2,2,63,3,7,None,0.3,12405.000099999997,12405.300099999997,12400.0,12405.000099999997
494,COMP_M,1,1_01,M.USER.APP.1,1,67,2,27,None,0.3,12406.000119999997,12406.300119999996,12400.0,12406.000119999997
497,COMP_M,0,0_01,M.USER.APP.0,0,61,1,20,None,0.3,12503.000059999998,12503.300059999998,12500.0,12503.000059999998
500,COMP_M,3,3_01,M.USER.APP.3,3,62,4,18,None,0.3,12505.000099999997,12505.300099999997,12500.0,12505.000099999997
499,COMP_M,2,2_01,M.USER.APP.2,2,63,3,7,None,0.3,12505.000099999997,12505.300099999997,12500.0,12505.000099999997
498,COMP_M,1,1_01,M.USER.APP.1,1,67,2,27,None,0.3,12506.000119999997,12506.300119999996,12500.0,12506.000119999997
501,COMP_M,0,0_01,M.USER.APP.0,0,61,1,20,None,0.3,12603.000059999998,12603.300059999998,12600.0,12603.000059999998
504,COMP_M,3,3_01,M.USER.APP.3,3,62,4,18,None,0.3,12605.000099999997,12605.300099999997,12600.0,12605.000099999997
503,COMP_M,2,2_01,M.USER.APP.2,2,63,3,7,None,0.3,12605.000099999997,12605.300099999997,12600.0,12605.000099999997
502,COMP_M,1,1_01,M.USER.APP.1,1,67,2,27,None,0.3,12606.000119999997,12606.300119999996,12600.0,12606.000119999997
505,COMP_M,0,0_01,M.USER.APP.0,0,61,1,20,None,0.3,12703.000059999998,12703.300059999998,12700.0,12703.000059999998
508,COMP_M,3,3_01,M.USER.APP.3,3,62,4,18,None,0.3,12705.000099999997,12705.300099999997,12700.0,12705.000099999997
507,COMP_M,2,2_01,M.USER.APP.2,2,63,3,7,None,0.3,12705.000099999997,12705.300099999997,12700.0,12705.000099999997
506,COMP_M,1,1_01,M.USER.APP.1,1,67,2,27,None,0.3,12706.000119999997,12706.300119999996,12700.0,12706.000119999997
509,COMP_M,0,0_01,M.USER.APP.0,0,61,1,20,None,0.3,12803.000059999998,12803.300059999998,12800.0,12803.000059999998
512,COMP_M,3,3_01,M.USER.APP.3,3,62,4,18,None,0.3,12805.000099999997,12805.300099999997,12800.0,12805.000099999997
511,COMP_M,2,2_01,M.USER.APP.2,2,63,3,7,None,0.3,12805.000099999997,12805.300099999997,12800.0,12805.000099999997
510,COMP_M,1,1_01,M.USER.APP.1,1,67,2,27,None,0.3,12806.000119999997,12806.300119999996,12800.0,12806.000119999997
513,COMP_M,0,0_01,M.USER.APP.0,0,61,1,20,None,0.3,12903.000059999998,12903.300059999998,12900.0,12903.000059999998
516,COMP_M,3,3_01,M.USER.APP.3,3,62,4,18,None,0.3,12905.000099999997,12905.300099999997,12900.0,12905.000099999997
515,COMP_M,2,2_01,M.USER.APP.2,2,63,3,7,None,0.3,12905.000099999997,12905.300099999997,12900.0,12905.000099999997
514,COMP_M,1,1_01,M.USER.APP.1,1,67,2,27,None,0.3,12906.000119999997,12906.300119999996,12900.0,12906.000119999997
517,COMP_M,0,0_01,M.USER.APP.0,0,72,1,18,None,0.3,13003.000059999998,13003.300059999998,13000.0,13003.000059999998
520,COMP_M,3,3_01,M.USER.APP.3,3,70,4,24,None,0.3,13004.000079999998,13004.300079999997,13000.0,13004.000079999998
518,COMP_M,1,1_01,M.USER.APP.1,1,74,2,11,None,0.3,13004.000079999998,13004.300079999997,13000.0,13004.000079999998
519,COMP_M,2,2_01,M.USER.APP.2,2,68,3,5,None,0.3,13004.000079999998,13004.300079999997,13000.0,13004.000079999998
521,COMP_M,0,0_01,M.USER.APP.0,0,72,1,18,None,0.3,13103.000059999998,13103.300059999998,13100.0,13103.000059999998
524,COMP_M,3,3_01,M.USER.APP.3,3,70,4,24,None,0.3,13104.000079999998,13104.300079999997,13100.0,13104.000079999998
522,COMP_M,1,1_01,M.USER.APP.1,1,74,2,11,None,0.3,13104.000079999998,13104.300079999997,13100.0,13104.000079999998
523,COMP_M,2,2_01,M.USER.APP.2,2,68,3,5,None,0.3,13104.000079999998,13104.300079999997,13100.0,13104.000079999998
525,COMP_M,0,0_01,M.USER.APP.0,0,72,1,18,None,0.3,13203.000059999998,13203.300059999998,13200.0,13203.000059999998
528,COMP_M,3,3_01,M.USER.APP.3,3,70,4,24,None,0.3,13204.000079999998,13204.300079999997,13200.0,13204.000079999998
526,COMP_M,1,1_01,M.USER.APP.1,1,74,2,11,None,0.3,13204.000079999998,13204.300079999997,13200.0,13204.000079999998
527,COMP_M,2,2_01,M.USER.APP.2,2,68,3,5,None,0.3,13204.000079999998,13204.300079999997,13200.0,13204.000079999998
529,COMP_M,0,0_01,M.USER.APP.0,0,72,1,18,None,0.3,13303.000059999998,13303.300059999998,13300.0,13303.000059999998
532,COMP_M,3,3_01,M.USER.APP.3,3,70,4,24,None,0.3,13304.000079999998,13304.300079999997,13300.0,13304.000079999998
530,COMP_M,1,1_01,M.USER.APP.1,1,74,2,11,None,0.3,13304.000079999998,13304.300079999997,13300.0,13304.000079999998
531,COMP_M,2,2_01,M.USER.APP.2,2,68,3,5,None,0.3,13304.000079999998,13304.300079999997,13300.0,13304.000079999998
533,COMP_M,0,0_01,M.USER.APP.0,0,72,1,18,None,0.3,13403.000059999998,13403.300059999998,13400.0,13403.000059999998
536,COMP_M,3,3_01,M.USER.APP.3,3,70,4,24,None,0.3,13404.000079999998,13404.300079999997,13400.0,13404.000079999998
534,COMP_M,1,1_01,M.USER.APP.1,1,74,2,11,None,0.3,13404.000079999998,13404.300079999997,13400.0,13404.000079999998
535,COMP_M,2,2_01,M.USER.APP.2,2,68,3,5,None,0.3,13404.000079999998,13404.300079999997,13400.0,13404.000079999998
537,COMP_M,0,0_01,M.USER.APP.0,0,72,1,18,None,0.3,13503.000059999998,13503.300059999998,13500.0,13503.000059999998
540,COMP_M,3,3_01,M.USER.APP.3,3,70,4,24,None,0.3,13504.000079999998,13504.300079999997,13500.0,13504.000079999998
538,COMP_M,1,1_01,M.USER.APP.1,1,74,2,11,None,0.3,13504.000079999998,13504.300079999997,13500.0,13504.000079999998
539,COMP_M,2,2_01,M.USER.APP.2,2,68,3,5,None,0.3,13504.000079999998,13504.300079999997,13500.0,13504.000079999998
541,COMP_M,0,0_01,M.USER.APP.0,0,72,1,18,None,0.3,13603.000059999998,13603.300059999998,13600.0,13603.000059999998
544,COMP_M,3,3_01,M.USER.APP.3,3,70,4,24,None,0.3,13604.000079999998,13604.300079999997,13600.0,13604.000079999998
542,COMP_M,1,1_01,M.USER.APP.1,1,74,2,11,None,0.3,13604.000079999998,13604.300079999997,13600.0,13604.000079999998
543,COMP_M,2,2_01,M.USER.APP.2,2,68,3,5,None,0.3,13604.000079999998,13604.300079999997,13600.0,13604.000079999998
545,COMP_M,0,0_01,M.USER.APP.0,0,72,1,18,None,0.3,13703.000059999998,13703.300059999998,13700.0,13703.000059999998
548,COMP_M,3,3_01,M.USER.APP.3,3,70,4,24,None,0.3,13704.000079999998,13704.300079999997,13700.0,13704.000079999998
546,COMP_M,1,1_01,M.USER.APP.1,1,74,2,11,None,0.3,13704.000079999998,13704.300079999997,13700.0,13704.000079999998
547,COMP_M,2,2_01,M.USER.APP.2,2,68,3,5,None,0.3,13704.000079999998,13704.300079999997,13700.0,13704.000079999998
549,COMP_M,0,0_01,M.USER.APP.0,0,72,1,18,None,0.3,13803.000059999998,13803.300059999998,13800.0,13803.000059999998
552,COMP_M,3,3_01,M.USER.APP.3,3,70,4,24,None,0.3,13804.000079999998,13804.300079999997,13800.0,13804.000079999998
550,COMP_M,1,1_01,M.USER.APP.1,1,74,2,11,None,0.3,13804.000079999998,13804.300079999997,13800.0,13804.000079999998
551,COMP_M,2,2_01,M.USER.APP.2,2,68,3,5,None,0.3,13804.000079999998,13804.300079999997,13800.0,13804.000079999998
553,COMP_M,0,0_01,M.USER.APP.0,0,72,1,18,None,0.3,13903.000059999998,13903.300059999998,13900.0,13903.000059999998
556,COMP_M,3,3_01,M.USER.APP.3,3,70,4,24,None,0.3,13904.000079999998,13904.300079999997,13900.0,13904.000079999998
554,COMP_M,1,1_01,M.USER.APP.1,1,74,2,11,None,0.3,13904.000079999998,13904.300079999997,13900.0,13904.000079999998
555,COMP_M,2,2_01,M.USER.APP.2,2,68,3,5,None,0.3,13904.000079999998,13904.300079999997,13900.0,13904.000079999998
560,COMP_M,3,3_01,M.USER.APP.3,3,80,4,5,None,0.3,14001.00002,14001.300019999999,14000.0,14001.00002
557,COMP_M,0,0_01,M.USER.APP.0,0,79,1,4,None,0.3,14002.000039999999,14002.300039999998,14000.0,14002.000039999999
558,COMP_M,1,1_01,M.USER.APP.1,1,77,2,16,None,0.3,14002.000039999999,14002.300039999998,14000.0,14002.000039999999
559,COMP_M,2,2_01,M.USER.APP.2,2,75,3,12,None,0.3,14004.000079999998,14004.300079999997,14000.0,14004.000079999998
564,COMP_M,3,3_01,M.USER.APP.3,3,80,4,5,None,0.3,14101.00002,14101.300019999999,14100.0,14101.00002
561,COMP_M,0,0_01,M.USER.APP.0,0,79,1,4,None,0.3,14102.000039999999,14102.300039999998,14100.0,14102.000039999999
562,COMP_M,1,1_01,M.USER.APP.1,1,77,2,16,None,0.3,14102.000039999999,14102.300039999998,14100.0,14102.000039999999
563,COMP_M,2,2_01,M.USER.APP.2,2,75,3,12,None,0.3,14104.000079999998,14104.300079999997,14100.0,14104.000079999998
568,COMP_M,3,3_01,M.USER.APP.3,3,80,4,5,None,0.3,14201.00002,14201.300019999999,14200.0,14201.00002
565,COMP_M,0,0_01,M.USER.APP.0,0,79,1,4,None,0.3,14202.000039999999,14202.300039999998,14200.0,14202.000039999999
566,COMP_M,1,1_01,M.USER.APP.1,1,77,2,16,None,0.3,14202.000039999999,14202.300039999998,14200.0,14202.000039999999
567,COMP_M,2,2_01,M.USER.APP.2,2,75,3,12,None,0.3,14204.000079999998,14204.300079999997,14200.0,14204.000079999998
572,COMP_M,3,3_01,M.USER.APP.3,3,80,4,5,None,0.3,14301.00002,14301.300019999999,14300.0,14301.00002
569,COMP_M,0,0_01,M.USER.APP.0,0,79,1,4,None,0.3,14302.000039999999,14302.300039999998,14300.0,14302.000039999999
570,COMP_M,1,1_01,M.USER.APP.1,1,77,2,16,None,0.3,14302.000039999999,14302.300039999998,14300.0,14302.000039999999
571,COMP_M,2,2_01,M.USER.APP.2,2,75,3,12,None,0.3,14304.000079999998,14304.300079999997,14300.0,14304.000079999998
576,COMP_M,3,3_01,M.USER.APP.3,3,80,4,5,None,0.3,14401.00002,14401.300019999999,14400.0,14401.00002
573,COMP_M,0,0_01,M.USER.APP.0,0,79,1,4,None,0.3,14402.000039999999,14402.300039999998,14400.0,14402.000039999999
574,COMP_M,1,1_01,M.USER.APP.1,1,77,2,16,None,0.3,14402.000039999999,14402.300039999998,14400.0,14402.000039999999
575,COMP_M,2,2_01,M.USER.APP.2,2,75,3,12,None,0.3,14404.000079999998,14404.300079999997,14400.0,14404.000079999998
580,COMP_M,3,3_01,M.USER.APP.3,3,80,4,5,None,0.3,14501.00002,14501.300019999999,14500.0,14501.00002
577,COMP_M,0,0_01,M.USER.APP.0,0,79,1,4,None,0.3,14502.000039999999,14502.300039999998,14500.0,14502.000039999999
578,COMP_M,1,1_01,M.USER.APP.1,1,77,2,16,None,0.3,14502.000039999999,14502.300039999998,14500.0,14502.000039999999
579,COMP_M,2,2_01,M.USER.APP.2,2,75,3,12,None,0.3,14504.000079999998,14504.300079999997,14500.0,14504.000079999998
584,COMP_M,3,3_01,M.USER.APP.3,3,80,4,5,None,0.3,14601.00002,14601.300019999999,14600.0,14601.00002
581,COMP_M,0,0_01,M.USER.APP.0,0,79,1,4,None,0.3,14602.000039999999,14602.300039999998,14600.0,14602.000039999999
582,COMP_M,1,1_01,M.USER.APP.1,1,77,2,16,None,0.3,14602.000039999999,14602.300039999998,14600.0,14602.000039999999
583,COMP_M,2,2_01,M.USER.APP.2,2,75,3,12,None,0.3,14604.000079999998,14604.300079999997,14600.0,14604.000079999998
588,COMP_M,3,3_01,M.USER.APP.3,3,80,4,5,None,0.3,14701.00002,14701.300019999999,14700.0,14701.00002
585,COMP_M,0,0_01,M.USER.APP.0,0,79,1,4,None,0.3,14702.000039999999,14702.300039999998,14700.0,14702.000039999999
586,COMP_M,1,1_01,M.USER.APP.1,1,77,2,16,None,0.3,14702.000039999999,14702.300039999998,14700.0,14702.000039999999
587,COMP_M,2,2_01,M.USER.APP.2,2,75,3,12,None,0.3,14704.000079999998,14704.300079999997,14700.0,14704.000079999998
592,COMP_M,3,3_01,M.USER.APP.3,3,80,4,5,None,0.3,14801.00002,14801.300019999999,14800.0,14801.00002
589,COMP_M,0,0_01,M.USER.APP.0,0,79,1,4,None,0.3,14802.000039999999,14802.300039999998,14800.0,14802.000039999999
590,COMP_M,1,1_01,M.USER.APP.1,1,77,2,16,None,0.3,14802.000039999999,14802.300039999998,14800.0,14802.000039999999
591,COMP_M,2,2_01,M.USER.APP.2,2,75,3,12,None,0.3,14804.000079999998,14804.300079999997,14800.0,14804.000079999998
596,COMP_M,3,3_01,M.USER.APP.3,3,80,4,5,None,0.3,14901.00002,14901.300019999999,14900.0,14901.00002
593,COMP_M,0,0_01,M.USER.APP.0,0,79,1,4,None,0.3,14902.000039999999,14902.300039999998,14900.0,14902.000039999999
594,COMP_M,1,1_01,M.USER.APP.1,1,77,2,16,None,0.3,14902.000039999999,14902.300039999998,14900.0,14902.000039999999
595,COMP_M,2,2_01,M.USER.APP.2,2,75,3,12,None,0.3,14904.000079999998,14904.300079999997,14900.0,14904.000079999998
600,COMP_M,3,3_01,M.USER.APP.3,3,80,4,5,None,0.3,15001.00002,15001.300019999999,15000.0,15001.00002
597,COMP_M,0,0_01,M.USER.APP.0,0,83,1,2,None,0.3,15002.000039999999,15002.300039999998,15000.0,15002.000039999999
599,COMP_M,2,2_01,M.USER.APP.2,2,85,3,17,None,0.3,15004.000079999998,15004.300079999997,15000.0,15004.000079999998
598,COMP_M,1,1_01,M.USER.APP.1,1,86,2,15,None,0.3,15005.000099999997,15005.300099999997,15000.0,15005.000099999997
604,COMP_M,3,3_01,M.USER.APP.3,3,80,4,5,None,0.3,15101.00002,15101.300019999999,15100.0,15101.00002
601,COMP_M,0,0_01,M.USER.APP.0,0,83,1,2,None,0.3,15102.000039999999,15102.300039999998,15100.0,15102.000039999999
603,COMP_M,2,2_01,M.USER.APP.2,2,85,3,17,None,0.3,15104.000079999998,15104.300079999997,15100.0,15104.000079999998
602,COMP_M,1,1_01,M.USER.APP.1,1,86,2,15,None,0.3,15105.000099999997,15105.300099999997,15100.0,15105.000099999997
608,COMP_M,3,3_01,M.USER.APP.3,3,80,4,5,None,0.3,15201.00002,15201.300019999999,15200.0,15201.00002
605,COMP_M,0,0_01,M.USER.APP.0,0,83,1,2,None,0.3,15202.000039999999,15202.300039999998,15200.0,15202.000039999999
607,COMP_M,2,2_01,M.USER.APP.2,2,85,3,17,None,0.3,15204.000079999998,15204.300079999997,15200.0,15204.000079999998
606,COMP_M,1,1_01,M.USER.APP.1,1,86,2,15,None,0.3,15205.000099999997,15205.300099999997,15200.0,15205.000099999997
612,COMP_M,3,3_01,M.USER.APP.3,3,80,4,5,None,0.3,15301.00002,15301.300019999999,15300.0,15301.00002
609,COMP_M,0,0_01,M.USER.APP.0,0,83,1,2,None,0.3,15302.000039999999,15302.300039999998,15300.0,15302.000039999999
611,COMP_M,2,2_01,M.USER.APP.2,2,85,3,17,None,0.3,15304.000079999998,15304.300079999997,15300.0,15304.000079999998
610,COMP_M,1,1_01,M.USER.APP.1,1,86,2,15,None,0.3,15305.000099999997,15305.300099999997,15300.0,15305.000099999997
616,COMP_M,3,3_01,M.USER.APP.3,3,80,4,5,None,0.3,15401.00002,15401.300019999999,15400.0,15401.00002
613,COMP_M,0,0_01,M.USER.APP.0,0,83,1,2,None,0.3,15402.000039999999,15402.300039999998,15400.0,15402.000039999999
615,COMP_M,2,2_01,M.USER.APP.2,2,85,3,17,None,0.3,15404.000079999998,15404.300079999997,15400.0,15404.000079999998
614,COMP_M,1,1_01,M.USER.APP.1,1,86,2,15,None,0.3,15405.000099999997,15405.300099999997,15400.0,15405.000099999997
620,COMP_M,3,3_01,M.USER.APP.3,3,80,4,5,None,0.3,15501.00002,15501.300019999999,15500.0,15501.00002
617,COMP_M,0,0_01,M.USER.APP.0,0,83,1,2,None,0.3,15502.000039999999,15502.300039999998,15500.0,15502.000039999999
619,COMP_M,2,2_01,M.USER.APP.2,2,85,3,17,None,0.3,15504.000079999998,15504.300079999997,15500.0,15504.000079999998
618,COMP_M,1,1_01,M.USER.APP.1,1,86,2,15,None,0.3,15505.000099999997,15505.300099999997,15500.0,15505.000099999997
624,COMP_M,3,3_01,M.USER.APP.3,3,80,4,5,None,0.3,15601.00002,15601.300019999999,15600.0,15601.00002
621,COMP_M,0,0_01,M.USER.APP.0,0,83,1,2,None,0.3,15602.000039999999,15602.300039999998,15600.0,15602.000039999999
623,COMP_M,2,2_01,M.USER.APP.2,2,85,3,17,None,0.3,15604.000079999998,15604.300079999997,15600.0,15604.000079999998
622,COMP_M,1,1_01,M.USER.APP.1,1,86,2,15,None,0.3,15605.000099999997,15605.300099999997,15600.0,15605.000099999997
628,COMP_M,3,3_01,M.USER.APP.3,3,80,4,5,None,0.3,15701.00002,15701.300019999999,15700.0,15701.00002
625,COMP_M,0,0_01,M.USER.APP.0,0,83,1,2,None,0.3,15702.000039999999,15702.300039999998,15700.0,15702.000039999999
627,COMP_M,2,2_01,M.USER.APP.2,2,85,3,17,None,0.3,15704.000079999998,15704.300079999997,15700.0,15704.000079999998
626,COMP_M,1,1_01,M.USER.APP.1,1,86,2,15,None,0.3,15705.000099999997,15705.300099999997,15700.0,15705.000099999997
632,COMP_M,3,3_01,M.USER.APP.3,3,80,4,5,None,0.3,15801.00002,15801.300019999999,15800.0,15801.00002
629,COMP_M,0,0_01,M.USER.APP.0,0,83,1,2,None,0.3,15802.000039999999,15802.300039999998,15800.0,15802.000039999999
631,COMP_M,2,2_01,M.USER.APP.2,2,85,3,17,None,0.3,15804.000079999998,15804.300079999997,15800.0,15804.000079999998
630,COMP_M,1,1_01,M.USER.APP.1,1,86,2,15,None,0.3,15805.000099999997,15805.300099999997,15800.0,15805.000099999997
636,COMP_M,3,3_01,M.USER.APP.3,3,80,4,5,None,0.3,15901.00002,15901.300019999999,15900.0,15901.00002
633,COMP_M,0,0_01,M.USER.APP.0,0,83,1,2,None,0.3,15902.000039999999,15902.300039999998,15900.0,15902.000039999999
635,COMP_M,2,2_01,M.USER.APP.2,2,85,3,17,None,0.3,15904.000079999998,15904.300079999997,15900.0,15904.000079999998
634,COMP_M,1,1_01,M.USER.APP.1,1,86,2,15,None,0.3,15905.000099999997,15905.300099999997,15900.0,15905.000099999997
637,COMP_M,0,0_01,M.USER.APP.0,0,88,1,26,None,0.3,16004.000079999998,16004.300079999997,16000.0,16004.000079999998
639,COMP_M,2,2_01,M.USER.APP.2,2,93,3,5,None,0.3,16004.000079999998,16004.300079999997,16000.0,16004.000079999998
640,COMP_M,3,3_01,M.USER.APP.3,3,89,4,17,None,0.3,16005.000099999997,16005.300099999997,16000.0,16005.000099999997
638,COMP_M,1,1_01,M.USER.APP.1,1,92,2,21,None,0.3,16005.000099999997,16005.300099999997,16000.0,16005.000099999997
641,COMP_M,0,0_01,M.USER.APP.0,0,88,1,26,None,0.3,16104.000079999998,16104.300079999997,16100.0,16104.000079999998
643,COMP_M,2,2_01,M.USER.APP.2,2,93,3,5,None,0.3,16104.000079999998,16104.300079999997,16100.0,16104.000079999998
644,COMP_M,3,3_01,M.USER.APP.3,3,89,4,17,None,0.3,16105.000099999997,16105.300099999997,16100.0,16105.000099999997
642,COMP_M,1,1_01,M.USER.APP.1,1,92,2,21,None,0.3,16105.000099999997,16105.300099999997,16100.0,16105.000099999997
645,COMP_M,0,0_01,M.USER.APP.0,0,88,1,26,None,0.3,16204.000079999998,16204.300079999997,16200.0,16204.000079999998
647,COMP_M,2,2_01,M.USER.APP.2,2,93,3,5,None,0.3,16204.000079999998,16204.300079999997,16200.0,16204.000079999998
648,COMP_M,3,3_01,M.USER.APP.3,3,89,4,17,None,0.3,16205.000099999997,16205.300099999997,16200.0,16205.000099999997
646,COMP_M,1,1_01,M.USER.APP.1,1,92,2,21,None,0.3,16205.000099999997,16205.300099999997,16200.0,16205.000099999997
649,COMP_M,0,0_01,M.USER.APP.0,0,88,1,26,None,0.3,16304.000079999998,16304.300079999997,16300.0,16304.000079999998
651,COMP_M,2,2_01,M.USER.APP.2,2,93,3,5,None,0.3,16304.000079999998,16304.300079999997,16300.0,16304.000079999998
652,COMP_M,3,3_01,M.USER.APP.3,3,89,4,17,None,0.3,16305.000099999997,16305.300099999997,16300.0,16305.000099999997
650,COMP_M,1,1_01,M.USER.APP.1,1,92,2,21,None,0.3,16305.000099999997,16305.300099999997,16300.0,16305.000099999997
653,COMP_M,0,0_01,M.USER.APP.0,0,88,1,26,None,0.3,16404.000079999998,16404.300079999997,16400.0,16404.000079999998
655,COMP_M,2,2_01,M.USER.APP.2,2,93,3,5,None,0.3,16404.000079999998,16404.300079999997,16400.0,16404.000079999998
656,COMP_M,3,3_01,M.USER.APP.3,3,89,4,17,None,0.3,16405.000099999997,16405.300099999997,16400.0,16405.000099999997
654,COMP_M,1,1_01,M.USER.APP.1,1,92,2,21,None,0.3,16405.000099999997,16405.300099999997,16400.0,16405.000099999997
657,COMP_M,0,0_01,M.USER.APP.0,0,88,1,26,None,0.3,16504.000079999998,16504.300079999997,16500.0,16504.000079999998
659,COMP_M,2,2_01,M.USER.APP.2,2,93,3,5,None,0.3,16504.000079999998,16504.300079999997,16500.0,16504.000079999998
660,COMP_M,3,3_01,M.USER.APP.3,3,89,4,17,None,0.3,16505.000099999997,16505.300099999997,16500.0,16505.000099999997
658,COMP_M,1,1_01,M.USER.APP.1,1,92,2,21,None,0.3,16505.000099999997,16505.300099999997,16500.0,16505.000099999997
661,COMP_M,0,0_01,M.USER.APP.0,0,88,1,26,None,0.3,16604.000079999998,16604.300079999997,16600.0,16604.000079999998
663,COMP_M,2,2_01,M.USER.APP.2,2,93,3,5,None,0.3,16604.000079999998,16604.300079999997,16600.0,16604.000079999998
664,COMP_M,3,3_01,M.USER.APP.3,3,89,4,17,None,0.3,16605.000099999997,16605.300099999997,16600.0,16605.000099999997
662,COMP_M,1,1_01,M.USER.APP.1,1,92,2,21,None,0.3,16605.000099999997,16605.300099999997,16600.0,16605.000099999997
665,COMP_M,0,0_01,M.USER.APP.0,0,88,1,26,None,0.3,16704.000079999998,16704.300079999997,16700.0,16704.000079999998
667,COMP_M,2,2_01,M.USER.APP.2,2,93,3,5,None,0.3,16704.000079999998,16704.300079999997,16700.0,16704.000079999998
668,COMP_M,3,3_01,M.USER.APP.3,3,89,4,17,None,0.3,16705.000099999997,16705.300099999997,16700.0,16705.000099999997
666,COMP_M,1,1_01,M.USER.APP.1,1,92,2,21,None,0.3,16705.000099999997,16705.300099999997,16700.0,16705.000099999997
669,COMP_M,0,0_01,M.USER.APP.0,0,88,1,26,None,0.3,16804.000079999998,16804.300079999997,16800.0,16804.000079999998
671,COMP_M,2,2_01,M.USER.APP.2,2,93,3,5,None,0.3,16804.000079999998,16804.300079999997,16800.0,16804.000079999998
672,COMP_M,3,3_01,M.USER.APP.3,3,89,4,17,None,0.3,16805.000099999997,16805.300099999997,16800.0,16805.000099999997
670,COMP_M,1,1_01,M.USER.APP.1,1,92,2,21,None,0.3,16805.000099999997,16805.300099999997,16800.0,16805.000099999997
673,COMP_M,0,0_01,M.USER.APP.0,0,88,1,26,None,0.3,16904.000079999998,16904.300079999997,16900.0,16904.000079999998
675,COMP_M,2,2_01,M.USER.APP.2,2,93,3,5,None,0.3,16904.000079999998,16904.300079999997,16900.0,16904.000079999998
676,COMP_M,3,3_01,M.USER.APP.3,3,89,4,17,None,0.3,16905.000099999997,16905.300099999997,16900.0,16905.000099999997
674,COMP_M,1,1_01,M.USER.APP.1,1,92,2,21,None,0.3,16905.000099999997,16905.300099999997,16900.0,16905.000099999997
678,COMP_M,1,1_01,M.USER.APP.1,1,98,2,11,None,0.3,17005.000099999997,17005.300099999997,17000.0,17005.000099999997
677,COMP_M,0,0_01,M.USER.APP.0,0,99,1,15,None,0.3,17005.000099999997,17005.300099999997,17000.0,17005.000099999997
679,COMP_M,2,2_01,M.USER.APP.2,2,95,3,7,None,0.3,17005.000099999997,17005.300099999997,17000.0,17005.000099999997
680,COMP_M,3,3_01,M.USER.APP.3,3,96,4,31,None,0.3,17006.000119999997,17006.300119999996,17000.0,17006.000119999997
682,COMP_M,1,1_01,M.USER.APP.1,1,98,2,11,None,0.3,17105.000099999997,17105.300099999997,17100.0,17105.000099999997
681,COMP_M,0,0_01,M.USER.APP.0,0,99,1,15,None,0.3,17105.000099999997,17105.300099999997,17100.0,17105.000099999997
683,COMP_M,2,2_01,M.USER.APP.2,2,95,3,7,None,0.3,17105.000099999997,17105.300099999997,17100.0,17105.000099999997
684,COMP_M,3,3_01,M.USER.APP.3,3,96,4,31,None,0.3,17106.000119999997,17106.300119999996,17100.0,17106.000119999997
686,COMP_M,1,1_01,M.USER.APP.1,1,98,2,11,None,0.3,17205.000099999997,17205.300099999997,17200.0,17205.000099999997
685,COMP_M,0,0_01,M.USER.APP.0,0,99,1,15,None,0.3,17205.000099999997,17205.300099999997,17200.0,17205.000099999997
687,COMP_M,2,2_01,M.USER.APP.2,2,95,3,7,None,0.3,17205.000099999997,17205.300099999997,17200.0,17205.000099999997
688,COMP_M,3,3_01,M.USER.APP.3,3,96,4,31,None,0.3,17206.000119999997,17206.300119999996,17200.0,17206.000119999997
690,COMP_M,1,1_01,M.USER.APP.1,1,98,2,11,None,0.3,17305.000099999997,17305.300099999997,17300.0,17305.000099999997
689,COMP_M,0,0_01,M.USER.APP.0,0,99,1,15,None,0.3,17305.000099999997,17305.300099999997,17300.0,17305.000099999997
691,COMP_M,2,2_01,M.USER.APP.2,2,95,3,7,None,0.3,17305.000099999997,17305.300099999997,17300.0,17305.000099999997
692,COMP_M,3,3_01,M.USER.APP.3,3,96,4,31,None,0.3,17306.000119999997,17306.300119999996,17300.0,17306.000119999997
694,COMP_M,1,1_01,M.USER.APP.1,1,98,2,11,None,0.3,17405.000099999997,17405.300099999997,17400.0,17405.000099999997
693,COMP_M,0,0_01,M.USER.APP.0,0,99,1,15,None,0.3,17405.000099999997,17405.300099999997,17400.0,17405.000099999997
695,COMP_M,2,2_01,M.USER.APP.2,2,95,3,7,None,0.3,17405.000099999997,17405.300099999997,17400.0,17405.000099999997
696,COMP_M,3,3_01,M.USER.APP.3,3,96,4,31,None,0.3,17406.000119999997,17406.300119999996,17400.0,17406.000119999997
698,COMP_M,1,1_01,M.USER.APP.1,1,98,2,11,None,0.3,17505.000099999997,17505.300099999997,17500.0,17505.000099999997
697,COMP_M,0,0_01,M.USER.APP.0,0,99,1,15,None,0.3,17505.000099999997,17505.300099999997,17500.0,17505.000099999997
699,COMP_M,2,2_01,M.USER.APP.2,2,95,3,7,None,0.3,17505.000099999997,17505.300099999997,17500.0,17505.000099999997
700,COMP_M,3,3_01,M.USER.APP.3,3,96,4,31,None,0.3,17506.000119999997,17506.300119999996,17500.0,17506.000119999997
702,COMP_M,1,1_01,M.USER.APP.1,1,98,2,11,None,0.3,17605.000099999997,17605.300099999997,17600.0,17605.000099999997
701,COMP_M,0,0_01,M.USER.APP.0,0,99,1,15,None,0.3,17605.000099999997,17605.300099999997,17600.0,17605.000099999997
703,COMP_M,2,2_01,M.USER.APP.2,2,95,3,7,None,0.3,17605.000099999997,17605.300099999997,17600.0,17605.000099999997
704,COMP_M,3,3_01,M.USER.APP.3,3,96,4,31,None,0.3,17606.000119999997,17606.300119999996,17600.0,17606.000119999997
706,COMP_M,1,1_01,M.USER.APP.1,1,98,2,11,None,0.3,17705.000099999997,17705.300099999997,17700.0,17705.000099999997
705,COMP_M,0,0_01,M.USER.APP.0,0,99,1,15,None,0.3,17705.000099999997,17705.300099999997,17700.0,17705.000099999997
707,COMP_M,2,2_01,M.USER.APP.2,2,95,3,7,None,0.3,17705.000099999997,17705.300099999997,17700.0,17705.000099999997
708,COMP_M,3,3_01,M.USER.APP.3,3,96,4,31,None,0.3,17706.000119999997,17706.300119999996,17700.0,17706.000119999997
710,COMP_M,1,1_01,M.USER.APP.1,1,98,2,11,None,0.3,17805.000099999997,17805.300099999997,17800.0,17805.000099999997
709,COMP_M,0,0_01,M.USER.APP.0,0,99,1,15,None,0.3,17805.000099999997,17805.300099999997,17800.0,17805.000099999997
711,COMP_M,2,2_01,M.USER.APP.2,2,95,3,7,None,0.3,17805.000099999997,17805.300099999997,17800.0,17805.000099999997
712,COMP_M,3,3_01,M.USER.APP.3,3,96,4,31,None,0.3,17806.000119999997,17806.300119999996,17800.0,17806.000119999997
714,COMP_M,1,1_01,M.USER.APP.1,1,98,2,11,None,0.3,17905.000099999997,17905.300099999997,17900.0,17905.000099999997
713,COMP_M,0,0_01,M.USER.APP.0,0,99,1,15,None,0.3,17905.000099999997,17905.300099999997,17900.0,17905.000099999997
715,COMP_M,2,2_01,M.USER.APP.2,2,95,3,7,None,0.3,17905.000099999997,17905.300099999997,17900.0,17905.000099999997
716,COMP_M,3,3_01,M.USER.APP.3,3,96,4,31,None,0.3,17906.000119999997,17906.300119999996,17900.0,17906.000119999997
717,COMP_M,0,0_01,M.USER.APP.0,0,105,1,10,None,0.3,18003.00006,18003.300059999998,18000.0,18003.00006
720,COMP_M,3,3_01,M.USER.APP.3,3,108,4,3,None,0.3,18003.00006,18003.300059999998,18000.0,18003.00006
718,COMP_M,1,1_01,M.USER.APP.1,1,104,2,22,None,0.3,18004.000079999998,18004.300079999997,18000.0,18004.000079999998
719,COMP_M,2,2_01,M.USER.APP.2,2,103,3,14,None,0.3,18005.000099999997,18005.300099999997,18000.0,18005.000099999997
721,COMP_M,0,0_01,M.USER.APP.0,0,105,1,10,None,0.3,18103.00006,18103.300059999998,18100.0,18103.00006
724,COMP_M,3,3_01,M.USER.APP.3,3,108,4,3,None,0.3,18103.00006,18103.300059999998,18100.0,18103.00006
722,COMP_M,1,1_01,M.USER.APP.1,1,104,2,22,None,0.3,18104.000079999998,18104.300079999997,18100.0,18104.000079999998
723,COMP_M,2,2_01,M.USER.APP.2,2,103,3,14,None,0.3,18105.000099999997,18105.300099999997,18100.0,18105.000099999997
725,COMP_M,0,0_01,M.USER.APP.0,0,105,1,10,None,0.3,18203.00006,18203.300059999998,18200.0,18203.00006
728,COMP_M,3,3_01,M.USER.APP.3,3,108,4,3,None,0.3,18203.00006,18203.300059999998,18200.0,18203.00006
726,COMP_M,1,1_01,M.USER.APP.1,1,104,2,22,None,0.3,18204.000079999998,18204.300079999997,18200.0,18204.000079999998
727,COMP_M,2,2_01,M.USER.APP.2,2,103,3,14,None,0.3,18205.000099999997,18205.300099999997,18200.0,18205.000099999997
729,COMP_M,0,0_01,M.USER.APP.0,0,105,1,10,None,0.3,18303.00006,18303.300059999998,18300.0,18303.00006
732,COMP_M,3,3_01,M.USER.APP.3,3,108,4,3,None,0.3,18303.00006,18303.300059999998,18300.0,18303.00006
730,COMP_M,1,1_01,M.USER.APP.1,1,104,2,22,None,0.3,18304.000079999998,18304.300079999997,18300.0,18304.000079999998
731,COMP_M,2,2_01,M.USER.APP.2,2,103,3,14,None,0.3,18305.000099999997,18305.300099999997,18300.0,18305.000099999997
733,COMP_M,0,0_01,M.USER.APP.0,0,105,1,10,None,0.3,18403.00006,18403.300059999998,18400.0,18403.00006
736,COMP_M,3,3_01,M.USER.APP.3,3,108,4,3,None,0.3,18403.00006,18403.300059999998,18400.0,18403.00006
734,COMP_M,1,1_01,M.USER.APP.1,1,104,2,22,None,0.3,18404.000079999998,18404.300079999997,18400.0,18404.000079999998
735,COMP_M,2,2_01,M.USER.APP.2,2,103,3,14,None,0.3,18405.000099999997,18405.300099999997,18400.0,18405.000099999997
737,COMP_M,0,0_01,M.USER.APP.0,0,105,1,10,None,0.3,18503.00006,18503.300059999998,18500.0,18503.00006
740,COMP_M,3,3_01,M.USER.APP.3,3,108,4,3,None,0.3,18503.00006,18503.300059999998,18500.0,18503.00006
738,COMP_M,1,1_01,M.USER.APP.1,1,104,2,22,None,0.3,18504.000079999998,18504.300079999997,18500.0,18504.000079999998
739,COMP_M,2,2_01,M.USER.APP.2,2,103,3,14,None,0.3,18505.000099999997,18505.300099999997,18500.0,18505.000099999997
741,COMP_M,0,0_01,M.USER.APP.0,0,105,1,10,None,0.3,18603.00006,18603.300059999998,18600.0,18603.00006
744,COMP_M,3,3_01,M.USER.APP.3,3,108,4,3,None,0.3,18603.00006,18603.300059999998,18600.0,18603.00006
742,COMP_M,1,1_01,M.USER.APP.1,1,104,2,22,None,0.3,18604.000079999998,18604.300079999997,18600.0,18604.000079999998
743,COMP_M,2,2_01,M.USER.APP.2,2,103,3,14,None,0.3,18605.000099999997,18605.300099999997,18600.0,18605.000099999997
745,COMP_M,0,0_01,M.USER.APP.0,0,105,1,10,None,0.3,18703.00006,18703.300059999998,18700.0,18703.00006
748,COMP_M,3,3_01,M.USER.APP.3,3,108,4,3,None,0.3,18703.00006,18703.300059999998,18700.0,18703.00006
746,COMP_M,1,1_01,M.USER.APP.1,1,104,2,22,None,0.3,18704.000079999998,18704.300079999997,18700.0,18704.000079999998
747,COMP_M,2,2_01,M.USER.APP.2,2,103,3,14,None,0.3,18705.000099999997,18705.300099999997,18700.0,18705.000099999997
749,COMP_M,0,0_01,M.USER.APP.0,0,105,1,10,None,0.3,18803.00006,18803.300059999998,18800.0,18803.00006
752,COMP_M,3,3_01,M.USER.APP.3,3,108,4,3,None,0.3,18803.00006,18803.300059999998,18800.0,18803.00006
750,COMP_M,1,1_01,M.USER.APP.1,1,104,2,22,None,0.3,18804.000079999998,18804.300079999997,18800.0,18804.000079999998
751,COMP_M,2,2_01,M.USER.APP.2,2,103,3,14,None,0.3,18805.000099999997,18805.300099999997,18800.0,18805.000099999997
753,COMP_M,0,0_01,M.USER.APP.0,0,105,1,10,None,0.3,18903.00006,18903.300059999998,18900.0,18903.00006
756,COMP_M,3,3_01,M.USER.APP.3,3,108,4,3,None,0.3,18903.00006,18903.300059999998,18900.0,18903.00006
754,COMP_M,1,1_01,M.USER.APP.1,1,104,2,22,None,0.3,18904.000079999998,18904.300079999997,18900.0,18904.000079999998
755,COMP_M,2,2_01,M.USER.APP.2,2,103,3,14,None,0.3,18905.000099999997,18905.300099999997,18900.0,18905.000099999997
759,COMP_M,2,2_01,M.USER.APP.2,2,112,3,2,None,0.3,19001.00002,19001.30002,19000.0,19001.00002
760,COMP_M,3,3_01,M.USER.APP.3,3,109,4,6,None,0.3,19001.00002,19001.30002,19000.0,19001.00002
758,COMP_M,1,1_01,M.USER.APP.1,1,114,2,1,None,0.3,19002.00004,19002.30004,19000.0,19002.00004
757,COMP_M,0,0_01,M.USER.APP.0,0,111,1,14,None,0.3,19004.000079999998,19004.300079999997,19000.0,19004.000079999998
763,COMP_M,2,2_01,M.USER.APP.2,2,112,3,2,None,0.3,19101.00002,19101.30002,19100.0,19101.00002
764,COMP_M,3,3_01,M.USER.APP.3,3,109,4,6,None,0.3,19101.00002,19101.30002,19100.0,19101.00002
762,COMP_M,1,1_01,M.USER.APP.1,1,114,2,1,None,0.3,19102.00004,19102.30004,19100.0,19102.00004
761,COMP_M,0,0_01,M.USER.APP.0,0,111,1,14,None,0.3,19104.000079999998,19104.300079999997,19100.0,19104.000079999998
767,COMP_M,2,2_01,M.USER.APP.2,2,112,3,2,None,0.3,19201.00002,19201.30002,19200.0,19201.00002
768,COMP_M,3,3_01,M.USER.APP.3,3,109,4,6,None,0.3,19201.00002,19201.30002,19200.0,19201.00002
766,COMP_M,1,1_01,M.USER.APP.1,1,114,2,1,None,0.3,19202.00004,19202.30004,19200.0,19202.00004
765,COMP_M,0,0_01,M.USER.APP.0,0,111,1,14,None,0.3,19204.000079999998,19204.300079999997,19200.0,19204.000079999998
771,COMP_M,2,2_01,M.USER.APP.2,2,112,3,2,None,0.3,19301.00002,19301.30002,19300.0,19301.00002
772,COMP_M,3,3_01,M.USER.APP.3,3,109,4,6,None,0.3,19301.00002,19301.30002,19300.0,19301.00002
770,COMP_M,1,1_01,M.USER.APP.1,1,114,2,1,None,0.3,19302.00004,19302.30004,19300.0,19302.00004
769,COMP_M,0,0_01,M.USER.APP.0,0,111,1,14,None,0.3,19304.000079999998,19304.300079999997,19300.0,19304.000079999998
775,COMP_M,2,2_01,M.USER.APP.2,2,112,3,2,None,0.3,19401.00002,19401.30002,19400.0,19401.00002
776,COMP_M,3,3_01,M.USER.APP.3,3,109,4,6,None,0.3,19401.00002,19401.30002,19400.0,19401.00002
774,COMP_M,1,1_01,M.USER.APP.1,1,114,2,1,None,0.3,19402.00004,19402.30004,19400.0,19402.00004
773,COMP_M,0,0_01,M.USER.APP.0,0,111,1,14,None,0.3,19404.000079999998,19404.300079999997,19400.0,19404.000079999998
779,COMP_M,2,2_01,M.USER.APP.2,2,112,3,2,None,0.3,19501.00002,19501.30002,19500.0,19501.00002
780,COMP_M,3,3_01,M.USER.APP.3,3,109,4,6,None,0.3,19501.00002,19501.30002,19500.0,19501.00002
778,COMP_M,1,1_01,M.USER.APP.1,1,114,2,1,None,0.3,19502.00004,19502.30004,19500.0,19502.00004
777,COMP_M,0,0_01,M.USER.APP.0,0,111,1,14,None,0.3,19504.000079999998,19504.300079999997,19500.0,19504.000079999998
783,COMP_M,2,2_01,M.USER.APP.2,2,112,3,2,None,0.3,19601.00002,19601.30002,19600.0,19601.00002
784,COMP_M,3,3_01,M.USER.APP.3,3,109,4,6,None,0.3,19601.00002,19601.30002,19600.0,19601.00002
782,COMP_M,1,1_01,M.USER.APP.1,1,114,2,1,None,0.3,19602.00004,19602.30004,19600.0,19602.00004
781,COMP_M,0,0_01,M.USER.APP.0,0,111,1,14,None,0.3,19604.000079999998,19604.300079999997,19600.0,19604.000079999998
787,COMP_M,2,2_01,M.USER.APP.2,2,112,3,2,None,0.3,19701.00002,19701.30002,19700.0,19701.00002
788,COMP_M,3,3_01,M.USER.APP.3,3,109,4,6,None,0.3,19701.00002,19701.30002,19700.0,19701.00002
786,COMP_M,1,1_01,M.USER.APP.1,1,114,2,1,None,0.3,19702.00004,19702.30004,19700.0,19702.00004
785,COMP_M,0,0_01,M.USER.APP.0,0,111,1,14,None,0.3,19704.000079999998,19704.300079999997,19700.0,19704.000079999998
791,COMP_M,2,2_01,M.USER.APP.2,2,112,3,2,None,0.3,19801.00002,19801.30002,19800.0,19801.00002
792,COMP_M,3,3_01,M.USER.APP.3,3,109,4,6,None,0.3,19801.00002,19801.30002,19800.0,19801.00002
790,COMP_M,1,1_01,M.USER.APP.1,1,114,2,1,None,0.3,19802.00004,19802.30004,19800.0,19802.00004
789,COMP_M,0,0_01,M.USER.APP.0,0,111,1,14,None,0.3,19804.000079999998,19804.300079999997,19800.0,19804.000079999998
795,COMP_M,2,2_01,M.USER.APP.2,2,112,3,2,None,0.3,19901.00002,19901.30002,19900.0,19901.00002
796,COMP_M,3,3_01,M.USER.APP.3,3,109,4,6,None,0.3,19901.00002,19901.30002,19900.0,19901.00002
794,COMP_M,1,1_01,M.USER.APP.1,1,114,2,1,None,0.3,19902.00004,19902.30004,19900.0,19902.00004
793,COMP_M,0,0_01,M.USER.APP.0,0,111,1,14,None,0.3,19904.000079999998,19904.300079999997,19900.0,19904.000079999998
