id,type,app,module,message,DES.src,DES.dst,TOPO.src,TOPO.dst,module.src,service,time_in,time_out,time_emit,time_reception
1,COMP_M,0,0_01,M.USER.APP.0,0,1,6,0,None,30.0,103.0000002,133.0000002,100.0,103.0000002
1,COMP_M,0,0_02,pedido1/2,1,2,0,3,0_01,30.0,139.00000041999996,169.00000041999996,133.0000002,139.00000041999996
1,COMP_M,0,0_03,pedido2/2,2,3,3,5,0_02,1.5,175.00000081999994,176.50000081999994,169.00000041999996,175.00000081999994
2,COMP_M,0,0_01,M.USER.APP.0,0,1,6,0,None,30.0,203.0000002,233.0000002,200.0,203.0000002
2,COMP_M,0,0_02,pedido1/2,1,2,0,3,0_01,30.0,239.00000041999996,269.00000042,233.0000002,239.00000041999996
2,COMP_M,0,0_03,pedido2/2,2,3,3,5,0_02,1.5,275.00000081999997,276.50000081999997,269.00000042,275.00000081999997
3,COMP_M,0,0_01,M.USER.APP.0,0,1,6,0,None,30.0,303.0000002,333.0000002,300.0,303.0000002
3,COMP_M,0,0_02,pedido1/2,1,2,0,3,0_01,30.0,339.00000042,369.00000042,333.0000002,339.00000042
3,COMP_M,0,0_03,pedido2/2,2,3,3,5,0_02,1.5,375.00000081999997,376.50000081999997,369.00000042,375.00000081999997
4,COMP_M,0,0_01,M.USER.APP.0,0,1,6,0,None,30.0,403.0000002,433.0000002,400.0,403.0000002
4,COMP_M,0,0_02,pedido1/2,1,2,0,3,0_01,30.0,439.00000042,469.00000042,433.0000002,439.00000042
4,COMP_M,0,0_03,pedido2/2,2,3,3,5,0_02,1.5,475.00000081999997,476.50000081999997,469.00000042,475.00000081999997
5,COMP_M,0,0_01,M.USER.APP.0,0,1,6,0,None,30.0,503.0000002,533.0000001999999,500.0,503.0000002
5,COMP_M,0,0_02,pedido1/2,1,2,0,3,0_01,30.0,539.00000042,569.00000042,533.0000001999999,539.00000042
5,COMP_M,0,0_03,pedido2/2,2,3,3,5,0_02,1.5,575.0000008200001,576.5000008200001,569.00000042,575.0000008200001
6,COMP_M,0,0_01,M.USER.APP.0,0,1,6,0,None,30.0,603.0000002,633.0000002,600.0,603.0000002
6,COMP_M,0,0_02,pedido1/2,1,2,0,3,0_01,30.0,639.0000004200001,669.0000004200001,633.0000002,639.0000004200001
6,COMP_M,0,0_03,pedido2/2,2,3,3,5,0_02,1.5,675.0000008200002,676.5000008200002,669.0000004200001,675.0000008200002
7,COMP_M,0,0_01,M.USER.APP.0,0,1,6,0,None,30.0,703.0000002,733.0000002,700.0,703.0000002
7,COMP_M,0,0_02,pedido1/2,1,2,0,3,0_01,30.0,739.0000004200001,769.0000004200001,733.0000002,739.0000004200001
7,COMP_M,0,0_03,pedido2/2,2,3,3,5,0_02,1.5,775.0000008200002,776.5000008200002,769.0000004200001,775.0000008200002
8,COMP_M,0,0_01,M.USER.APP.0,0,1,6,0,None,30.0,803.0000002,833.0000002,800.0,803.0000002
8,COMP_M,0,0_02,pedido1/2,1,2,0,3,0_01,30.0,839.0000004200001,869.0000004200001,833.0000002,839.0000004200001
8,COMP_M,0,0_03,pedido2/2,2,3,3,5,0_02,1.5,875.0000008200002,876.5000008200002,869.0000004200001,875.0000008200002
9,COMP_M,0,0_01,M.USER.APP.0,0,1,6,0,None,30.0,903.0000002,933.0000002,900.0,903.0000002
9,COMP_M,0,0_02,pedido1/2,1,2,0,3,0_01,30.0,939.0000004200001,969.0000004200001,933.0000002,939.0000004200001
9,COMP_M,0,0_03,pedido2/2,2,3,3,5,0_02,1.5,975.0000008200002,976.5000008200002,969.0000004200001,975.0000008200002
10,COMP_M,0,0_01,M.USER.APP.0,0,1,6,0,None,30.0,1003.0000002,1033.0000002000002,1000.0,1003.0000002
10,COMP_M,0,0_02,pedido1/2,1,2,0,3,0_01,30.0,1039.00000042,1069.00000042,1033.0000002000002,1039.00000042
10,COMP_M,0,0_03,pedido2/2,2,3,3,5,0_02,1.5,1075.00000082,1076.50000082,1069.00000042,1075.00000082
11,COMP_M,0,0_01,M.USER.APP.0,0,1,6,0,None,30.0,1103.0000002,1133.0000002,1100.0,1103.0000002
11,COMP_M,0,0_02,pedido1/2,1,2,0,3,0_01,30.0,1139.0000004199999,1169.0000004199999,1133.0000002,1139.0000004199999
11,COMP_M,0,0_03,pedido2/2,2,3,3,5,0_02,1.5,1175.0000008199997,1176.5000008199997,1169.0000004199999,1175.0000008199997
12,COMP_M,0,0_01,M.USER.APP.0,0,1,6,0,None,30.0,1203.0000002,1233.0000002,1200.0,1203.0000002
12,COMP_M,0,0_02,pedido1/2,1,2,0,3,0_01,30.0,1239.0000004199999,1269.0000004199999,1233.0000002,1239.0000004199999
12,COMP_M,0,0_03,pedido2/2,2,3,3,5,0_02,1.5,1275.0000008199997,1276.5000008199997,1269.0000004199999,1275.0000008199997
13,COMP_M,0,0_01,M.USER.APP.0,0,1,6,0,None,30.0,1303.0000002,1333.0000002,1300.0,1303.0000002
13,COMP_M,0,0_02,pedido1/2,1,2,0,3,0_01,30.0,1339.0000004199999,1369.0000004199999,1333.0000002,1339.0000004199999
13,COMP_M,0,0_03,pedido2/2,2,3,3,5,0_02,1.5,1375.0000008199997,1376.5000008199997,1369.0000004199999,1375.0000008199997
14,COMP_M,0,0_01,M.USER.APP.0,0,1,6,0,None,30.0,1403.0000002,1433.0000002,1400.0,1403.0000002
14,COMP_M,0,0_02,pedido1/2,1,2,0,3,0_01,30.0,1439.0000004199999,1469.0000004199999,1433.0000002,1439.0000004199999
14,COMP_M,0,0_03,pedido2/2,2,3,3,5,0_02,1.5,1475.0000008199997,1476.5000008199997,1469.0000004199999,1475.0000008199997
15,COMP_M,0,0_01,M.USER.APP.0,0,1,6,0,None,30.0,1503.0000002,1533.0000002,1500.0,1503.0000002
15,COMP_M,0,0_02,pedido1/2,1,2,0,3,0_01,30.0,1539.0000004199999,1569.0000004199999,1533.0000002,1539.0000004199999
15,COMP_M,0,0_03,pedido2/2,2,3,3,5,0_02,1.5,1575.0000008199997,1576.5000008199997,1569.0000004199999,1575.0000008199997
16,COMP_M,0,0_01,M.USER.APP.0,0,1,6,0,None,30.0,1603.0000002,1633.0000002,1600.0,1603.0000002
16,COMP_M,0,0_02,pedido1/2,1,2,0,3,0_01,30.0,1639.0000004199999,1669.0000004199999,1633.0000002,1639.0000004199999
16,COMP_M,0,0_03,pedido2/2,2,3,3,5,0_02,1.5,1675.0000008199997,1676.5000008199997,1669.0000004199999,1675.0000008199997
17,COMP_M,0,0_01,M.USER.APP.0,0,1,6,0,None,30.0,1703.0000002,1733.0000002,1700.0,1703.0000002
17,COMP_M,0,0_02,pedido1/2,1,2,0,3,0_01,30.0,1739.0000004199999,1769.0000004199999,1733.0000002,1739.0000004199999
17,COMP_M,0,0_03,pedido2/2,2,3,3,5,0_02,1.5,1775.0000008199997,1776.5000008199997,1769.0000004199999,1775.0000008199997
18,COMP_M,0,0_01,M.USER.APP.0,0,1,6,0,None,30.0,1803.0000002,1833.0000002,1800.0,1803.0000002
18,COMP_M,0,0_02,pedido1/2,1,2,0,3,0_01,30.0,1839.0000004199999,1869.0000004199999,1833.0000002,1839.0000004199999
18,COMP_M,0,0_03,pedido2/2,2,3,3,5,0_02,1.5,1875.0000008199997,1876.5000008199997,1869.0000004199999,1875.0000008199997
19,COMP_M,0,0_01,M.USER.APP.0,0,1,6,0,None,30.0,1903.0000002,1933.0000002,1900.0,1903.0000002
19,COMP_M,0,0_02,pedido1/2,1,2,0,3,0_01,30.0,1939.0000004199999,1969.0000004199999,1933.0000002,1939.0000004199999
19,COMP_M,0,0_03,pedido2/2,2,3,3,5,0_02,1.5,1975.0000008199997,1976.5000008199997,1969.0000004199999,1975.0000008199997
20,COMP_M,0,0_01,M.USER.APP.0,0,1,6,0,None,30.0,2003.0000002,2033.0000002,2000.0,2003.0000002
20,COMP_M,0,0_02,pedido1/2,1,2,0,3,0_01,30.0,2039.0000004199999,2069.00000042,2033.0000002,2039.0000004199999
20,COMP_M,0,0_03,pedido2/2,2,3,3,5,0_02,1.5,2075.0000008200004,2076.5000008200004,2069.00000042,2075.0000008200004
21,COMP_M,0,0_01,M.USER.APP.0,0,1,6,0,None,30.0,2103.0000002,2133.0000002,2100.0,2103.0000002
21,COMP_M,0,0_02,pedido1/2,1,2,0,3,0_01,30.0,2139.00000042,2169.00000042,2133.0000002,2139.00000042
21,COMP_M,0,0_03,pedido2/2,2,3,3,5,0_02,1.5,2175.0000008200004,2176.5000008200004,2169.00000042,2175.0000008200004
22,COMP_M,0,0_01,M.USER.APP.0,0,1,6,0,None,30.0,2203.0000002,2233.0000002,2200.0,2203.0000002
22,COMP_M,0,0_02,pedido1/2,1,2,0,3,0_01,30.0,2239.00000042,2269.00000042,2233.0000002,2239.00000042
22,COMP_M,0,0_03,pedido2/2,2,3,3,5,0_02,1.5,2275.0000008200004,2276.5000008200004,2269.00000042,2275.0000008200004
23,COMP_M,0,0_01,M.USER.APP.0,0,1,6,0,None,30.0,2303.0000002,2333.0000002,2300.0,2303.0000002
23,COMP_M,0,0_02,pedido1/2,1,2,0,3,0_01,30.0,2339.00000042,2369.00000042,2333.0000002,2339.00000042
23,COMP_M,0,0_03,pedido2/2,2,3,3,5,0_02,1.5,2375.0000008200004,2376.5000008200004,2369.00000042,2375.0000008200004
24,COMP_M,0,0_01,M.USER.APP.0,0,1,6,0,None,30.0,2403.0000002,2433.0000002,2400.0,2403.0000002
24,COMP_M,0,0_02,pedido1/2,1,2,0,3,0_01,30.0,2439.00000042,2469.00000042,2433.0000002,2439.00000042
24,COMP_M,0,0_03,pedido2/2,2,3,3,5,0_02,1.5,2475.0000008200004,2476.5000008200004,2469.00000042,2475.0000008200004
25,COMP_M,0,0_01,M.USER.APP.0,0,1,6,0,None,30.0,2503.0000002,2533.0000002,2500.0,2503.0000002
25,COMP_M,0,0_02,pedido1/2,1,2,0,3,0_01,30.0,2539.00000042,2569.00000042,2533.0000002,2539.00000042
25,COMP_M,0,0_03,pedido2/2,2,3,3,5,0_02,1.5,2575.0000008200004,2576.5000008200004,2569.00000042,2575.0000008200004
26,COMP_M,0,0_01,M.USER.APP.0,0,1,6,0,None,30.0,2603.0000002,2633.0000002,2600.0,2603.0000002
26,COMP_M,0,0_02,pedido1/2,1,2,0,3,0_01,30.0,2639.00000042,2669.00000042,2633.0000002,2639.00000042
26,COMP_M,0,0_03,pedido2/2,2,3,3,5,0_02,1.5,2675.0000008200004,2676.5000008200004,2669.00000042,2675.0000008200004
27,COMP_M,0,0_01,M.USER.APP.0,0,1,6,0,None,30.0,2703.0000002,2733.0000002,2700.0,2703.0000002
27,COMP_M,0,0_02,pedido1/2,1,2,0,3,0_01,30.0,2739.00000042,2769.00000042,2733.0000002,2739.00000042
27,COMP_M,0,0_03,pedido2/2,2,3,3,5,0_02,1.5,2775.0000008200004,2776.5000008200004,2769.00000042,2775.0000008200004
28,COMP_M,0,0_01,M.USER.APP.0,0,1,6,0,None,30.0,2803.0000002,2833.0000002,2800.0,2803.0000002
28,COMP_M,0,0_02,pedido1/2,1,2,0,3,0_01,30.0,2839.00000042,2869.00000042,2833.0000002,2839.00000042
28,COMP_M,0,0_03,pedido2/2,2,3,3,5,0_02,1.5,2875.0000008200004,2876.5000008200004,2869.00000042,2875.0000008200004
29,COMP_M,0,0_01,M.USER.APP.0,0,1,6,0,None,30.0,2903.0000002,2933.0000002,2900.0,2903.0000002
29,COMP_M,0,0_02,pedido1/2,1,2,0,3,0_01,30.0,2939.00000042,2969.00000042,2933.0000002,2939.00000042
29,COMP_M,0,0_03,pedido2/2,2,3,3,5,0_02,1.5,2975.0000008200004,2976.5000008200004,2969.00000042,2975.0000008200004
30,COMP_M,0,0_01,M.USER.APP.0,0,1,6,0,None,30.0,3003.0000002,3033.0000002,3000.0,3003.0000002
30,COMP_M,0,0_02,pedido1/2,1,2,0,3,0_01,30.0,3039.00000042,3069.00000042,3033.0000002,3039.00000042
30,COMP_M,0,0_03,pedido2/2,2,3,3,5,0_02,1.5,3075.0000008200004,3076.5000008200004,3069.00000042,3075.0000008200004
31,COMP_M,0,0_01,M.USER.APP.0,0,1,6,0,None,30.0,3103.0000002,3133.0000002,3100.0,3103.0000002
31,COMP_M,0,0_02,pedido1/2,1,2,0,3,0_01,30.0,3139.00000042,3169.00000042,3133.0000002,3139.00000042
31,COMP_M,0,0_03,pedido2/2,2,3,3,5,0_02,1.5,3175.0000008200004,3176.5000008200004,3169.00000042,3175.0000008200004
32,COMP_M,0,0_01,M.USER.APP.0,0,1,6,0,None,30.0,3203.0000002,3233.0000002,3200.0,3203.0000002
32,COMP_M,0,0_02,pedido1/2,1,2,0,3,0_01,30.0,3239.00000042,3269.00000042,3233.0000002,3239.00000042
32,COMP_M,0,0_03,pedido2/2,2,3,3,5,0_02,1.5,3275.0000008200004,3276.5000008200004,3269.00000042,3275.0000008200004
33,COMP_M,0,0_01,M.USER.APP.0,0,1,6,0,None,30.0,3303.0000002,3333.0000002,3300.0,3303.0000002
33,COMP_M,0,0_02,pedido1/2,1,2,0,3,0_01,30.0,3339.00000042,3369.00000042,3333.0000002,3339.00000042
33,COMP_M,0,0_03,pedido2/2,2,3,3,5,0_02,1.5,3375.0000008200004,3376.5000008200004,3369.00000042,3375.0000008200004
34,COMP_M,0,0_01,M.USER.APP.0,0,1,6,0,None,30.0,3403.0000002,3433.0000002,3400.0,3403.0000002
34,COMP_M,0,0_02,pedido1/2,1,2,0,3,0_01,30.0,3439.00000042,3469.00000042,3433.0000002,3439.00000042
34,COMP_M,0,0_03,pedido2/2,2,3,3,5,0_02,1.5,3475.0000008200004,3476.5000008200004,3469.00000042,3475.0000008200004
35,COMP_M,0,0_01,M.USER.APP.0,0,1,6,0,None,30.0,3503.0000002,3533.0000002,3500.0,3503.0000002
35,COMP_M,0,0_02,pedido1/2,1,2,0,3,0_01,30.0,3539.00000042,3569.00000042,3533.0000002,3539.00000042
35,COMP_M,0,0_03,pedido2/2,2,3,3,5,0_02,1.5,3575.0000008200004,3576.5000008200004,3569.00000042,3575.0000008200004
36,COMP_M,0,0_01,M.USER.APP.0,0,1,6,0,None,30.0,3603.0000002,3633.0000002,3600.0,3603.0000002
36,COMP_M,0,0_02,pedido1/2,1,2,0,3,0_01,30.0,3639.00000042,3669.00000042,3633.0000002,3639.00000042
36,COMP_M,0,0_03,pedido2/2,2,3,3,5,0_02,1.5,3675.0000008200004,3676.5000008200004,3669.00000042,3675.0000008200004
37,COMP_M,0,0_01,M.USER.APP.0,0,1,6,0,None,30.0,3703.0000002,3733.0000002,3700.0,3703.0000002
37,COMP_M,0,0_02,pedido1/2,1,2,0,3,0_01,30.0,3739.00000042,3769.00000042,3733.0000002,3739.00000042
37,COMP_M,0,0_03,pedido2/2,2,3,3,5,0_02,1.5,3775.0000008200004,3776.5000008200004,3769.00000042,3775.0000008200004
38,COMP_M,0,0_01,M.USER.APP.0,0,1,6,0,None,30.0,3803.0000002,3833.0000002,3800.0,3803.0000002
38,COMP_M,0,0_02,pedido1/2,1,2,0,3,0_01,30.0,3839.00000042,3869.00000042,3833.0000002,3839.00000042
38,COMP_M,0,0_03,pedido2/2,2,3,3,5,0_02,1.5,3875.0000008200004,3876.5000008200004,3869.00000042,3875.0000008200004
39,COMP_M,0,0_01,M.USER.APP.0,0,1,6,0,None,30.0,3903.0000002,3933.0000002,3900.0,3903.0000002
39,COMP_M,0,0_02,pedido1/2,1,2,0,3,0_01,30.0,3939.00000042,3969.00000042,3933.0000002,3939.00000042
39,COMP_M,0,0_03,pedido2/2,2,3,3,5,0_02,1.5,3975.0000008200004,3976.5000008200004,3969.00000042,3975.0000008200004
40,COMP_M,0,0_01,M.USER.APP.0,0,1,6,0,None,30.0,4003.0000002,4033.0000002,4000.0,4003.0000002
40,COMP_M,0,0_02,pedido1/2,1,2,0,3,0_01,30.0,4039.00000042,4069.00000042,4033.0000002,4039.00000042
40,COMP_M,0,0_03,pedido2/2,2,3,3,5,0_02,1.5,4075.0000008200004,4076.5000008200004,4069.00000042,4075.0000008200004
41,COMP_M,0,0_01,M.USER.APP.0,0,1,6,0,None,30.0,4103.0000002,4133.0000002,4100.0,4103.0000002
41,COMP_M,0,0_02,pedido1/2,1,2,0,3,0_01,30.0,4139.000000419999,4169.000000419999,4133.0000002,4139.000000419999
41,COMP_M,0,0_03,pedido2/2,2,3,3,5,0_02,1.5,4175.000000819999,4176.500000819999,4169.000000419999,4175.000000819999
42,COMP_M,0,0_01,M.USER.APP.0,0,1,6,0,None,30.0,4203.0000002,4233.0000002,4200.0,4203.0000002
42,COMP_M,0,0_02,pedido1/2,1,2,0,3,0_01,30.0,4239.000000419999,4269.000000419999,4233.0000002,4239.000000419999
42,COMP_M,0,0_03,pedido2/2,2,3,3,5,0_02,1.5,4275.000000819999,4276.500000819999,4269.000000419999,4275.000000819999
43,COMP_M,0,0_01,M.USER.APP.0,0,1,6,0,None,30.0,4303.0000002,4333.0000002,4300.0,4303.0000002
43,COMP_M,0,0_02,pedido1/2,1,2,0,3,0_01,30.0,4339.000000419999,4369.000000419999,4333.0000002,4339.000000419999
43,COMP_M,0,0_03,pedido2/2,2,3,3,5,0_02,1.5,4375.000000819999,4376.500000819999,4369.000000419999,4375.000000819999
44,COMP_M,0,0_01,M.USER.APP.0,0,1,6,0,None,30.0,4403.0000002,4433.0000002,4400.0,4403.0000002
44,COMP_M,0,0_02,pedido1/2,1,2,0,3,0_01,30.0,4439.000000419999,4469.000000419999,4433.0000002,4439.000000419999
44,COMP_M,0,0_03,pedido2/2,2,3,3,5,0_02,1.5,4475.000000819999,4476.500000819999,4469.000000419999,4475.000000819999
45,COMP_M,0,0_01,M.USER.APP.0,0,1,6,0,None,30.0,4503.0000002,4533.0000002,4500.0,4503.0000002
45,COMP_M,0,0_02,pedido1/2,1,2,0,3,0_01,30.0,4539.000000419999,4569.000000419999,4533.0000002,4539.000000419999
45,COMP_M,0,0_03,pedido2/2,2,3,3,5,0_02,1.5,4575.000000819999,4576.500000819999,4569.000000419999,4575.000000819999
46,COMP_M,0,0_01,M.USER.APP.0,0,1,6,0,None,30.0,4603.0000002,4633.0000002,4600.0,4603.0000002
46,COMP_M,0,0_02,pedido1/2,1,2,0,3,0_01,30.0,4639.000000419999,4669.000000419999,4633.0000002,4639.000000419999
46,COMP_M,0,0_03,pedido2/2,2,3,3,5,0_02,1.5,4675.000000819999,4676.500000819999,4669.000000419999,4675.000000819999
47,COMP_M,0,0_01,M.USER.APP.0,0,1,6,0,None,30.0,4703.0000002,4733.0000002,4700.0,4703.0000002
47,COMP_M,0,0_02,pedido1/2,1,2,0,3,0_01,30.0,4739.000000419999,4769.000000419999,4733.0000002,4739.000000419999
47,COMP_M,0,0_03,pedido2/2,2,3,3,5,0_02,1.5,4775.000000819999,4776.500000819999,4769.000000419999,4775.000000819999
48,COMP_M,0,0_01,M.USER.APP.0,0,1,6,0,None,30.0,4803.0000002,4833.0000002,4800.0,4803.0000002
48,COMP_M,0,0_02,pedido1/2,1,2,0,3,0_01,30.0,4839.000000419999,4869.000000419999,4833.0000002,4839.000000419999
48,COMP_M,0,0_03,pedido2/2,2,3,3,5,0_02,1.5,4875.000000819999,4876.500000819999,4869.000000419999,4875.000000819999
49,COMP_M,0,0_01,M.USER.APP.0,0,1,6,0,None,30.0,4903.0000002,4933.0000002,4900.0,4903.0000002
49,COMP_M,0,0_02,pedido1/2,1,2,0,3,0_01,30.0,4939.000000419999,4969.000000419999,4933.0000002,4939.000000419999
49,COMP_M,0,0_03,pedido2/2,2,3,3,5,0_02,1.5,4975.000000819999,4976.500000819999,4969.000000419999,4975.000000819999
50,COMP_M,0,0_01,M.USER.APP.0,0,1,6,0,None,30.0,5003.0000002,5033.0000002,5000.0,5003.0000002
50,COMP_M,0,0_02,pedido1/2,1,2,0,3,0_01,30.0,5039.000000419999,5069.000000419999,5033.0000002,5039.000000419999
50,COMP_M,0,0_03,pedido2/2,2,3,3,5,0_02,1.5,5075.000000819999,5076.500000819999,5069.000000419999,5075.000000819999
51,COMP_M,0,0_01,M.USER.APP.0,0,1,6,0,None,30.0,5103.0000002,5133.0000002,5100.0,5103.0000002
51,COMP_M,0,0_02,pedido1/2,1,2,0,3,0_01,30.0,5139.000000419999,5169.000000419999,5133.0000002,5139.000000419999
51,COMP_M,0,0_03,pedido2/2,2,3,3,5,0_02,1.5,5175.000000819999,5176.500000819999,5169.000000419999,5175.000000819999
52,COMP_M,0,0_01,M.USER.APP.0,0,1,6,0,None,30.0,5203.0000002,5233.0000002,5200.0,5203.0000002
52,COMP_M,0,0_02,pedido1/2,1,2,0,3,0_01,30.0,5239.000000419999,5269.000000419999,5233.0000002,5239.000000419999
52,COMP_M,0,0_03,pedido2/2,2,3,3,5,0_02,1.5,5275.000000819999,5276.500000819999,5269.000000419999,5275.000000819999
53,COMP_M,0,0_01,M.USER.APP.0,0,1,6,0,None,30.0,5303.0000002,5333.0000002,5300.0,5303.0000002
53,COMP_M,0,0_02,pedido1/2,1,2,0,3,0_01,30.0,5339.000000419999,5369.000000419999,5333.0000002,5339.000000419999
53,COMP_M,0,0_03,pedido2/2,2,3,3,5,0_02,1.5,5375.000000819999,5376.500000819999,5369.000000419999,5375.000000819999
54,COMP_M,0,0_01,M.USER.APP.0,0,1,6,0,None,30.0,5403.0000002,5433.0000002,5400.0,5403.0000002
54,COMP_M,0,0_02,pedido1/2,1,2,0,3,0_01,30.0,5439.000000419999,5469.000000419999,5433.0000002,5439.000000419999
54,COMP_M,0,0_03,pedido2/2,2,3,3,5,0_02,1.5,5475.000000819999,5476.500000819999,5469.000000419999,5475.000000819999
55,COMP_M,0,0_01,M.USER.APP.0,0,1,6,0,None,30.0,5503.0000002,5533.0000002,5500.0,5503.0000002
55,COMP_M,0,0_02,pedido1/2,1,2,0,3,0_01,30.0,5539.000000419999,5569.000000419999,5533.0000002,5539.000000419999
55,COMP_M,0,0_03,pedido2/2,2,3,3,5,0_02,1.5,5575.000000819999,5576.500000819999,5569.000000419999,5575.000000819999
56,COMP_M,0,0_01,M.USER.APP.0,0,1,6,0,None,30.0,5603.0000002,5633.0000002,5600.0,5603.0000002
56,COMP_M,0,0_02,pedido1/2,1,2,0,3,0_01,30.0,5639.000000419999,5669.000000419999,5633.0000002,5639.000000419999
56,COMP_M,0,0_03,pedido2/2,2,3,3,5,0_02,1.5,5675.000000819999,5676.500000819999,5669.000000419999,5675.000000819999
57,COMP_M,0,0_01,M.USER.APP.0,0,1,6,0,None,30.0,5703.0000002,5733.0000002,5700.0,5703.0000002
57,COMP_M,0,0_02,pedido1/2,1,2,0,3,0_01,30.0,5739.000000419999,5769.000000419999,5733.0000002,5739.000000419999
57,COMP_M,0,0_03,pedido2/2,2,3,3,5,0_02,1.5,5775.000000819999,5776.500000819999,5769.000000419999,5775.000000819999
58,COMP_M,0,0_01,M.USER.APP.0,0,1,6,0,None,30.0,5803.0000002,5833.0000002,5800.0,5803.0000002
58,COMP_M,0,0_02,pedido1/2,1,2,0,3,0_01,30.0,5839.000000419999,5869.000000419999,5833.0000002,5839.000000419999
58,COMP_M,0,0_03,pedido2/2,2,3,3,5,0_02,1.5,5875.000000819999,5876.500000819999,5869.000000419999,5875.000000819999
59,COMP_M,0,0_01,M.USER.APP.0,0,1,6,0,None,30.0,5903.0000002,5933.0000002,5900.0,5903.0000002
59,COMP_M,0,0_02,pedido1/2,1,2,0,3,0_01,30.0,5939.000000419999,5969.000000419999,5933.0000002,5939.000000419999
59,COMP_M,0,0_03,pedido2/2,2,3,3,5,0_02,1.5,5975.000000819999,5976.500000819999,5969.000000419999,5975.000000819999
60,COMP_M,0,0_01,M.USER.APP.0,0,1,6,0,None,30.0,6003.0000002,6033.0000002,6000.0,6003.0000002
60,COMP_M,0,0_02,pedido1/2,1,2,0,3,0_01,30.0,6039.000000419999,6069.000000419999,6033.0000002,6039.000000419999
60,COMP_M,0,0_03,pedido2/2,2,3,3,5,0_02,1.5,6075.000000819999,6076.500000819999,6069.000000419999,6075.000000819999
61,COMP_M,0,0_01,M.USER.APP.0,0,1,6,0,None,30.0,6103.0000002,6133.0000002,6100.0,6103.0000002
61,COMP_M,0,0_02,pedido1/2,1,2,0,3,0_01,30.0,6139.000000419999,6169.000000419999,6133.0000002,6139.000000419999
61,COMP_M,0,0_03,pedido2/2,2,3,3,5,0_02,1.5,6175.000000819999,6176.500000819999,6169.000000419999,6175.000000819999
62,COMP_M,0,0_01,M.USER.APP.0,0,1,6,0,None,30.0,6203.0000002,6233.0000002,6200.0,6203.0000002
62,COMP_M,0,0_02,pedido1/2,1,2,0,3,0_01,30.0,6239.000000419999,6269.000000419999,6233.0000002,6239.000000419999
62,COMP_M,0,0_03,pedido2/2,2,3,3,5,0_02,1.5,6275.000000819999,6276.500000819999,6269.000000419999,6275.000000819999
63,COMP_M,0,0_01,M.USER.APP.0,0,1,6,0,None,30.0,6303.0000002,6333.0000002,6300.0,6303.0000002
63,COMP_M,0,0_02,pedido1/2,1,2,0,3,0_01,30.0,6339.000000419999,6369.000000419999,6333.0000002,6339.000000419999
63,COMP_M,0,0_03,pedido2/2,2,3,3,5,0_02,1.5,6375.000000819999,6376.500000819999,6369.000000419999,6375.000000819999
64,COMP_M,0,0_01,M.USER.APP.0,0,1,6,0,None,30.0,6403.0000002,6433.0000002,6400.0,6403.0000002
64,COMP_M,0,0_02,pedido1/2,1,2,0,3,0_01,30.0,6439.000000419999,6469.000000419999,6433.0000002,6439.000000419999
64,COMP_M,0,0_03,pedido2/2,2,3,3,5,0_02,1.5,6475.000000819999,6476.500000819999,6469.000000419999,6475.000000819999
65,COMP_M,0,0_01,M.USER.APP.0,0,1,6,0,None,30.0,6503.0000002,6533.0000002,6500.0,6503.0000002
65,COMP_M,0,0_02,pedido1/2,1,2,0,3,0_01,30.0,6539.000000419999,6569.000000419999,6533.0000002,6539.000000419999
65,COMP_M,0,0_03,pedido2/2,2,3,3,5,0_02,1.5,6575.000000819999,6576.500000819999,6569.000000419999,6575.000000819999
66,COMP_M,0,0_01,M.USER.APP.0,0,1,6,0,None,30.0,6603.0000002,6633.0000002,6600.0,6603.0000002
66,COMP_M,0,0_02,pedido1/2,1,2,0,3,0_01,30.0,6639.000000419999,6669.000000419999,6633.0000002,6639.000000419999
66,COMP_M,0,0_03,pedido2/2,2,3,3,5,0_02,1.5,6675.000000819999,6676.500000819999,6669.000000419999,6675.000000819999
67,COMP_M,0,0_01,M.USER.APP.0,0,1,6,0,None,30.0,6703.0000002,6733.0000002,6700.0,6703.0000002
67,COMP_M,0,0_02,pedido1/2,1,2,0,3,0_01,30.0,6739.000000419999,6769.000000419999,6733.0000002,6739.000000419999
67,COMP_M,0,0_03,pedido2/2,2,3,3,5,0_02,1.5,6775.000000819999,6776.500000819999,6769.000000419999,6775.000000819999
68,COMP_M,0,0_01,M.USER.APP.0,0,1,6,0,None,30.0,6803.0000002,6833.0000002,6800.0,6803.0000002
68,COMP_M,0,0_02,pedido1/2,1,2,0,3,0_01,30.0,6839.000000419999,6869.000000419999,6833.0000002,6839.000000419999
68,COMP_M,0,0_03,pedido2/2,2,3,3,5,0_02,1.5,6875.000000819999,6876.500000819999,6869.000000419999,6875.000000819999
69,COMP_M,0,0_01,M.USER.APP.0,0,1,6,0,None,30.0,6903.0000002,6933.0000002,6900.0,6903.0000002
69,COMP_M,0,0_02,pedido1/2,1,2,0,3,0_01,30.0,6939.000000419999,6969.000000419999,6933.0000002,6939.000000419999
69,COMP_M,0,0_03,pedido2/2,2,3,3,5,0_02,1.5,6975.000000819999,6976.500000819999,6969.000000419999,6975.000000819999
70,COMP_M,0,0_01,M.USER.APP.0,0,1,6,0,None,30.0,7003.0000002,7033.0000002,7000.0,7003.0000002
70,COMP_M,0,0_02,pedido1/2,1,2,0,3,0_01,30.0,7039.000000419999,7069.000000419999,7033.0000002,7039.000000419999
70,COMP_M,0,0_03,pedido2/2,2,3,3,5,0_02,1.5,7075.000000819999,7076.500000819999,7069.000000419999,7075.000000819999
71,COMP_M,0,0_01,M.USER.APP.0,0,1,6,0,None,30.0,7103.0000002,7133.0000002,7100.0,7103.0000002
71,COMP_M,0,0_02,pedido1/2,1,2,0,3,0_01,30.0,7139.000000419999,7169.000000419999,7133.0000002,7139.000000419999
71,COMP_M,0,0_03,pedido2/2,2,3,3,5,0_02,1.5,7175.000000819999,7176.500000819999,7169.000000419999,7175.000000819999
72,COMP_M,0,0_01,M.USER.APP.0,0,1,6,0,None,30.0,7203.0000002,7233.0000002,7200.0,7203.0000002
72,COMP_M,0,0_02,pedido1/2,1,2,0,3,0_01,30.0,7239.000000419999,7269.000000419999,7233.0000002,7239.000000419999
72,COMP_M,0,0_03,pedido2/2,2,3,3,5,0_02,1.5,7275.000000819999,7276.500000819999,7269.000000419999,7275.000000819999
73,COMP_M,0,0_01,M.USER.APP.0,0,1,6,0,None,30.0,7303.0000002,7333.0000002,7300.0,7303.0000002
73,COMP_M,0,0_02,pedido1/2,1,2,0,3,0_01,30.0,7339.000000419999,7369.000000419999,7333.0000002,7339.000000419999
73,COMP_M,0,0_03,pedido2/2,2,3,3,5,0_02,1.5,7375.000000819999,7376.500000819999,7369.000000419999,7375.000000819999
74,COMP_M,0,0_01,M.USER.APP.0,0,1,6,0,None,30.0,7403.0000002,7433.0000002,7400.0,7403.0000002
74,COMP_M,0,0_02,pedido1/2,1,2,0,3,0_01,30.0,7439.000000419999,7469.000000419999,7433.0000002,7439.000000419999
74,COMP_M,0,0_03,pedido2/2,2,3,3,5,0_02,1.5,7475.000000819999,7476.500000819999,7469.000000419999,7475.000000819999
75,COMP_M,0,0_01,M.USER.APP.0,0,1,6,0,None,30.0,7503.0000002,7533.0000002,7500.0,7503.0000002
75,COMP_M,0,0_02,pedido1/2,1,2,0,3,0_01,30.0,7539.000000419999,7569.000000419999,7533.0000002,7539.000000419999
75,COMP_M,0,0_03,pedido2/2,2,3,3,5,0_02,1.5,7575.000000819999,7576.500000819999,7569.000000419999,7575.000000819999
76,COMP_M,0,0_01,M.USER.APP.0,0,1,6,0,None,30.0,7603.0000002,7633.0000002,7600.0,7603.0000002
76,COMP_M,0,0_02,pedido1/2,1,2,0,3,0_01,30.0,7639.000000419999,7669.000000419999,7633.0000002,7639.000000419999
76,COMP_M,0,0_03,pedido2/2,2,3,3,5,0_02,1.5,7675.000000819999,7676.500000819999,7669.000000419999,7675.000000819999
77,COMP_M,0,0_01,M.USER.APP.0,0,1,6,0,None,30.0,7703.0000002,7733.0000002,7700.0,7703.0000002
77,COMP_M,0,0_02,pedido1/2,1,2,0,3,0_01,30.0,7739.000000419999,7769.000000419999,7733.0000002,7739.000000419999
77,COMP_M,0,0_03,pedido2/2,2,3,3,5,0_02,1.5,7775.000000819999,7776.500000819999,7769.000000419999,7775.000000819999
78,COMP_M,0,0_01,M.USER.APP.0,0,1,6,0,None,30.0,7803.0000002,7833.0000002,7800.0,7803.0000002
78,COMP_M,0,0_02,pedido1/2,1,2,0,3,0_01,30.0,7839.000000419999,7869.000000419999,7833.0000002,7839.000000419999
78,COMP_M,0,0_03,pedido2/2,2,3,3,5,0_02,1.5,7875.000000819999,7876.500000819999,7869.000000419999,7875.000000819999
79,COMP_M,0,0_01,M.USER.APP.0,0,1,6,0,None,30.0,7903.0000002,7933.0000002,7900.0,7903.0000002
79,COMP_M,0,0_02,pedido1/2,1,2,0,3,0_01,30.0,7939.000000419999,7969.000000419999,7933.0000002,7939.000000419999
79,COMP_M,0,0_03,pedido2/2,2,3,3,5,0_02,1.5,7975.000000819999,7976.500000819999,7969.000000419999,7975.000000819999
80,COMP_M,0,0_01,M.USER.APP.0,0,1,6,0,None,30.0,8003.0000002,8033.0000002,8000.0,8003.0000002
80,COMP_M,0,0_02,pedido1/2,1,2,0,3,0_01,30.0,8039.000000419999,8069.000000419999,8033.0000002,8039.000000419999
80,COMP_M,0,0_03,pedido2/2,2,3,3,5,0_02,1.5,8075.000000819999,8076.500000819999,8069.000000419999,8075.000000819999
81,COMP_M,0,0_01,M.USER.APP.0,0,1,6,0,None,30.0,8103.0000002,8133.0000002,8100.0,8103.0000002
81,COMP_M,0,0_02,pedido1/2,1,2,0,3,0_01,30.0,8139.000000419999,8169.000000419999,8133.0000002,8139.000000419999
81,COMP_M,0,0_03,pedido2/2,2,3,3,5,0_02,1.5,8175.000000819999,8176.500000819999,8169.000000419999,8175.000000819999
82,COMP_M,0,0_01,M.USER.APP.0,0,1,6,0,None,30.0,8203.0000002,8233.0000002,8200.0,8203.0000002
82,COMP_M,0,0_02,pedido1/2,1,2,0,3,0_01,30.0,8239.00000042,8269.00000042,8233.0000002,8239.00000042
82,COMP_M,0,0_03,pedido2/2,2,3,3,5,0_02,1.5,8275.000000819999,8276.500000819999,8269.00000042,8275.000000819999
83,COMP_M,0,0_01,M.USER.APP.0,0,1,6,0,None,30.0,8303.0000002,8333.0000002,8300.0,8303.0000002
83,COMP_M,0,0_02,pedido1/2,1,2,0,3,0_01,30.0,8339.00000042,8369.00000042,8333.0000002,8339.00000042
83,COMP_M,0,0_03,pedido2/2,2,3,3,5,0_02,1.5,8375.000000819999,8376.500000819999,8369.00000042,8375.000000819999
84,COMP_M,0,0_01,M.USER.APP.0,0,1,6,0,None,30.0,8403.0000002,8433.0000002,8400.0,8403.0000002
84,COMP_M,0,0_02,pedido1/2,1,2,0,3,0_01,30.0,8439.00000042,8469.00000042,8433.0000002,8439.00000042
84,COMP_M,0,0_03,pedido2/2,2,3,3,5,0_02,1.5,8475.000000819999,8476.500000819999,8469.00000042,8475.000000819999
85,COMP_M,0,0_01,M.USER.APP.0,0,1,6,0,None,30.0,8503.0000002,8533.0000002,8500.0,8503.0000002
85,COMP_M,0,0_02,pedido1/2,1,2,0,3,0_01,30.0,8539.00000042,8569.00000042,8533.0000002,8539.00000042
85,COMP_M,0,0_03,pedido2/2,2,3,3,5,0_02,1.5,8575.000000819999,8576.500000819999,8569.00000042,8575.000000819999
86,COMP_M,0,0_01,M.USER.APP.0,0,1,6,0,None,30.0,8603.0000002,8633.0000002,8600.0,8603.0000002
86,COMP_M,0,0_02,pedido1/2,1,2,0,3,0_01,30.0,8639.00000042,8669.00000042,8633.0000002,8639.00000042
86,COMP_M,0,0_03,pedido2/2,2,3,3,5,0_02,1.5,8675.000000819999,8676.500000819999,8669.00000042,8675.000000819999
87,COMP_M,0,0_01,M.USER.APP.0,0,1,6,0,None,30.0,8703.0000002,8733.0000002,8700.0,8703.0000002
87,COMP_M,0,0_02,pedido1/2,1,2,0,3,0_01,30.0,8739.00000042,8769.00000042,8733.0000002,8739.00000042
87,COMP_M,0,0_03,pedido2/2,2,3,3,5,0_02,1.5,8775.000000819999,8776.500000819999,8769.00000042,8775.000000819999
88,COMP_M,0,0_01,M.USER.APP.0,0,1,6,0,None,30.0,8803.0000002,8833.0000002,8800.0,8803.0000002
88,COMP_M,0,0_02,pedido1/2,1,2,0,3,0_01,30.0,8839.00000042,8869.00000042,8833.0000002,8839.00000042
88,COMP_M,0,0_03,pedido2/2,2,3,3,5,0_02,1.5,8875.000000819999,8876.500000819999,8869.00000042,8875.000000819999
89,COMP_M,0,0_01,M.USER.APP.0,0,1,6,0,None,30.0,8903.0000002,8933.0000002,8900.0,8903.0000002
89,COMP_M,0,0_02,pedido1/2,1,2,0,3,0_01,30.0,8939.00000042,8969.00000042,8933.0000002,8939.00000042
89,COMP_M,0,0_03,pedido2/2,2,3,3,5,0_02,1.5,8975.000000819999,8976.500000819999,8969.00000042,8975.000000819999
90,COMP_M,0,0_01,M.USER.APP.0,0,1,6,0,None,30.0,9003.0000002,9033.0000002,9000.0,9003.0000002
90,COMP_M,0,0_02,pedido1/2,1,2,0,3,0_01,30.0,9039.00000042,9069.00000042,9033.0000002,9039.00000042
90,COMP_M,0,0_03,pedido2/2,2,3,3,5,0_02,1.5,9075.000000819999,9076.500000819999,9069.00000042,9075.000000819999
91,COMP_M,0,0_01,M.USER.APP.0,0,1,6,0,None,30.0,9103.0000002,9133.0000002,9100.0,9103.0000002
91,COMP_M,0,0_02,pedido1/2,1,2,0,3,0_01,30.0,9139.00000042,9169.00000042,9133.0000002,9139.00000042
91,COMP_M,0,0_03,pedido2/2,2,3,3,5,0_02,1.5,9175.000000819999,9176.500000819999,9169.00000042,9175.000000819999
92,COMP_M,0,0_01,M.USER.APP.0,0,1,6,0,None,30.0,9203.0000002,9233.0000002,9200.0,9203.0000002
92,COMP_M,0,0_02,pedido1/2,1,2,0,3,0_01,30.0,9239.00000042,9269.00000042,9233.0000002,9239.00000042
92,COMP_M,0,0_03,pedido2/2,2,3,3,5,0_02,1.5,9275.000000819999,9276.500000819999,9269.00000042,9275.000000819999
93,COMP_M,0,0_01,M.USER.APP.0,0,1,6,0,None,30.0,9303.0000002,9333.0000002,9300.0,9303.0000002
93,COMP_M,0,0_02,pedido1/2,1,2,0,3,0_01,30.0,9339.00000042,9369.00000042,9333.0000002,9339.00000042
93,COMP_M,0,0_03,pedido2/2,2,3,3,5,0_02,1.5,9375.000000819999,9376.500000819999,9369.00000042,9375.000000819999
94,COMP_M,0,0_01,M.USER.APP.0,0,1,6,0,None,30.0,9403.0000002,9433.0000002,9400.0,9403.0000002
94,COMP_M,0,0_02,pedido1/2,1,2,0,3,0_01,30.0,9439.00000042,9469.00000042,9433.0000002,9439.00000042
94,COMP_M,0,0_03,pedido2/2,2,3,3,5,0_02,1.5,9475.000000819999,9476.500000819999,9469.00000042,9475.000000819999
95,COMP_M,0,0_01,M.USER.APP.0,0,1,6,0,None,30.0,9503.0000002,9533.0000002,9500.0,9503.0000002
95,COMP_M,0,0_02,pedido1/2,1,2,0,3,0_01,30.0,9539.00000042,9569.00000042,9533.0000002,9539.00000042
95,COMP_M,0,0_03,pedido2/2,2,3,3,5,0_02,1.5,9575.000000819999,9576.500000819999,9569.00000042,9575.000000819999
96,COMP_M,0,0_01,M.USER.APP.0,0,1,6,0,None,30.0,9603.0000002,9633.0000002,9600.0,9603.0000002
96,COMP_M,0,0_02,pedido1/2,1,2,0,3,0_01,30.0,9639.00000042,9669.00000042,9633.0000002,9639.00000042
96,COMP_M,0,0_03,pedido2/2,2,3,3,5,0_02,1.5,9675.000000819999,9676.500000819999,9669.00000042,9675.000000819999
97,COMP_M,0,0_01,M.USER.APP.0,0,1,6,0,None,30.0,9703.0000002,9733.0000002,9700.0,9703.0000002
97,COMP_M,0,0_02,pedido1/2,1,2,0,3,0_01,30.0,9739.00000042,9769.00000042,9733.0000002,9739.00000042
97,COMP_M,0,0_03,pedido2/2,2,3,3,5,0_02,1.5,9775.000000819999,9776.500000819999,9769.00000042,9775.000000819999
98,COMP_M,0,0_01,M.USER.APP.0,0,1,6,0,None,30.0,9803.0000002,9833.0000002,9800.0,9803.0000002
98,COMP_M,0,0_02,pedido1/2,1,2,0,3,0_01,30.0,9839.00000042,9869.00000042,9833.0000002,9839.00000042
98,COMP_M,0,0_03,pedido2/2,2,3,3,5,0_02,1.5,9875.000000819999,9876.500000819999,9869.00000042,9875.000000819999
99,COMP_M,0,0_01,M.USER.APP.0,0,1,6,0,None,30.0,9903.0000002,9933.0000002,9900.0,9903.0000002
99,COMP_M,0,0_02,pedido1/2,1,2,0,3,0_01,30.0,9939.00000042,9969.00000042,9933.0000002,9939.00000042
99,COMP_M,0,0_03,pedido2/2,2,3,3,5,0_02,1.5,9975.000000819999,9976.500000819999,9969.00000042,9975.000000819999
100,COMP_M,0,0_01,M.USER.APP.0,0,1,6,0,None,30.0,10003.0000002,10033.0000002,10000.0,10003.0000002
100,COMP_M,0,0_02,pedido1/2,1,2,0,3,0_01,30.0,10039.00000042,10069.00000042,10033.0000002,10039.00000042
100,COMP_M,0,0_03,pedido2/2,2,3,3,5,0_02,1.5,10075.000000819999,10076.500000819999,10069.00000042,10075.000000819999
101,COMP_M,0,0_01,M.USER.APP.0,0,1,6,0,None,30.0,10103.0000002,10133.0000002,10100.0,10103.0000002
101,COMP_M,0,0_02,pedido1/2,1,2,0,3,0_01,30.0,10139.00000042,10169.00000042,10133.0000002,10139.00000042
101,COMP_M,0,0_03,pedido2/2,2,3,3,5,0_02,1.5,10175.000000819999,10176.500000819999,10169.00000042,10175.000000819999
102,COMP_M,0,0_01,M.USER.APP.0,0,1,6,0,None,30.0,10203.0000002,10233.0000002,10200.0,10203.0000002
102,COMP_M,0,0_02,pedido1/2,1,2,0,3,0_01,30.0,10239.00000042,10269.00000042,10233.0000002,10239.00000042
102,COMP_M,0,0_03,pedido2/2,2,3,3,5,0_02,1.5,10275.000000819999,10276.500000819999,10269.00000042,10275.000000819999
103,COMP_M,0,0_01,M.USER.APP.0,0,1,6,0,None,30.0,10303.0000002,10333.0000002,10300.0,10303.0000002
103,COMP_M,0,0_02,pedido1/2,1,2,0,3,0_01,30.0,10339.00000042,10369.00000042,10333.0000002,10339.00000042
103,COMP_M,0,0_03,pedido2/2,2,3,3,5,0_02,1.5,10375.000000819999,10376.500000819999,10369.00000042,10375.000000819999
104,COMP_M,0,0_01,M.USER.APP.0,0,1,6,0,None,30.0,10403.0000002,10433.0000002,10400.0,10403.0000002
104,COMP_M,0,0_02,pedido1/2,1,2,0,3,0_01,30.0,10439.00000042,10469.00000042,10433.0000002,10439.00000042
104,COMP_M,0,0_03,pedido2/2,2,3,3,5,0_02,1.5,10475.000000819999,10476.500000819999,10469.00000042,10475.000000819999
105,COMP_M,0,0_01,M.USER.APP.0,0,1,6,0,None,30.0,10503.0000002,10533.0000002,10500.0,10503.0000002
105,COMP_M,0,0_02,pedido1/2,1,2,0,3,0_01,30.0,10539.00000042,10569.00000042,10533.0000002,10539.00000042
105,COMP_M,0,0_03,pedido2/2,2,3,3,5,0_02,1.5,10575.000000819999,10576.500000819999,10569.00000042,10575.000000819999
106,COMP_M,0,0_01,M.USER.APP.0,0,1,6,0,None,30.0,10603.0000002,10633.0000002,10600.0,10603.0000002
106,COMP_M,0,0_02,pedido1/2,1,2,0,3,0_01,30.0,10639.00000042,10669.00000042,10633.0000002,10639.00000042
106,COMP_M,0,0_03,pedido2/2,2,3,3,5,0_02,1.5,10675.000000819999,10676.500000819999,10669.00000042,10675.000000819999
107,COMP_M,0,0_01,M.USER.APP.0,0,1,6,0,None,30.0,10703.0000002,10733.0000002,10700.0,10703.0000002
107,COMP_M,0,0_02,pedido1/2,1,2,0,3,0_01,30.0,10739.00000042,10769.00000042,10733.0000002,10739.00000042
107,COMP_M,0,0_03,pedido2/2,2,3,3,5,0_02,1.5,10775.000000819999,10776.500000819999,10769.00000042,10775.000000819999
108,COMP_M,0,0_01,M.USER.APP.0,0,1,6,0,None,30.0,10803.0000002,10833.0000002,10800.0,10803.0000002
108,COMP_M,0,0_02,pedido1/2,1,2,0,3,0_01,30.0,10839.00000042,10869.00000042,10833.0000002,10839.00000042
108,COMP_M,0,0_03,pedido2/2,2,3,3,5,0_02,1.5,10875.000000819999,10876.500000819999,10869.00000042,10875.000000819999
109,COMP_M,0,0_01,M.USER.APP.0,0,1,6,0,None,30.0,10903.0000002,10933.0000002,10900.0,10903.0000002
109,COMP_M,0,0_02,pedido1/2,1,2,0,3,0_01,30.0,10939.00000042,10969.00000042,10933.0000002,10939.00000042
109,COMP_M,0,0_03,pedido2/2,2,3,3,5,0_02,1.5,10975.000000819999,10976.500000819999,10969.00000042,10975.000000819999
110,COMP_M,0,0_01,M.USER.APP.0,0,1,6,0,None,30.0,11003.0000002,11033.0000002,11000.0,11003.0000002
110,COMP_M,0,0_02,pedido1/2,1,2,0,3,0_01,30.0,11039.00000042,11069.00000042,11033.0000002,11039.00000042
110,COMP_M,0,0_03,pedido2/2,2,3,3,5,0_02,1.5,11075.000000819999,11076.500000819999,11069.00000042,11075.000000819999
111,COMP_M,0,0_01,M.USER.APP.0,0,1,6,0,None,30.0,11103.0000002,11133.0000002,11100.0,11103.0000002
111,COMP_M,0,0_02,pedido1/2,1,2,0,3,0_01,30.0,11139.00000042,11169.00000042,11133.0000002,11139.00000042
111,COMP_M,0,0_03,pedido2/2,2,3,3,5,0_02,1.5,11175.000000819999,11176.500000819999,11169.00000042,11175.000000819999
112,COMP_M,0,0_01,M.USER.APP.0,0,1,6,0,None,30.0,11203.0000002,11233.0000002,11200.0,11203.0000002
112,COMP_M,0,0_02,pedido1/2,1,2,0,3,0_01,30.0,11239.00000042,11269.00000042,11233.0000002,11239.00000042
112,COMP_M,0,0_03,pedido2/2,2,3,3,5,0_02,1.5,11275.000000819999,11276.500000819999,11269.00000042,11275.000000819999
113,COMP_M,0,0_01,M.USER.APP.0,0,1,6,0,None,30.0,11303.0000002,11333.0000002,11300.0,11303.0000002
113,COMP_M,0,0_02,pedido1/2,1,2,0,3,0_01,30.0,11339.00000042,11369.00000042,11333.0000002,11339.00000042
113,COMP_M,0,0_03,pedido2/2,2,3,3,5,0_02,1.5,11375.000000819999,11376.500000819999,11369.00000042,11375.000000819999
114,COMP_M,0,0_01,M.USER.APP.0,0,1,6,0,None,30.0,11403.0000002,11433.0000002,11400.0,11403.0000002
114,COMP_M,0,0_02,pedido1/2,1,2,0,3,0_01,30.0,11439.00000042,11469.00000042,11433.0000002,11439.00000042
114,COMP_M,0,0_03,pedido2/2,2,3,3,5,0_02,1.5,11475.000000819999,11476.500000819999,11469.00000042,11475.000000819999
115,COMP_M,0,0_01,M.USER.APP.0,0,1,6,0,None,30.0,11503.0000002,11533.0000002,11500.0,11503.0000002
115,COMP_M,0,0_02,pedido1/2,1,2,0,3,0_01,30.0,11539.00000042,11569.00000042,11533.0000002,11539.00000042
115,COMP_M,0,0_03,pedido2/2,2,3,3,5,0_02,1.5,11575.000000819999,11576.500000819999,11569.00000042,11575.000000819999
116,COMP_M,0,0_01,M.USER.APP.0,0,1,6,0,None,30.0,11603.0000002,11633.0000002,11600.0,11603.0000002
116,COMP_M,0,0_02,pedido1/2,1,2,0,3,0_01,30.0,11639.00000042,11669.00000042,11633.0000002,11639.00000042
116,COMP_M,0,0_03,pedido2/2,2,3,3,5,0_02,1.5,11675.000000819999,11676.500000819999,11669.00000042,11675.000000819999
117,COMP_M,0,0_01,M.USER.APP.0,0,1,6,0,None,30.0,11703.0000002,11733.0000002,11700.0,11703.0000002
117,COMP_M,0,0_02,pedido1/2,1,2,0,3,0_01,30.0,11739.00000042,11769.00000042,11733.0000002,11739.00000042
117,COMP_M,0,0_03,pedido2/2,2,3,3,5,0_02,1.5,11775.000000819999,11776.500000819999,11769.00000042,11775.000000819999
118,COMP_M,0,0_01,M.USER.APP.0,0,1,6,0,None,30.0,11803.0000002,11833.0000002,11800.0,11803.0000002
118,COMP_M,0,0_02,pedido1/2,1,2,0,3,0_01,30.0,11839.00000042,11869.00000042,11833.0000002,11839.00000042
118,COMP_M,0,0_03,pedido2/2,2,3,3,5,0_02,1.5,11875.000000819999,11876.500000819999,11869.00000042,11875.000000819999
119,COMP_M,0,0_01,M.USER.APP.0,0,1,6,0,None,30.0,11903.0000002,11933.0000002,11900.0,11903.0000002
119,COMP_M,0,0_02,pedido1/2,1,2,0,3,0_01,30.0,11939.00000042,11969.00000042,11933.0000002,11939.00000042
119,COMP_M,0,0_03,pedido2/2,2,3,3,5,0_02,1.5,11975.000000819999,11976.500000819999,11969.00000042,11975.000000819999
120,COMP_M,0,0_01,M.USER.APP.0,0,1,6,0,None,30.0,12003.0000002,12033.0000002,12000.0,12003.0000002
120,COMP_M,0,0_02,pedido1/2,1,2,0,3,0_01,30.0,12039.00000042,12069.00000042,12033.0000002,12039.00000042
120,COMP_M,0,0_03,pedido2/2,2,3,3,5,0_02,1.5,12075.000000819999,12076.500000819999,12069.00000042,12075.000000819999
121,COMP_M,0,0_01,M.USER.APP.0,0,1,6,0,None,30.0,12103.0000002,12133.0000002,12100.0,12103.0000002
121,COMP_M,0,0_02,pedido1/2,1,2,0,3,0_01,30.0,12139.00000042,12169.00000042,12133.0000002,12139.00000042
121,COMP_M,0,0_03,pedido2/2,2,3,3,5,0_02,1.5,12175.000000819999,12176.500000819999,12169.00000042,12175.000000819999
122,COMP_M,0,0_01,M.USER.APP.0,0,1,6,0,None,30.0,12203.0000002,12233.0000002,12200.0,12203.0000002
122,COMP_M,0,0_02,pedido1/2,1,2,0,3,0_01,30.0,12239.00000042,12269.00000042,12233.0000002,12239.00000042
122,COMP_M,0,0_03,pedido2/2,2,3,3,5,0_02,1.5,12275.000000819999,12276.500000819999,12269.00000042,12275.000000819999
123,COMP_M,0,0_01,M.USER.APP.0,0,1,6,0,None,30.0,12303.0000002,12333.0000002,12300.0,12303.0000002
123,COMP_M,0,0_02,pedido1/2,1,2,0,3,0_01,30.0,12339.00000042,12369.00000042,12333.0000002,12339.00000042
123,COMP_M,0,0_03,pedido2/2,2,3,3,5,0_02,1.5,12375.000000819999,12376.500000819999,12369.00000042,12375.000000819999
124,COMP_M,0,0_01,M.USER.APP.0,0,1,6,0,None,30.0,12403.0000002,12433.0000002,12400.0,12403.0000002
124,COMP_M,0,0_02,pedido1/2,1,2,0,3,0_01,30.0,12439.00000042,12469.00000042,12433.0000002,12439.00000042
124,COMP_M,0,0_03,pedido2/2,2,3,3,5,0_02,1.5,12475.000000819999,12476.500000819999,12469.00000042,12475.000000819999
125,COMP_M,0,0_01,M.USER.APP.0,0,1,6,0,None,30.0,12503.0000002,12533.0000002,12500.0,12503.0000002
125,COMP_M,0,0_02,pedido1/2,1,2,0,3,0_01,30.0,12539.00000042,12569.00000042,12533.0000002,12539.00000042
125,COMP_M,0,0_03,pedido2/2,2,3,3,5,0_02,1.5,12575.000000819999,12576.500000819999,12569.00000042,12575.000000819999
126,COMP_M,0,0_01,M.USER.APP.0,0,1,6,0,None,30.0,12603.0000002,12633.0000002,12600.0,12603.0000002
126,COMP_M,0,0_02,pedido1/2,1,2,0,3,0_01,30.0,12639.00000042,12669.00000042,12633.0000002,12639.00000042
126,COMP_M,0,0_03,pedido2/2,2,3,3,5,0_02,1.5,12675.000000819999,12676.500000819999,12669.00000042,12675.000000819999
127,COMP_M,0,0_01,M.USER.APP.0,0,1,6,0,None,30.0,12703.0000002,12733.0000002,12700.0,12703.0000002
127,COMP_M,0,0_02,pedido1/2,1,2,0,3,0_01,30.0,12739.00000042,12769.00000042,12733.0000002,12739.00000042
127,COMP_M,0,0_03,pedido2/2,2,3,3,5,0_02,1.5,12775.000000819999,12776.500000819999,12769.00000042,12775.000000819999
128,COMP_M,0,0_01,M.USER.APP.0,0,1,6,0,None,30.0,12803.0000002,12833.0000002,12800.0,12803.0000002
128,COMP_M,0,0_02,pedido1/2,1,2,0,3,0_01,30.0,12839.00000042,12869.00000042,12833.0000002,12839.00000042
128,COMP_M,0,0_03,pedido2/2,2,3,3,5,0_02,1.5,12875.000000819999,12876.500000819999,12869.00000042,12875.000000819999
129,COMP_M,0,0_01,M.USER.APP.0,0,1,6,0,None,30.0,12903.0000002,12933.0000002,12900.0,12903.0000002
129,COMP_M,0,0_02,pedido1/2,1,2,0,3,0_01,30.0,12939.00000042,12969.00000042,12933.0000002,12939.00000042
129,COMP_M,0,0_03,pedido2/2,2,3,3,5,0_02,1.5,12975.000000819999,12976.500000819999,12969.00000042,12975.000000819999
130,COMP_M,0,0_01,M.USER.APP.0,0,1,6,0,None,30.0,13003.0000002,13033.0000002,13000.0,13003.0000002
130,COMP_M,0,0_02,pedido1/2,1,2,0,3,0_01,30.0,13039.00000042,13069.00000042,13033.0000002,13039.00000042
130,COMP_M,0,0_03,pedido2/2,2,3,3,5,0_02,1.5,13075.000000819999,13076.500000819999,13069.00000042,13075.000000819999
131,COMP_M,0,0_01,M.USER.APP.0,0,1,6,0,None,30.0,13103.0000002,13133.0000002,13100.0,13103.0000002
131,COMP_M,0,0_02,pedido1/2,1,2,0,3,0_01,30.0,13139.00000042,13169.00000042,13133.0000002,13139.00000042
131,COMP_M,0,0_03,pedido2/2,2,3,3,5,0_02,1.5,13175.000000819999,13176.500000819999,13169.00000042,13175.000000819999
132,COMP_M,0,0_01,M.USER.APP.0,0,1,6,0,None,30.0,13203.0000002,13233.0000002,13200.0,13203.0000002
132,COMP_M,0,0_02,pedido1/2,1,2,0,3,0_01,30.0,13239.00000042,13269.00000042,13233.0000002,13239.00000042
132,COMP_M,0,0_03,pedido2/2,2,3,3,5,0_02,1.5,13275.000000819999,13276.500000819999,13269.00000042,13275.000000819999
133,COMP_M,0,0_01,M.USER.APP.0,0,1,6,0,None,30.0,13303.0000002,13333.0000002,13300.0,13303.0000002
133,COMP_M,0,0_02,pedido1/2,1,2,0,3,0_01,30.0,13339.00000042,13369.00000042,13333.0000002,13339.00000042
133,COMP_M,0,0_03,pedido2/2,2,3,3,5,0_02,1.5,13375.000000819999,13376.500000819999,13369.00000042,13375.000000819999
134,COMP_M,0,0_01,M.USER.APP.0,0,1,6,0,None,30.0,13403.0000002,13433.0000002,13400.0,13403.0000002
134,COMP_M,0,0_02,pedido1/2,1,2,0,3,0_01,30.0,13439.00000042,13469.00000042,13433.0000002,13439.00000042
134,COMP_M,0,0_03,pedido2/2,2,3,3,5,0_02,1.5,13475.000000819999,13476.500000819999,13469.00000042,13475.000000819999
135,COMP_M,0,0_01,M.USER.APP.0,0,1,6,0,None,30.0,13503.0000002,13533.0000002,13500.0,13503.0000002
135,COMP_M,0,0_02,pedido1/2,1,2,0,3,0_01,30.0,13539.00000042,13569.00000042,13533.0000002,13539.00000042
135,COMP_M,0,0_03,pedido2/2,2,3,3,5,0_02,1.5,13575.000000819999,13576.500000819999,13569.00000042,13575.000000819999
136,COMP_M,0,0_01,M.USER.APP.0,0,1,6,0,None,30.0,13603.0000002,13633.0000002,13600.0,13603.0000002
136,COMP_M,0,0_02,pedido1/2,1,2,0,3,0_01,30.0,13639.00000042,13669.00000042,13633.0000002,13639.00000042
136,COMP_M,0,0_03,pedido2/2,2,3,3,5,0_02,1.5,13675.000000819999,13676.500000819999,13669.00000042,13675.000000819999
137,COMP_M,0,0_01,M.USER.APP.0,0,1,6,0,None,30.0,13703.0000002,13733.0000002,13700.0,13703.0000002
137,COMP_M,0,0_02,pedido1/2,1,2,0,3,0_01,30.0,13739.00000042,13769.00000042,13733.0000002,13739.00000042
137,COMP_M,0,0_03,pedido2/2,2,3,3,5,0_02,1.5,13775.000000819999,13776.500000819999,13769.00000042,13775.000000819999
138,COMP_M,0,0_01,M.USER.APP.0,0,1,6,0,None,30.0,13803.0000002,13833.0000002,13800.0,13803.0000002
138,COMP_M,0,0_02,pedido1/2,1,2,0,3,0_01,30.0,13839.00000042,13869.00000042,13833.0000002,13839.00000042
138,COMP_M,0,0_03,pedido2/2,2,3,3,5,0_02,1.5,13875.000000819999,13876.500000819999,13869.00000042,13875.000000819999
139,COMP_M,0,0_01,M.USER.APP.0,0,1,6,0,None,30.0,13903.0000002,13933.0000002,13900.0,13903.0000002
139,COMP_M,0,0_02,pedido1/2,1,2,0,3,0_01,30.0,13939.00000042,13969.00000042,13933.0000002,13939.00000042
139,COMP_M,0,0_03,pedido2/2,2,3,3,5,0_02,1.5,13975.000000819999,13976.500000819999,13969.00000042,13975.000000819999
140,COMP_M,0,0_01,M.USER.APP.0,0,1,6,0,None,30.0,14003.0000002,14033.0000002,14000.0,14003.0000002
140,COMP_M,0,0_02,pedido1/2,1,2,0,3,0_01,30.0,14039.00000042,14069.00000042,14033.0000002,14039.00000042
140,COMP_M,0,0_03,pedido2/2,2,3,3,5,0_02,1.5,14075.000000819999,14076.500000819999,14069.00000042,14075.000000819999
141,COMP_M,0,0_01,M.USER.APP.0,0,1,6,0,None,30.0,14103.0000002,14133.0000002,14100.0,14103.0000002
141,COMP_M,0,0_02,pedido1/2,1,2,0,3,0_01,30.0,14139.00000042,14169.00000042,14133.0000002,14139.00000042
141,COMP_M,0,0_03,pedido2/2,2,3,3,5,0_02,1.5,14175.000000819999,14176.500000819999,14169.00000042,14175.000000819999
142,COMP_M,0,0_01,M.USER.APP.0,0,1,6,0,None,30.0,14203.0000002,14233.0000002,14200.0,14203.0000002
142,COMP_M,0,0_02,pedido1/2,1,2,0,3,0_01,30.0,14239.00000042,14269.00000042,14233.0000002,14239.00000042
142,COMP_M,0,0_03,pedido2/2,2,3,3,5,0_02,1.5,14275.000000819999,14276.500000819999,14269.00000042,14275.000000819999
143,COMP_M,0,0_01,M.USER.APP.0,0,1,6,0,None,30.0,14303.0000002,14333.0000002,14300.0,14303.0000002
143,COMP_M,0,0_02,pedido1/2,1,2,0,3,0_01,30.0,14339.00000042,14369.00000042,14333.0000002,14339.00000042
143,COMP_M,0,0_03,pedido2/2,2,3,3,5,0_02,1.5,14375.000000819999,14376.500000819999,14369.00000042,14375.000000819999
144,COMP_M,0,0_01,M.USER.APP.0,0,1,6,0,None,30.0,14403.0000002,14433.0000002,14400.0,14403.0000002
144,COMP_M,0,0_02,pedido1/2,1,2,0,3,0_01,30.0,14439.00000042,14469.00000042,14433.0000002,14439.00000042
144,COMP_M,0,0_03,pedido2/2,2,3,3,5,0_02,1.5,14475.000000819999,14476.500000819999,14469.00000042,14475.000000819999
145,COMP_M,0,0_01,M.USER.APP.0,0,1,6,0,None,30.0,14503.0000002,14533.0000002,14500.0,14503.0000002
145,COMP_M,0,0_02,pedido1/2,1,2,0,3,0_01,30.0,14539.00000042,14569.00000042,14533.0000002,14539.00000042
145,COMP_M,0,0_03,pedido2/2,2,3,3,5,0_02,1.5,14575.000000819999,14576.500000819999,14569.00000042,14575.000000819999
146,COMP_M,0,0_01,M.USER.APP.0,0,1,6,0,None,30.0,14603.0000002,14633.0000002,14600.0,14603.0000002
146,COMP_M,0,0_02,pedido1/2,1,2,0,3,0_01,30.0,14639.00000042,14669.00000042,14633.0000002,14639.00000042
146,COMP_M,0,0_03,pedido2/2,2,3,3,5,0_02,1.5,14675.000000819999,14676.500000819999,14669.00000042,14675.000000819999
147,COMP_M,0,0_01,M.USER.APP.0,0,1,6,0,None,30.0,14703.0000002,14733.0000002,14700.0,14703.0000002
147,COMP_M,0,0_02,pedido1/2,1,2,0,3,0_01,30.0,14739.00000042,14769.00000042,14733.0000002,14739.00000042
147,COMP_M,0,0_03,pedido2/2,2,3,3,5,0_02,1.5,14775.000000819999,14776.500000819999,14769.00000042,14775.000000819999
148,COMP_M,0,0_01,M.USER.APP.0,0,1,6,0,None,30.0,14803.0000002,14833.0000002,14800.0,14803.0000002
148,COMP_M,0,0_02,pedido1/2,1,2,0,3,0_01,30.0,14839.00000042,14869.00000042,14833.0000002,14839.00000042
148,COMP_M,0,0_03,pedido2/2,2,3,3,5,0_02,1.5,14875.000000819999,14876.500000819999,14869.00000042,14875.000000819999
149,COMP_M,0,0_01,M.USER.APP.0,0,1,6,0,None,30.0,14903.0000002,14933.0000002,14900.0,14903.0000002
149,COMP_M,0,0_02,pedido1/2,1,2,0,3,0_01,30.0,14939.00000042,14969.00000042,14933.0000002,14939.00000042
149,COMP_M,0,0_03,pedido2/2,2,3,3,5,0_02,1.5,14975.000000819999,14976.500000819999,14969.00000042,14975.000000819999
150,COMP_M,0,0_01,M.USER.APP.0,0,1,6,0,None,30.0,15003.0000002,15033.0000002,15000.0,15003.0000002
150,COMP_M,0,0_02,pedido1/2,1,2,0,3,0_01,30.0,15039.00000042,15069.00000042,15033.0000002,15039.00000042
150,COMP_M,0,0_03,pedido2/2,2,3,3,5,0_02,1.5,15075.000000819999,15076.500000819999,15069.00000042,15075.000000819999
151,COMP_M,0,0_01,M.USER.APP.0,0,1,6,0,None,30.0,15103.0000002,15133.0000002,15100.0,15103.0000002
151,COMP_M,0,0_02,pedido1/2,1,2,0,3,0_01,30.0,15139.00000042,15169.00000042,15133.0000002,15139.00000042
151,COMP_M,0,0_03,pedido2/2,2,3,3,5,0_02,1.5,15175.000000819999,15176.500000819999,15169.00000042,15175.000000819999
152,COMP_M,0,0_01,M.USER.APP.0,0,1,6,0,None,30.0,15203.0000002,15233.0000002,15200.0,15203.0000002
152,COMP_M,0,0_02,pedido1/2,1,2,0,3,0_01,30.0,15239.00000042,15269.00000042,15233.0000002,15239.00000042
152,COMP_M,0,0_03,pedido2/2,2,3,3,5,0_02,1.5,15275.000000819999,15276.500000819999,15269.00000042,15275.000000819999
153,COMP_M,0,0_01,M.USER.APP.0,0,1,6,0,None,30.0,15303.0000002,15333.0000002,15300.0,15303.0000002
153,COMP_M,0,0_02,pedido1/2,1,2,0,3,0_01,30.0,15339.00000042,15369.00000042,15333.0000002,15339.00000042
153,COMP_M,0,0_03,pedido2/2,2,3,3,5,0_02,1.5,15375.000000819999,15376.500000819999,15369.00000042,15375.000000819999
154,COMP_M,0,0_01,M.USER.APP.0,0,1,6,0,None,30.0,15403.0000002,15433.0000002,15400.0,15403.0000002
154,COMP_M,0,0_02,pedido1/2,1,2,0,3,0_01,30.0,15439.00000042,15469.00000042,15433.0000002,15439.00000042
154,COMP_M,0,0_03,pedido2/2,2,3,3,5,0_02,1.5,15475.000000819999,15476.500000819999,15469.00000042,15475.000000819999
155,COMP_M,0,0_01,M.USER.APP.0,0,1,6,0,None,30.0,15503.0000002,15533.0000002,15500.0,15503.0000002
155,COMP_M,0,0_02,pedido1/2,1,2,0,3,0_01,30.0,15539.00000042,15569.00000042,15533.0000002,15539.00000042
155,COMP_M,0,0_03,pedido2/2,2,3,3,5,0_02,1.5,15575.000000819999,15576.500000819999,15569.00000042,15575.000000819999
156,COMP_M,0,0_01,M.USER.APP.0,0,1,6,0,None,30.0,15603.0000002,15633.0000002,15600.0,15603.0000002
156,COMP_M,0,0_02,pedido1/2,1,2,0,3,0_01,30.0,15639.00000042,15669.00000042,15633.0000002,15639.00000042
156,COMP_M,0,0_03,pedido2/2,2,3,3,5,0_02,1.5,15675.000000819999,15676.500000819999,15669.00000042,15675.000000819999
157,COMP_M,0,0_01,M.USER.APP.0,0,1,6,0,None,30.0,15703.0000002,15733.0000002,15700.0,15703.0000002
157,COMP_M,0,0_02,pedido1/2,1,2,0,3,0_01,30.0,15739.00000042,15769.00000042,15733.0000002,15739.00000042
157,COMP_M,0,0_03,pedido2/2,2,3,3,5,0_02,1.5,15775.000000819999,15776.500000819999,15769.00000042,15775.000000819999
158,COMP_M,0,0_01,M.USER.APP.0,0,1,6,0,None,30.0,15803.0000002,15833.0000002,15800.0,15803.0000002
158,COMP_M,0,0_02,pedido1/2,1,2,0,3,0_01,30.0,15839.00000042,15869.00000042,15833.0000002,15839.00000042
158,COMP_M,0,0_03,pedido2/2,2,3,3,5,0_02,1.5,15875.000000819999,15876.500000819999,15869.00000042,15875.000000819999
159,COMP_M,0,0_01,M.USER.APP.0,0,1,6,0,None,30.0,15903.0000002,15933.0000002,15900.0,15903.0000002
159,COMP_M,0,0_02,pedido1/2,1,2,0,3,0_01,30.0,15939.00000042,15969.00000042,15933.0000002,15939.00000042
159,COMP_M,0,0_03,pedido2/2,2,3,3,5,0_02,1.5,15975.000000819999,15976.500000819999,15969.00000042,15975.000000819999
160,COMP_M,0,0_01,M.USER.APP.0,0,1,6,0,None,30.0,16003.0000002,16033.0000002,16000.0,16003.0000002
160,COMP_M,0,0_02,pedido1/2,1,2,0,3,0_01,30.0,16039.00000042,16069.00000042,16033.0000002,16039.00000042
160,COMP_M,0,0_03,pedido2/2,2,3,3,5,0_02,1.5,16075.000000819999,16076.500000819999,16069.00000042,16075.000000819999
161,COMP_M,0,0_01,M.USER.APP.0,0,1,6,0,None,30.0,16103.0000002,16133.0000002,16100.0,16103.0000002
161,COMP_M,0,0_02,pedido1/2,1,2,0,3,0_01,30.0,16139.00000042,16169.00000042,16133.0000002,16139.00000042
161,COMP_M,0,0_03,pedido2/2,2,3,3,5,0_02,1.5,16175.000000819999,16176.500000819999,16169.00000042,16175.000000819999
162,COMP_M,0,0_01,M.USER.APP.0,0,1,6,0,None,30.0,16203.0000002,16233.0000002,16200.0,16203.0000002
162,COMP_M,0,0_02,pedido1/2,1,2,0,3,0_01,30.0,16239.00000042,16269.00000042,16233.0000002,16239.00000042
162,COMP_M,0,0_03,pedido2/2,2,3,3,5,0_02,1.5,16275.000000819999,16276.500000819999,16269.00000042,16275.000000819999
163,COMP_M,0,0_01,M.USER.APP.0,0,1,6,0,None,30.0,16303.0000002,16333.0000002,16300.0,16303.0000002
163,COMP_M,0,0_02,pedido1/2,1,2,0,3,0_01,30.0,16339.00000042,16369.00000042,16333.0000002,16339.00000042
163,COMP_M,0,0_03,pedido2/2,2,3,3,5,0_02,1.5,16375.000000819999,16376.500000819999,16369.00000042,16375.000000819999
164,COMP_M,0,0_01,M.USER.APP.0,0,1,6,0,None,30.0,16403.0000002,16433.0000002,16400.0,16403.0000002
164,COMP_M,0,0_02,pedido1/2,1,2,0,3,0_01,30.0,16439.000000420005,16469.000000420005,16433.0000002,16439.000000420005
164,COMP_M,0,0_03,pedido2/2,2,3,3,5,0_02,1.5,16475.000000820008,16476.500000820008,16469.000000420005,16475.000000820008
165,COMP_M,0,0_01,M.USER.APP.0,0,1,6,0,None,30.0,16503.0000002,16533.0000002,16500.0,16503.0000002
165,COMP_M,0,0_02,pedido1/2,1,2,0,3,0_01,30.0,16539.000000420005,16569.000000420005,16533.0000002,16539.000000420005
165,COMP_M,0,0_03,pedido2/2,2,3,3,5,0_02,1.5,16575.000000820008,16576.500000820008,16569.000000420005,16575.000000820008
166,COMP_M,0,0_01,M.USER.APP.0,0,1,6,0,None,30.0,16603.0000002,16633.0000002,16600.0,16603.0000002
166,COMP_M,0,0_02,pedido1/2,1,2,0,3,0_01,30.0,16639.000000420005,16669.000000420005,16633.0000002,16639.000000420005
166,COMP_M,0,0_03,pedido2/2,2,3,3,5,0_02,1.5,16675.000000820008,16676.500000820008,16669.000000420005,16675.000000820008
167,COMP_M,0,0_01,M.USER.APP.0,0,1,6,0,None,30.0,16703.0000002,16733.0000002,16700.0,16703.0000002
167,COMP_M,0,0_02,pedido1/2,1,2,0,3,0_01,30.0,16739.000000420005,16769.000000420005,16733.0000002,16739.000000420005
167,COMP_M,0,0_03,pedido2/2,2,3,3,5,0_02,1.5,16775.000000820008,16776.500000820008,16769.000000420005,16775.000000820008
168,COMP_M,0,0_01,M.USER.APP.0,0,1,6,0,None,30.0,16803.0000002,16833.0000002,16800.0,16803.0000002
168,COMP_M,0,0_02,pedido1/2,1,2,0,3,0_01,30.0,16839.000000420005,16869.000000420005,16833.0000002,16839.000000420005
168,COMP_M,0,0_03,pedido2/2,2,3,3,5,0_02,1.5,16875.000000820008,16876.500000820008,16869.000000420005,16875.000000820008
169,COMP_M,0,0_01,M.USER.APP.0,0,1,6,0,None,30.0,16903.0000002,16933.0000002,16900.0,16903.0000002
169,COMP_M,0,0_02,pedido1/2,1,2,0,3,0_01,30.0,16939.000000420005,16969.000000420005,16933.0000002,16939.000000420005
169,COMP_M,0,0_03,pedido2/2,2,3,3,5,0_02,1.5,16975.000000820008,16976.500000820008,16969.000000420005,16975.000000820008
170,COMP_M,0,0_01,M.USER.APP.0,0,1,6,0,None,30.0,17003.0000002,17033.0000002,17000.0,17003.0000002
170,COMP_M,0,0_02,pedido1/2,1,2,0,3,0_01,30.0,17039.000000420005,17069.000000420005,17033.0000002,17039.000000420005
170,COMP_M,0,0_03,pedido2/2,2,3,3,5,0_02,1.5,17075.000000820008,17076.500000820008,17069.000000420005,17075.000000820008
171,COMP_M,0,0_01,M.USER.APP.0,0,1,6,0,None,30.0,17103.0000002,17133.0000002,17100.0,17103.0000002
171,COMP_M,0,0_02,pedido1/2,1,2,0,3,0_01,30.0,17139.000000420005,17169.000000420005,17133.0000002,17139.000000420005
171,COMP_M,0,0_03,pedido2/2,2,3,3,5,0_02,1.5,17175.000000820008,17176.500000820008,17169.000000420005,17175.000000820008
172,COMP_M,0,0_01,M.USER.APP.0,0,1,6,0,None,30.0,17203.0000002,17233.0000002,17200.0,17203.0000002
172,COMP_M,0,0_02,pedido1/2,1,2,0,3,0_01,30.0,17239.000000420005,17269.000000420005,17233.0000002,17239.000000420005
172,COMP_M,0,0_03,pedido2/2,2,3,3,5,0_02,1.5,17275.000000820008,17276.500000820008,17269.000000420005,17275.000000820008
173,COMP_M,0,0_01,M.USER.APP.0,0,1,6,0,None,30.0,17303.0000002,17333.0000002,17300.0,17303.0000002
173,COMP_M,0,0_02,pedido1/2,1,2,0,3,0_01,30.0,17339.000000420005,17369.000000420005,17333.0000002,17339.000000420005
173,COMP_M,0,0_03,pedido2/2,2,3,3,5,0_02,1.5,17375.000000820008,17376.500000820008,17369.000000420005,17375.000000820008
174,COMP_M,0,0_01,M.USER.APP.0,0,1,6,0,None,30.0,17403.0000002,17433.0000002,17400.0,17403.0000002
174,COMP_M,0,0_02,pedido1/2,1,2,0,3,0_01,30.0,17439.000000420005,17469.000000420005,17433.0000002,17439.000000420005
174,COMP_M,0,0_03,pedido2/2,2,3,3,5,0_02,1.5,17475.000000820008,17476.500000820008,17469.000000420005,17475.000000820008
175,COMP_M,0,0_01,M.USER.APP.0,0,1,6,0,None,30.0,17503.0000002,17533.0000002,17500.0,17503.0000002
175,COMP_M,0,0_02,pedido1/2,1,2,0,3,0_01,30.0,17539.000000420005,17569.000000420005,17533.0000002,17539.000000420005
175,COMP_M,0,0_03,pedido2/2,2,3,3,5,0_02,1.5,17575.000000820008,17576.500000820008,17569.000000420005,17575.000000820008
176,COMP_M,0,0_01,M.USER.APP.0,0,1,6,0,None,30.0,17603.0000002,17633.0000002,17600.0,17603.0000002
176,COMP_M,0,0_02,pedido1/2,1,2,0,3,0_01,30.0,17639.000000420005,17669.000000420005,17633.0000002,17639.000000420005
176,COMP_M,0,0_03,pedido2/2,2,3,3,5,0_02,1.5,17675.000000820008,17676.500000820008,17669.000000420005,17675.000000820008
177,COMP_M,0,0_01,M.USER.APP.0,0,1,6,0,None,30.0,17703.0000002,17733.0000002,17700.0,17703.0000002
177,COMP_M,0,0_02,pedido1/2,1,2,0,3,0_01,30.0,17739.000000420005,17769.000000420005,17733.0000002,17739.000000420005
177,COMP_M,0,0_03,pedido2/2,2,3,3,5,0_02,1.5,17775.000000820008,17776.500000820008,17769.000000420005,17775.000000820008
178,COMP_M,0,0_01,M.USER.APP.0,0,1,6,0,None,30.0,17803.0000002,17833.0000002,17800.0,17803.0000002
178,COMP_M,0,0_02,pedido1/2,1,2,0,3,0_01,30.0,17839.000000420005,17869.000000420005,17833.0000002,17839.000000420005
178,COMP_M,0,0_03,pedido2/2,2,3,3,5,0_02,1.5,17875.000000820008,17876.500000820008,17869.000000420005,17875.000000820008
179,COMP_M,0,0_01,M.USER.APP.0,0,1,6,0,None,30.0,17903.0000002,17933.0000002,17900.0,17903.0000002
179,COMP_M,0,0_02,pedido1/2,1,2,0,3,0_01,30.0,17939.000000420005,17969.000000420005,17933.0000002,17939.000000420005
179,COMP_M,0,0_03,pedido2/2,2,3,3,5,0_02,1.5,17975.000000820008,17976.500000820008,17969.000000420005,17975.000000820008
180,COMP_M,0,0_01,M.USER.APP.0,0,1,6,0,None,30.0,18003.0000002,18033.0000002,18000.0,18003.0000002
180,COMP_M,0,0_02,pedido1/2,1,2,0,3,0_01,30.0,18039.000000420005,18069.000000420005,18033.0000002,18039.000000420005
180,COMP_M,0,0_03,pedido2/2,2,3,3,5,0_02,1.5,18075.000000820008,18076.500000820008,18069.000000420005,18075.000000820008
181,COMP_M,0,0_01,M.USER.APP.0,0,1,6,0,None,30.0,18103.0000002,18133.0000002,18100.0,18103.0000002
181,COMP_M,0,0_02,pedido1/2,1,2,0,3,0_01,30.0,18139.000000420005,18169.000000420005,18133.0000002,18139.000000420005
181,COMP_M,0,0_03,pedido2/2,2,3,3,5,0_02,1.5,18175.000000820008,18176.500000820008,18169.000000420005,18175.000000820008
182,COMP_M,0,0_01,M.USER.APP.0,0,1,6,0,None,30.0,18203.0000002,18233.0000002,18200.0,18203.0000002
182,COMP_M,0,0_02,pedido1/2,1,2,0,3,0_01,30.0,18239.000000420005,18269.000000420005,18233.0000002,18239.000000420005
182,COMP_M,0,0_03,pedido2/2,2,3,3,5,0_02,1.5,18275.000000820008,18276.500000820008,18269.000000420005,18275.000000820008
183,COMP_M,0,0_01,M.USER.APP.0,0,1,6,0,None,30.0,18303.0000002,18333.0000002,18300.0,18303.0000002
183,COMP_M,0,0_02,pedido1/2,1,2,0,3,0_01,30.0,18339.000000420005,18369.000000420005,18333.0000002,18339.000000420005
183,COMP_M,0,0_03,pedido2/2,2,3,3,5,0_02,1.5,18375.000000820008,18376.500000820008,18369.000000420005,18375.000000820008
184,COMP_M,0,0_01,M.USER.APP.0,0,1,6,0,None,30.0,18403.0000002,18433.0000002,18400.0,18403.0000002
184,COMP_M,0,0_02,pedido1/2,1,2,0,3,0_01,30.0,18439.000000420005,18469.000000420005,18433.0000002,18439.000000420005
184,COMP_M,0,0_03,pedido2/2,2,3,3,5,0_02,1.5,18475.000000820008,18476.500000820008,18469.000000420005,18475.000000820008
185,COMP_M,0,0_01,M.USER.APP.0,0,1,6,0,None,30.0,18503.0000002,18533.0000002,18500.0,18503.0000002
185,COMP_M,0,0_02,pedido1/2,1,2,0,3,0_01,30.0,18539.000000420005,18569.000000420005,18533.0000002,18539.000000420005
185,COMP_M,0,0_03,pedido2/2,2,3,3,5,0_02,1.5,18575.000000820008,18576.500000820008,18569.000000420005,18575.000000820008
186,COMP_M,0,0_01,M.USER.APP.0,0,1,6,0,None,30.0,18603.0000002,18633.0000002,18600.0,18603.0000002
186,COMP_M,0,0_02,pedido1/2,1,2,0,3,0_01,30.0,18639.000000420005,18669.000000420005,18633.0000002,18639.000000420005
186,COMP_M,0,0_03,pedido2/2,2,3,3,5,0_02,1.5,18675.000000820008,18676.500000820008,18669.000000420005,18675.000000820008
187,COMP_M,0,0_01,M.USER.APP.0,0,1,6,0,None,30.0,18703.0000002,18733.0000002,18700.0,18703.0000002
187,COMP_M,0,0_02,pedido1/2,1,2,0,3,0_01,30.0,18739.000000420005,18769.000000420005,18733.0000002,18739.000000420005
187,COMP_M,0,0_03,pedido2/2,2,3,3,5,0_02,1.5,18775.000000820008,18776.500000820008,18769.000000420005,18775.000000820008
188,COMP_M,0,0_01,M.USER.APP.0,0,1,6,0,None,30.0,18803.0000002,18833.0000002,18800.0,18803.0000002
188,COMP_M,0,0_02,pedido1/2,1,2,0,3,0_01,30.0,18839.000000420005,18869.000000420005,18833.0000002,18839.000000420005
188,COMP_M,0,0_03,pedido2/2,2,3,3,5,0_02,1.5,18875.000000820008,18876.500000820008,18869.000000420005,18875.000000820008
189,COMP_M,0,0_01,M.USER.APP.0,0,1,6,0,None,30.0,18903.0000002,18933.0000002,18900.0,18903.0000002
189,COMP_M,0,0_02,pedido1/2,1,2,0,3,0_01,30.0,18939.000000420005,18969.000000420005,18933.0000002,18939.000000420005
189,COMP_M,0,0_03,pedido2/2,2,3,3,5,0_02,1.5,18975.000000820008,18976.500000820008,18969.000000420005,18975.000000820008
190,COMP_M,0,0_01,M.USER.APP.0,0,1,6,0,None,30.0,19003.0000002,19033.0000002,19000.0,19003.0000002
190,COMP_M,0,0_02,pedido1/2,1,2,0,3,0_01,30.0,19039.000000420005,19069.000000420005,19033.0000002,19039.000000420005
190,COMP_M,0,0_03,pedido2/2,2,3,3,5,0_02,1.5,19075.000000820008,19076.500000820008,19069.000000420005,19075.000000820008
191,COMP_M,0,0_01,M.USER.APP.0,0,1,6,0,None,30.0,19103.0000002,19133.0000002,19100.0,19103.0000002
191,COMP_M,0,0_02,pedido1/2,1,2,0,3,0_01,30.0,19139.000000420005,19169.000000420005,19133.0000002,19139.000000420005
191,COMP_M,0,0_03,pedido2/2,2,3,3,5,0_02,1.5,19175.000000820008,19176.500000820008,19169.000000420005,19175.000000820008
192,COMP_M,0,0_01,M.USER.APP.0,0,1,6,0,None,30.0,19203.0000002,19233.0000002,19200.0,19203.0000002
192,COMP_M,0,0_02,pedido1/2,1,2,0,3,0_01,30.0,19239.000000420005,19269.000000420005,19233.0000002,19239.000000420005
192,COMP_M,0,0_03,pedido2/2,2,3,3,5,0_02,1.5,19275.000000820008,19276.500000820008,19269.000000420005,19275.000000820008
193,COMP_M,0,0_01,M.USER.APP.0,0,1,6,0,None,30.0,19303.0000002,19333.0000002,19300.0,19303.0000002
193,COMP_M,0,0_02,pedido1/2,1,2,0,3,0_01,30.0,19339.000000420005,19369.000000420005,19333.0000002,19339.000000420005
193,COMP_M,0,0_03,pedido2/2,2,3,3,5,0_02,1.5,19375.000000820008,19376.500000820008,19369.000000420005,19375.000000820008
194,COMP_M,0,0_01,M.USER.APP.0,0,1,6,0,None,30.0,19403.0000002,19433.0000002,19400.0,19403.0000002
194,COMP_M,0,0_02,pedido1/2,1,2,0,3,0_01,30.0,19439.000000420005,19469.000000420005,19433.0000002,19439.000000420005
194,COMP_M,0,0_03,pedido2/2,2,3,3,5,0_02,1.5,19475.000000820008,19476.500000820008,19469.000000420005,19475.000000820008
195,COMP_M,0,0_01,M.USER.APP.0,0,1,6,0,None,30.0,19503.0000002,19533.0000002,19500.0,19503.0000002
195,COMP_M,0,0_02,pedido1/2,1,2,0,3,0_01,30.0,19539.000000420005,19569.000000420005,19533.0000002,19539.000000420005
195,COMP_M,0,0_03,pedido2/2,2,3,3,5,0_02,1.5,19575.000000820008,19576.500000820008,19569.000000420005,19575.000000820008
196,COMP_M,0,0_01,M.USER.APP.0,0,1,6,0,None,30.0,19603.0000002,19633.0000002,19600.0,19603.0000002
196,COMP_M,0,0_02,pedido1/2,1,2,0,3,0_01,30.0,19639.000000420005,19669.000000420005,19633.0000002,19639.000000420005
196,COMP_M,0,0_03,pedido2/2,2,3,3,5,0_02,1.5,19675.000000820008,19676.500000820008,19669.000000420005,19675.000000820008
197,COMP_M,0,0_01,M.USER.APP.0,0,1,6,0,None,30.0,19703.0000002,19733.0000002,19700.0,19703.0000002
197,COMP_M,0,0_02,pedido1/2,1,2,0,3,0_01,30.0,19739.000000420005,19769.000000420005,19733.0000002,19739.000000420005
197,COMP_M,0,0_03,pedido2/2,2,3,3,5,0_02,1.5,19775.000000820008,19776.500000820008,19769.000000420005,19775.000000820008
198,COMP_M,0,0_01,M.USER.APP.0,0,1,6,0,None,30.0,19803.0000002,19833.0000002,19800.0,19803.0000002
198,COMP_M,0,0_02,pedido1/2,1,2,0,3,0_01,30.0,19839.000000420005,19869.000000420005,19833.0000002,19839.000000420005
198,COMP_M,0,0_03,pedido2/2,2,3,3,5,0_02,1.5,19875.000000820008,19876.500000820008,19869.000000420005,19875.000000820008
199,COMP_M,0,0_01,M.USER.APP.0,0,1,6,0,None,30.0,19903.0000002,19933.0000002,19900.0,19903.0000002
199,COMP_M,0,0_02,pedido1/2,1,2,0,3,0_01,30.0,19939.000000420005,19969.000000420005,19933.0000002,19939.000000420005
199,COMP_M,0,0_03,pedido2/2,2,3,3,5,0_02,1.5,19975.000000820008,19976.500000820008,19969.000000420005,19975.000000820008
