id,type,src,dst,app,latency,message,ctime,size,buffer
1,LINK,1,2,0,3.0000000004241096,M.USER.APP.0.0,100,25,0
2,LINK,1,2,0,3.0000000004241096,M.USER.APP.0.0,200,25,0
3,LINK,1,2,0,3.0000000004241096,M.USER.APP.0.0,300,25,0
4,LINK,1,2,0,3.0000000004241096,M.USER.APP.0.0,400,25,0
5,LINK,1,2,0,3.0000000004241096,M.USER.APP.0.0,500,25,0
6,LINK,1,2,0,3.0000000004241096,M.USER.APP.0.0,600,25,0
7,LINK,1,2,0,3.0000000004241096,M.USER.APP.0.0,700,25,0
8,LINK,1,2,0,3.0000000004241096,M.USER.APP.0.0,800,25,0
9,LINK,1,2,0,3.0000000004241096,M.USER.APP.0.0,900,25,0
10,LINK,1,2,0,3.0000000004241096,M.USER.APP.0.0,1000,25,0
11,LINK,1,2,0,3.0000000004241096,M.USER.APP.0.0,1100,25,0
12,LINK,1,2,0,3.0000000004241096,M.USER.APP.0.0,1200,25,0
13,LINK,1,2,0,3.0000000004241096,M.USER.APP.0.0,1300,25,0
14,LINK,1,2,0,3.0000000004241096,M.USER.APP.0.0,1400,25,0
15,LINK,1,2,0,3.0000000004241096,M.USER.APP.0.0,1500,25,0
16,LINK,1,2,0,3.0000000004241096,M.USER.APP.0.0,1600,25,0
17,LINK,1,2,0,3.0000000004241096,M.USER.APP.0.0,1700,25,0
18,LINK,1,2,0,3.0000000004241096,M.USER.APP.0.0,1800,25,0
19,LINK,1,2,0,3.0000000004241096,M.USER.APP.0.0,1900,25,0
20,LINK,1,2,0,3.0000000004241096,M.USER.APP.0.0,2000,25,0
21,LINK,1,2,0,3.0000000004241096,M.USER.APP.0.0,2100,25,0
22,LINK,1,2,0,3.0000000004241096,M.USER.APP.0.0,2200,25,0
23,LINK,1,2,0,3.0000000004241096,M.USER.APP.0.0,2300,25,0
24,LINK,1,2,0,3.0000000004241096,M.USER.APP.0.0,2400,25,0
25,LINK,1,2,0,3.0000000004241096,M.USER.APP.0.0,2500,25,0
26,LINK,1,2,0,3.0000000004241096,M.USER.APP.0.0,2600,25,0
27,LINK,1,2,0,3.0000000004241096,M.USER.APP.0.0,2700,25,0
28,LINK,1,2,0,3.0000000004241096,M.USER.APP.0.0,2800,25,0
29,LINK,1,2,0,3.0000000004241096,M.USER.APP.0.0,2900,25,0
30,LINK,1,2,0,3.0000000004241096,M.USER.APP.0.0,3000,25,0
31,LINK,1,2,0,3.0000000004241096,M.USER.APP.0.0,3100,25,0
32,LINK,1,2,0,3.0000000004241096,M.USER.APP.0.0,3200,25,0
33,LINK,1,2,0,3.0000000004241096,M.USER.APP.0.0,3300,25,0
34,LINK,1,2,0,3.0000000004241096,M.USER.APP.0.0,3400,25,0
35,LINK,1,2,0,3.0000000004241096,M.USER.APP.0.0,3500,25,0
36,LINK,1,2,0,3.0000000004241096,M.USER.APP.0.0,3600,25,0
37,LINK,1,2,0,3.0000000004241096,M.USER.APP.0.0,3700,25,0
38,LINK,1,2,0,3.0000000004241096,M.USER.APP.0.0,3800,25,0
39,LINK,1,2,0,3.0000000004241096,M.USER.APP.0.0,3900,25,0
40,LINK,1,2,0,3.0000000004241096,M.USER.APP.0.0,4000,25,0
41,LINK,1,2,0,3.0000000004241096,M.USER.APP.0.0,4100,25,0
42,LINK,1,2,0,3.0000000004241096,M.USER.APP.0.0,4200,25,0
43,LINK,1,2,0,3.0000000004241096,M.USER.APP.0.0,4300,25,0
44,LINK,1,2,0,3.0000000004241096,M.USER.APP.0.0,4400,25,0
45,LINK,1,2,0,3.0000000004241096,M.USER.APP.0.0,4500,25,0
46,LINK,1,2,0,3.0000000004241096,M.USER.APP.0.0,4600,25,0
47,LINK,1,2,0,3.0000000004241096,M.USER.APP.0.0,4700,25,0
48,LINK,1,2,0,3.0000000004241096,M.USER.APP.0.0,4800,25,0
49,LINK,1,2,0,3.0000000004241096,M.USER.APP.0.0,4900,25,0
50,LINK,1,2,0,3.0000000004241096,M.USER.APP.0.0,5000,25,0
51,LINK,1,2,0,3.0000000004241096,M.USER.APP.0.0,5100,25,0
52,LINK,1,2,0,3.0000000004241096,M.USER.APP.0.0,5200,25,0
53,LINK,1,2,0,3.0000000004241096,M.USER.APP.0.0,5300,25,0
54,LINK,1,2,0,3.0000000004241096,M.USER.APP.0.0,5400,25,0
55,LINK,1,2,0,3.0000000004241096,M.USER.APP.0.0,5500,25,0
56,LINK,1,2,0,3.0000000004241096,M.USER.APP.0.0,5600,25,0
57,LINK,1,2,0,3.0000000004241096,M.USER.APP.0.0,5700,25,0
58,LINK,1,2,0,3.0000000004241096,M.USER.APP.0.0,5800,25,0
59,LINK,1,2,0,3.0000000004241096,M.USER.APP.0.0,5900,25,0
60,LINK,1,2,0,3.0000000004241096,M.USER.APP.0.0,6000,25,0
61,LINK,1,2,0,3.0000000004241096,M.USER.APP.0.0,6100,25,0
62,LINK,1,2,0,3.0000000004241096,M.USER.APP.0.0,6200,25,0
63,LINK,1,2,0,3.0000000004241096,M.USER.APP.0.0,6300,25,0
64,LINK,1,2,0,3.0000000004241096,M.USER.APP.0.0,6400,25,0
65,LINK,1,2,0,3.0000000004241096,M.USER.APP.0.0,6500,25,0
66,LINK,1,2,0,3.0000000004241096,M.USER.APP.0.0,6600,25,0
67,LINK,1,2,0,3.0000000004241096,M.USER.APP.0.0,6700,25,0
68,LINK,1,2,0,3.0000000004241096,M.USER.APP.0.0,6800,25,0
69,LINK,1,2,0,3.0000000004241096,M.USER.APP.0.0,6900,25,0
70,LINK,1,2,0,3.0000000004241096,M.USER.APP.0.0,7000,25,0
71,LINK,1,2,0,3.0000000004241096,M.USER.APP.0.0,7100,25,0
72,LINK,1,2,0,3.0000000004241096,M.USER.APP.0.0,7200,25,0
73,LINK,1,2,0,3.0000000004241096,M.USER.APP.0.0,7300,25,0
74,LINK,1,2,0,3.0000000004241096,M.USER.APP.0.0,7400,25,0
75,LINK,1,2,0,3.0000000004241096,M.USER.APP.0.0,7500,25,0
76,LINK,1,2,0,3.0000000004241096,M.USER.APP.0.0,7600,25,0
77,LINK,1,2,0,3.0000000004241096,M.USER.APP.0.0,7700,25,0
78,LINK,1,2,0,3.0000000004241096,M.USER.APP.0.0,7800,25,0
79,LINK,1,2,0,3.0000000004241096,M.USER.APP.0.0,7900,25,0
80,LINK,1,2,0,3.0000000004241096,M.USER.APP.0.0,8000,25,0
81,LINK,1,2,0,3.0000000004241096,M.USER.APP.0.0,8100,25,0
82,LINK,1,2,0,3.0000000004241096,M.USER.APP.0.0,8200,25,0
83,LINK,1,2,0,3.0000000004241096,M.USER.APP.0.0,8300,25,0
84,LINK,1,2,0,3.0000000004241096,M.USER.APP.0.0,8400,25,0
85,LINK,1,2,0,3.0000000004241096,M.USER.APP.0.0,8500,25,0
86,LINK,1,2,0,3.0000000004241096,M.USER.APP.0.0,8600,25,0
87,LINK,1,2,0,3.0000000004241096,M.USER.APP.0.0,8700,25,0
88,LINK,1,2,0,3.0000000004241096,M.USER.APP.0.0,8800,25,0
89,LINK,1,2,0,3.0000000004241096,M.USER.APP.0.0,8900,25,0
90,LINK,1,2,0,3.0000000004241096,M.USER.APP.0.0,9000,25,0
91,LINK,1,2,0,3.0000000004241096,M.USER.APP.0.0,9100,25,0
92,LINK,1,2,0,3.0000000004241096,M.USER.APP.0.0,9200,25,0
93,LINK,1,2,0,3.0000000004241096,M.USER.APP.0.0,9300,25,0
94,LINK,1,2,0,3.0000000004241096,M.USER.APP.0.0,9400,25,0
95,LINK,1,2,0,3.0000000004241096,M.USER.APP.0.0,9500,25,0
96,LINK,1,2,0,3.0000000004241096,M.USER.APP.0.0,9600,25,0
97,LINK,1,2,0,3.0000000004241096,M.USER.APP.0.0,9700,25,0
98,LINK,1,2,0,3.0000000004241096,M.USER.APP.0.0,9800,25,0
99,LINK,1,2,0,3.0000000004241096,M.USER.APP.0.0,9900,25,0
100,LINK,1,2,0,3.0000000004241096,M.USER.APP.0.0,10000,25,0
101,LINK,1,2,0,3.0000000004241096,M.USER.APP.0.0,10100,25,0
102,LINK,1,2,0,3.0000000004241096,M.USER.APP.0.0,10200,25,0
103,LINK,1,2,0,3.0000000004241096,M.USER.APP.0.0,10300,25,0
104,LINK,1,2,0,3.0000000004241096,M.USER.APP.0.0,10400,25,0
105,LINK,1,2,0,3.0000000004241096,M.USER.APP.0.0,10500,25,0
106,LINK,1,2,0,3.0000000004241096,M.USER.APP.0.0,10600,25,0
107,LINK,1,2,0,3.0000000004241096,M.USER.APP.0.0,10700,25,0
108,LINK,1,2,0,3.0000000004241096,M.USER.APP.0.0,10800,25,0
109,LINK,1,2,0,3.0000000004241096,M.USER.APP.0.0,10900,25,0
110,LINK,1,2,0,3.0000000004241096,M.USER.APP.0.0,11000,25,0
111,LINK,1,2,0,3.0000000004241096,M.USER.APP.0.0,11100,25,0
112,LINK,1,2,0,3.0000000004241096,M.USER.APP.0.0,11200,25,0
113,LINK,1,2,0,3.0000000004241096,M.USER.APP.0.0,11300,25,0
114,LINK,1,2,0,3.0000000004241096,M.USER.APP.0.0,11400,25,0
115,LINK,1,2,0,3.0000000004241096,M.USER.APP.0.0,11500,25,0
116,LINK,1,2,0,3.0000000004241096,M.USER.APP.0.0,11600,25,0
117,LINK,1,2,0,3.0000000004241096,M.USER.APP.0.0,11700,25,0
118,LINK,1,2,0,3.0000000004241096,M.USER.APP.0.0,11800,25,0
119,LINK,1,2,0,3.0000000004241096,M.USER.APP.0.0,11900,25,0
120,LINK,1,2,0,3.0000000004241096,M.USER.APP.0.0,12000,25,0
121,LINK,1,2,0,3.0000000004241096,M.USER.APP.0.0,12100,25,0
122,LINK,1,2,0,3.0000000004241096,M.USER.APP.0.0,12200,25,0
123,LINK,1,2,0,3.0000000004241096,M.USER.APP.0.0,12300,25,0
124,LINK,1,2,0,3.0000000004241096,M.USER.APP.0.0,12400,25,0
125,LINK,1,2,0,3.0000000004241096,M.USER.APP.0.0,12500,25,0
126,LINK,1,2,0,3.0000000004241096,M.USER.APP.0.0,12600,25,0
127,LINK,1,2,0,3.0000000004241096,M.USER.APP.0.0,12700,25,0
128,LINK,1,2,0,3.0000000004241096,M.USER.APP.0.0,12800,25,0
129,LINK,1,2,0,3.0000000004241096,M.USER.APP.0.0,12900,25,0
130,LINK,1,2,0,3.0000000004241096,M.USER.APP.0.0,13000,25,0
131,LINK,1,2,0,3.0000000004241096,M.USER.APP.0.0,13100,25,0
132,LINK,1,2,0,3.0000000004241096,M.USER.APP.0.0,13200,25,0
133,LINK,1,2,0,3.0000000004241096,M.USER.APP.0.0,13300,25,0
134,LINK,1,2,0,3.0000000004241096,M.USER.APP.0.0,13400,25,0
135,LINK,1,2,0,3.0000000004241096,M.USER.APP.0.0,13500,25,0
136,LINK,1,2,0,3.0000000004241096,M.USER.APP.0.0,13600,25,0
137,LINK,1,2,0,3.0000000004241096,M.USER.APP.0.0,13700,25,0
138,LINK,1,2,0,3.0000000004241096,M.USER.APP.0.0,13800,25,0
139,LINK,1,2,0,3.0000000004241096,M.USER.APP.0.0,13900,25,0
140,LINK,1,2,0,3.0000000004241096,M.USER.APP.0.0,14000,25,0
141,LINK,1,2,0,3.0000000004241096,M.USER.APP.0.0,14100,25,0
142,LINK,1,2,0,3.0000000004241096,M.USER.APP.0.0,14200,25,0
143,LINK,1,2,0,3.0000000004241096,M.USER.APP.0.0,14300,25,0
144,LINK,1,2,0,3.0000000004241096,M.USER.APP.0.0,14400,25,0
145,LINK,1,2,0,3.0000000004241096,M.USER.APP.0.0,14500,25,0
146,LINK,1,2,0,3.0000000004241096,M.USER.APP.0.0,14600,25,0
147,LINK,1,2,0,3.0000000004241096,M.USER.APP.0.0,14700,25,0
148,LINK,1,2,0,3.0000000004241096,M.USER.APP.0.0,14800,25,0
149,LINK,1,2,0,3.0000000004241096,M.USER.APP.0.0,14900,25,0
150,LINK,1,2,0,3.0000000004241096,M.USER.APP.0.0,15000,25,0
151,LINK,1,2,0,3.0000000004241096,M.USER.APP.0.0,15100,25,0
152,LINK,1,2,0,3.0000000004241096,M.USER.APP.0.0,15200,25,0
153,LINK,1,2,0,3.0000000004241096,M.USER.APP.0.0,15300,25,0
154,LINK,1,2,0,3.0000000004241096,M.USER.APP.0.0,15400,25,0
155,LINK,1,2,0,3.0000000004241096,M.USER.APP.0.0,15500,25,0
156,LINK,1,2,0,3.0000000004241096,M.USER.APP.0.0,15600,25,0
157,LINK,1,2,0,3.0000000004241096,M.USER.APP.0.0,15700,25,0
158,LINK,1,2,0,3.0000000004241096,M.USER.APP.0.0,15800,25,0
159,LINK,1,2,0,3.0000000004241096,M.USER.APP.0.0,15900,25,0
160,LINK,1,2,0,3.0000000004241096,M.USER.APP.0.0,16000,25,0
161,LINK,1,2,0,3.0000000004241096,M.USER.APP.0.0,16100,25,0
162,LINK,1,2,0,3.0000000004241096,M.USER.APP.0.0,16200,25,0
163,LINK,1,2,0,3.0000000004241096,M.USER.APP.0.0,16300,25,0
164,LINK,1,2,0,3.0000000004241096,M.USER.APP.0.0,16400,25,0
165,LINK,1,2,0,3.0000000004241096,M.USER.APP.0.0,16500,25,0
166,LINK,1,2,0,3.0000000004241096,M.USER.APP.0.0,16600,25,0
167,LINK,1,2,0,3.0000000004241096,M.USER.APP.0.0,16700,25,0
168,LINK,1,2,0,3.0000000004241096,M.USER.APP.0.0,16800,25,0
169,LINK,1,2,0,3.0000000004241096,M.USER.APP.0.0,16900,25,0
170,LINK,1,2,0,3.0000000004241096,M.USER.APP.0.0,17000,25,0
171,LINK,1,2,0,3.0000000004241096,M.USER.APP.0.0,17100,25,0
172,LINK,1,2,0,3.0000000004241096,M.USER.APP.0.0,17200,25,0
173,LINK,1,2,0,3.0000000004241096,M.USER.APP.0.0,17300,25,0
174,LINK,1,2,0,3.0000000004241096,M.USER.APP.0.0,17400,25,0
175,LINK,1,2,0,3.0000000004241096,M.USER.APP.0.0,17500,25,0
176,LINK,1,2,0,3.0000000004241096,M.USER.APP.0.0,17600,25,0
177,LINK,1,2,0,3.0000000004241096,M.USER.APP.0.0,17700,25,0
178,LINK,1,2,0,3.0000000004241096,M.USER.APP.0.0,17800,25,0
179,LINK,1,2,0,3.0000000004241096,M.USER.APP.0.0,17900,25,0
180,LINK,1,2,0,3.0000000004241096,M.USER.APP.0.0,18000,25,0
181,LINK,1,2,0,3.0000000004241096,M.USER.APP.0.0,18100,25,0
182,LINK,1,2,0,3.0000000004241096,M.USER.APP.0.0,18200,25,0
183,LINK,1,2,0,3.0000000004241096,M.USER.APP.0.0,18300,25,0
184,LINK,1,2,0,3.0000000004241096,M.USER.APP.0.0,18400,25,0
185,LINK,1,2,0,3.0000000004241096,M.USER.APP.0.0,18500,25,0
186,LINK,1,2,0,3.0000000004241096,M.USER.APP.0.0,18600,25,0
187,LINK,1,2,0,3.0000000004241096,M.USER.APP.0.0,18700,25,0
188,LINK,1,2,0,3.0000000004241096,M.USER.APP.0.0,18800,25,0
189,LINK,1,2,0,3.0000000004241096,M.USER.APP.0.0,18900,25,0
190,LINK,1,2,0,3.0000000004241096,M.USER.APP.0.0,19000,25,0
191,LINK,1,2,0,3.0000000004241096,M.USER.APP.0.0,19100,25,0
192,LINK,1,2,0,3.0000000004241096,M.USER.APP.0.0,19200,25,0
193,LINK,1,2,0,3.0000000004241096,M.USER.APP.0.0,19300,25,0
194,LINK,1,2,0,3.0000000004241096,M.USER.APP.0.0,19400,25,0
195,LINK,1,2,0,3.0000000004241096,M.USER.APP.0.0,19500,25,0
196,LINK,1,2,0,3.0000000004241096,M.USER.APP.0.0,19600,25,0
197,LINK,1,2,0,3.0000000004241096,M.USER.APP.0.0,19700,25,0
198,LINK,1,2,0,3.0000000004241096,M.USER.APP.0.0,19800,25,0
199,LINK,1,2,0,3.0000000004241096,M.USER.APP.0.0,19900,25,0
