id,type,app,module,message,DES.src,DES.dst,TOPO.src,TOPO.dst,module.src,service,time_in,time_out,time_emit,time_reception
1,COMP_M,0,0_00,M.USER.APP.0.0,0,1,1,2,None,40.0,101.00000000028118,141.00000000028118,100.0,101.00000000028118
2,COMP_M,0,0_00,M.USER.APP.0.0,0,1,1,2,None,40.0,201.00000000028118,241.00000000028118,200.0,201.00000000028118
3,COMP_M,0,0_00,M.USER.APP.0.0,0,1,1,2,None,40.0,301.00000000028115,341.00000000028115,300.0,301.00000000028115
4,COMP_M,0,0_00,M.USER.APP.0.0,0,1,1,2,None,40.0,401.00000000028115,441.00000000028115,400.0,401.00000000028115
5,COMP_M,0,0_00,M.USER.APP.0.0,0,1,1,2,None,40.0,501.00000000028115,541.0000000002811,500.0,501.00000000028115
6,COMP_M,0,0_00,M.USER.APP.0.0,0,1,1,2,None,40.0,601.0000000002811,641.0000000002811,600.0,601.0000000002811
7,COMP_M,0,0_00,M.USER.APP.0.0,0,1,1,2,None,40.0,701.0000000002811,741.0000000002811,700.0,701.0000000002811
8,COMP_M,0,0_00,M.USER.APP.0.0,0,1,1,2,None,40.0,801.0000000002811,841.0000000002811,800.0,801.0000000002811
9,COMP_M,0,0_00,M.USER.APP.0.0,0,1,1,2,None,40.0,901.0000000002811,941.0000000002811,900.0,901.0000000002811
10,COMP_M,0,0_00,M.USER.APP.0.0,0,1,1,2,None,40.0,1001.0000000002811,1041.000000000281,1000.0,1001.0000000002811
11,COMP_M,0,0_00,M.USER.APP.0.0,0,1,1,2,None,40.0,1101.0000000002813,1141.0000000002813,1100.0,1101.0000000002813
12,COMP_M,0,0_00,M.USER.APP.0.0,0,1,1,2,None,40.0,1201.0000000002813,1241.0000000002813,1200.0,1201.0000000002813
13,COMP_M,0,0_00,M.USER.APP.0.0,0,1,1,2,None,40.0,1301.0000000002813,1341.0000000002813,1300.0,1301.0000000002813
14,COMP_M,0,0_00,M.USER.APP.0.0,0,1,1,2,None,40.0,1401.0000000002813,1441.0000000002813,1400.0,1401.0000000002813
15,COMP_M,0,0_00,M.USER.APP.0.0,0,1,1,2,None,40.0,1501.0000000002813,1541.0000000002813,1500.0,1501.0000000002813
16,COMP_M,0,0_00,M.USER.APP.0.0,0,1,1,2,None,40.0,1601.0000000002813,1641.0000000002813,1600.0,1601.0000000002813
17,COMP_M,0,0_00,M.USER.APP.0.0,0,1,1,2,None,40.0,1701.0000000002813,1741.0000000002813,1700.0,1701.0000000002813
18,COMP_M,0,0_00,M.USER.APP.0.0,0,1,1,2,None,40.0,1801.0000000002813,1841.0000000002813,1800.0,1801.0000000002813
19,COMP_M,0,0_00,M.USER.APP.0.0,0,1,1,2,None,40.0,1901.0000000002813,1941.0000000002813,1900.0,1901.0000000002813
20,COMP_M,0,0_00,M.USER.APP.0.0,0,1,1,2,None,40.0,2001.0000000002813,2041.0000000002813,2000.0,2001.0000000002813
21,COMP_M,0,0_00,M.USER.APP.0.0,0,1,1,2,None,40.0,2101.000000000281,2141.000000000281,2100.0,2101.000000000281
22,COMP_M,0,0_00,M.USER.APP.0.0,0,1,1,2,None,40.0,2201.000000000281,2241.000000000281,2200.0,2201.000000000281
23,COMP_M,0,0_00,M.USER.APP.0.0,0,1,1,2,None,40.0,2301.000000000281,2341.000000000281,2300.0,2301.000000000281
24,COMP_M,0,0_00,M.USER.APP.0.0,0,1,1,2,None,40.0,2401.000000000281,2441.000000000281,2400.0,2401.000000000281
25,COMP_M,0,0_00,M.USER.APP.0.0,0,1,1,2,None,40.0,2501.000000000281,2541.000000000281,2500.0,2501.000000000281
26,COMP_M,0,0_00,M.USER.APP.0.0,0,1,1,2,None,40.0,2601.000000000281,2641.000000000281,2600.0,2601.000000000281
27,COMP_M,0,0_00,M.USER.APP.0.0,0,1,1,2,None,40.0,2701.000000000281,2741.000000000281,2700.0,2701.000000000281
28,COMP_M,0,0_00,M.USER.APP.0.0,0,1,1,2,None,40.0,2801.000000000281,2841.000000000281,2800.0,2801.000000000281
29,COMP_M,0,0_00,M.USER.APP.0.0,0,1,1,2,None,40.0,2901.000000000281,2941.000000000281,2900.0,2901.000000000281
30,COMP_M,0,0_00,M.USER.APP.0.0,0,1,1,2,None,40.0,3001.000000000281,3041.000000000281,3000.0,3001.000000000281
31,COMP_M,0,0_00,M.USER.APP.0.0,0,1,1,2,None,40.0,3101.000000000281,3141.000000000281,3100.0,3101.000000000281
32,COMP_M,0,0_00,M.USER.APP.0.0,0,1,1,2,None,40.0,3201.000000000281,3241.000000000281,3200.0,3201.000000000281
33,COMP_M,0,0_00,M.USER.APP.0.0,0,1,1,2,None,40.0,3301.000000000281,3341.000000000281,3300.0,3301.000000000281
34,COMP_M,0,0_00,M.USER.APP.0.0,0,1,1,2,None,40.0,3401.000000000281,3441.000000000281,3400.0,3401.000000000281
35,COMP_M,0,0_00,M.USER.APP.0.0,0,1,1,2,None,40.0,3501.000000000281,3541.000000000281,3500.0,3501.000000000281
36,COMP_M,0,0_00,M.USER.APP.0.0,0,1,1,2,None,40.0,3601.000000000281,3641.000000000281,3600.0,3601.000000000281
37,COMP_M,0,0_00,M.USER.APP.0.0,0,1,1,2,None,40.0,3701.000000000281,3741.000000000281,3700.0,3701.000000000281
38,COMP_M,0,0_00,M.USER.APP.0.0,0,1,1,2,None,40.0,3801.000000000281,3841.000000000281,3800.0,3801.000000000281
39,COMP_M,0,0_00,M.USER.APP.0.0,0,1,1,2,None,40.0,3901.000000000281,3941.000000000281,3900.0,3901.000000000281
40,COMP_M,0,0_00,M.USER.APP.0.0,0,1,1,2,None,40.0,4001.000000000281,4041.000000000281,4000.0,4001.000000000281
41,COMP_M,0,0_00,M.USER.APP.0.0,0,1,1,2,None,40.0,4101.000000000281,4141.000000000281,4100.0,4101.000000000281
42,COMP_M,0,0_00,M.USER.APP.0.0,0,1,1,2,None,40.0,4201.000000000281,4241.000000000281,4200.0,4201.000000000281
43,COMP_M,0,0_00,M.USER.APP.0.0,0,1,1,2,None,40.0,4301.000000000281,4341.000000000281,4300.0,4301.000000000281
44,COMP_M,0,0_00,M.USER.APP.0.0,0,1,1,2,None,40.0,4401.000000000281,4441.000000000281,4400.0,4401.000000000281
45,COMP_M,0,0_00,M.USER.APP.0.0,0,1,1,2,None,40.0,4501.000000000281,4541.000000000281,4500.0,4501.000000000281
46,COMP_M,0,0_00,M.USER.APP.0.0,0,1,1,2,None,40.0,4601.000000000281,4641.000000000281,4600.0,4601.000000000281
47,COMP_M,0,0_00,M.USER.APP.0.0,0,1,1,2,None,40.0,4701.000000000281,4741.000000000281,4700.0,4701.000000000281
48,COMP_M,0,0_00,M.USER.APP.0.0,0,1,1,2,None,40.0,4801.000000000281,4841.000000000281,4800.0,4801.000000000281
49,COMP_M,0,0_00,M.USER.APP.0.0,0,1,1,2,None,40.0,4901.000000000281,4941.000000000281,4900.0,4901.000000000281
50,COMP_M,0,0_00,M.USER.APP.0.0,0,1,1,2,None,40.0,5001.000000000281,5041.000000000281,5000.0,5001.000000000281
51,COMP_M,0,0_00,M.USER.APP.0.0,0,1,1,2,None,40.0,5101.000000000281,5141.000000000281,5100.0,5101.000000000281
52,COMP_M,0,0_00,M.USER.APP.0.0,0,1,1,2,None,40.0,5201.000000000281,5241.000000000281,5200.0,5201.000000000281
53,COMP_M,0,0_00,M.USER.APP.0.0,0,1,1,2,None,40.0,5301.000000000281,5341.000000000281,5300.0,5301.000000000281
54,COMP_M,0,0_00,M.USER.APP.0.0,0,1,1,2,None,40.0,5401.000000000281,5441.000000000281,5400.0,5401.000000000281
55,COMP_M,0,0_00,M.USER.APP.0.0,0,1,1,2,None,40.0,5501.000000000281,5541.000000000281,5500.0,5501.000000000281
56,COMP_M,0,0_00,M.USER.APP.0.0,0,1,1,2,None,40.0,5601.000000000281,5641.000000000281,5600.0,5601.000000000281
57,COMP_M,0,0_00,M.USER.APP.0.0,0,1,1,2,None,40.0,5701.000000000281,5741.000000000281,5700.0,5701.000000000281
58,COMP_M,0,0_00,M.USER.APP.0.0,0,1,1,2,None,40.0,5801.000000000281,5841.000000000281,5800.0,5801.000000000281
59,COMP_M,0,0_00,M.USER.APP.0.0,0,1,1,2,None,40.0,5901.000000000281,5941.000000000281,5900.0,5901.000000000281
60,COMP_M,0,0_00,M.USER.APP.0.0,0,1,1,2,None,40.0,6001.000000000281,6041.000000000281,6000.0,6001.000000000281
61,COMP_M,0,0_00,M.USER.APP.0.0,0,1,1,2,None,40.0,6101.000000000281,6141.000000000281,6100.0,6101.000000000281
62,COMP_M,0,0_00,M.USER.APP.0.0,0,1,1,2,None,40.0,6201.000000000281,6241.000000000281,6200.0,6201.000000000281
63,COMP_M,0,0_00,M.USER.APP.0.0,0,1,1,2,None,40.0,6301.000000000281,6341.000000000281,6300.0,6301.000000000281
64,COMP_M,0,0_00,M.USER.APP.0.0,0,1,1,2,None,40.0,6401.000000000281,6441.000000000281,6400.0,6401.000000000281
65,COMP_M,0,0_00,M.USER.APP.0.0,0,1,1,2,None,40.0,6501.000000000281,6541.000000000281,6500.0,6501.000000000281
66,COMP_M,0,0_00,M.USER.APP.0.0,0,1,1,2,None,40.0,6601.000000000281,6641.000000000281,6600.0,6601.000000000281
67,COMP_M,0,0_00,M.USER.APP.0.0,0,1,1,2,None,40.0,6701.000000000281,6741.000000000281,6700.0,6701.000000000281
68,COMP_M,0,0_00,M.USER.APP.0.0,0,1,1,2,None,40.0,6801.000000000281,6841.000000000281,6800.0,6801.000000000281
69,COMP_M,0,0_00,M.USER.APP.0.0,0,1,1,2,None,40.0,6901.000000000281,6941.000000000281,6900.0,6901.000000000281
70,COMP_M,0,0_00,M.USER.APP.0.0,0,1,1,2,None,40.0,7001.000000000281,7041.000000000281,7000.0,7001.000000000281
71,COMP_M,0,0_00,M.USER.APP.0.0,0,1,1,2,None,40.0,7101.000000000281,7141.000000000281,7100.0,7101.000000000281
72,COMP_M,0,0_00,M.USER.APP.0.0,0,1,1,2,None,40.0,7201.000000000281,7241.000000000281,7200.0,7201.000000000281
73,COMP_M,0,0_00,M.USER.APP.0.0,0,1,1,2,None,40.0,7301.000000000281,7341.000000000281,7300.0,7301.000000000281
74,COMP_M,0,0_00,M.USER.APP.0.0,0,1,1,2,None,40.0,7401.000000000281,7441.000000000281,7400.0,7401.000000000281
75,COMP_M,0,0_00,M.USER.APP.0.0,0,1,1,2,None,40.0,7501.000000000281,7541.000000000281,7500.0,7501.000000000281
76,COMP_M,0,0_00,M.USER.APP.0.0,0,1,1,2,None,40.0,7601.000000000281,7641.000000000281,7600.0,7601.000000000281
77,COMP_M,0,0_00,M.USER.APP.0.0,0,1,1,2,None,40.0,7701.000000000281,7741.000000000281,7700.0,7701.000000000281
78,COMP_M,0,0_00,M.USER.APP.0.0,0,1,1,2,None,40.0,7801.000000000281,7841.000000000281,7800.0,7801.000000000281
79,COMP_M,0,0_00,M.USER.APP.0.0,0,1,1,2,None,40.0,7901.000000000281,7941.000000000281,7900.0,7901.000000000281
80,COMP_M,0,0_00,M.USER.APP.0.0,0,1,1,2,None,40.0,8001.000000000281,8041.000000000281,8000.0,8001.000000000281
81,COMP_M,0,0_00,M.USER.APP.0.0,0,1,1,2,None,40.0,8101.000000000281,8141.000000000281,8100.0,8101.000000000281
82,COMP_M,0,0_00,M.USER.APP.0.0,0,1,1,2,None,40.0,8201.000000000282,8241.000000000282,8200.0,8201.000000000282
83,COMP_M,0,0_00,M.USER.APP.0.0,0,1,1,2,None,40.0,8301.000000000282,8341.000000000282,8300.0,8301.000000000282
84,COMP_M,0,0_00,M.USER.APP.0.0,0,1,1,2,None,40.0,8401.000000000282,8441.000000000282,8400.0,8401.000000000282
85,COMP_M,0,0_00,M.USER.APP.0.0,0,1,1,2,None,40.0,8501.000000000282,8541.000000000282,8500.0,8501.000000000282
86,COMP_M,0,0_00,M.USER.APP.0.0,0,1,1,2,None,40.0,8601.000000000282,8641.000000000282,8600.0,8601.000000000282
87,COMP_M,0,0_00,M.USER.APP.0.0,0,1,1,2,None,40.0,8701.000000000282,8741.000000000282,8700.0,8701.000000000282
88,COMP_M,0,0_00,M.USER.APP.0.0,0,1,1,2,None,40.0,8801.000000000282,8841.000000000282,8800.0,8801.000000000282
89,COMP_M,0,0_00,M.USER.APP.0.0,0,1,1,2,None,40.0,8901.000000000282,8941.000000000282,8900.0,8901.000000000282
90,COMP_M,0,0_00,M.USER.APP.0.0,0,1,1,2,None,40.0,9001.000000000282,9041.000000000282,9000.0,9001.000000000282
91,COMP_M,0,0_00,M.USER.APP.0.0,0,1,1,2,None,40.0,9101.000000000282,9141.000000000282,9100.0,9101.000000000282
92,COMP_M,0,0_00,M.USER.APP.0.0,0,1,1,2,None,40.0,9201.000000000282,9241.000000000282,9200.0,9201.000000000282
93,COMP_M,0,0_00,M.USER.APP.0.0,0,1,1,2,None,40.0,9301.000000000282,9341.000000000282,9300.0,9301.000000000282
94,COMP_M,0,0_00,M.USER.APP.0.0,0,1,1,2,None,40.0,9401.000000000282,9441.000000000282,9400.0,9401.000000000282
95,COMP_M,0,0_00,M.USER.APP.0.0,0,1,1,2,None,40.0,9501.000000000282,9541.000000000282,9500.0,9501.000000000282
96,COMP_M,0,0_00,M.USER.APP.0.0,0,1,1,2,None,40.0,9601.000000000282,9641.000000000282,9600.0,9601.000000000282
97,COMP_M,0,0_00,M.USER.APP.0.0,0,1,1,2,None,40.0,9701.000000000282,9741.000000000282,9700.0,9701.000000000282
98,COMP_M,0,0_00,M.USER.APP.0.0,0,1,1,2,None,40.0,9801.000000000282,9841.000000000282,9800.0,9801.000000000282
99,COMP_M,0,0_00,M.USER.APP.0.0,0,1,1,2,None,40.0,9901.000000000282,9941.000000000282,9900.0,9901.000000000282
100,COMP_M,0,0_00,M.USER.APP.0.0,0,1,1,2,None,40.0,10001.000000000282,10041.000000000282,10000.0,10001.000000000282
101,COMP_M,0,0_00,M.USER.APP.0.0,0,1,1,2,None,40.0,10101.000000000282,10141.000000000282,10100.0,10101.000000000282
102,COMP_M,0,0_00,M.USER.APP.0.0,0,1,1,2,None,40.0,10201.000000000282,10241.000000000282,10200.0,10201.000000000282
103,COMP_M,0,0_00,M.USER.APP.0.0,0,1,1,2,None,40.0,10301.000000000282,10341.000000000282,10300.0,10301.000000000282
104,COMP_M,0,0_00,M.USER.APP.0.0,0,1,1,2,None,40.0,10401.000000000282,10441.000000000282,10400.0,10401.000000000282
105,COMP_M,0,0_00,M.USER.APP.0.0,0,1,1,2,None,40.0,10501.000000000282,10541.000000000282,10500.0,10501.000000000282
106,COMP_M,0,0_00,M.USER.APP.0.0,0,1,1,2,None,40.0,10601.000000000282,10641.000000000282,10600.0,10601.000000000282
107,COMP_M,0,0_00,M.USER.APP.0.0,0,1,1,2,None,40.0,10701.000000000282,10741.000000000282,10700.0,10701.000000000282
108,COMP_M,0,0_00,M.USER.APP.0.0,0,1,1,2,None,40.0,10801.000000000282,10841.000000000282,10800.0,10801.000000000282
109,COMP_M,0,0_00,M.USER.APP.0.0,0,1,1,2,None,40.0,10901.000000000282,10941.000000000282,10900.0,10901.000000000282
110,COMP_M,0,0_00,M.USER.APP.0.0,0,1,1,2,None,40.0,11001.000000000282,11041.000000000282,11000.0,11001.000000000282
111,COMP_M,0,0_00,M.USER.APP.0.0,0,1,1,2,None,40.0,11101.000000000282,11141.000000000282,11100.0,11101.000000000282
112,COMP_M,0,0_00,M.USER.APP.0.0,0,1,1,2,None,40.0,11201.000000000282,11241.000000000282,11200.0,11201.000000000282
113,COMP_M,0,0_00,M.USER.APP.0.0,0,1,1,2,None,40.0,11301.000000000282,11341.000000000282,11300.0,11301.000000000282
114,COMP_M,0,0_00,M.USER.APP.0.0,0,1,1,2,None,40.0,11401.000000000282,11441.000000000282,11400.0,11401.000000000282
115,COMP_M,0,0_00,M.USER.APP.0.0,0,1,1,2,None,40.0,11501.000000000282,11541.000000000282,11500.0,11501.000000000282
116,COMP_M,0,0_00,M.USER.APP.0.0,0,1,1,2,None,40.0,11601.000000000282,11641.000000000282,11600.0,11601.000000000282
117,COMP_M,0,0_00,M.USER.APP.0.0,0,1,1,2,None,40.0,11701.000000000282,11741.000000000282,11700.0,11701.000000000282
118,COMP_M,0,0_00,M.USER.APP.0.0,0,1,1,2,None,40.0,11801.000000000282,11841.000000000282,11800.0,11801.000000000282
119,COMP_M,0,0_00,M.USER.APP.0.0,0,1,1,2,None,40.0,11901.000000000282,11941.000000000282,11900.0,11901.000000000282
120,COMP_M,0,0_00,M.USER.APP.0.0,0,1,1,2,None,40.0,12001.000000000282,12041.000000000282,12000.0,12001.000000000282
121,COMP_M,0,0_00,M.USER.APP.0.0,0,1,1,2,None,40.0,12101.000000000282,12141.000000000282,12100.0,12101.000000000282
122,COMP_M,0,0_00,M.USER.APP.0.0,0,1,1,2,None,40.0,12201.000000000282,12241.000000000282,12200.0,12201.000000000282
123,COMP_M,0,0_00,M.USER.APP.0.0,0,1,1,2,None,40.0,12301.000000000282,12341.000000000282,12300.0,12301.000000000282
124,COMP_M,0,0_00,M.USER.APP.0.0,0,1,1,2,None,40.0,12401.000000000282,12441.000000000282,12400.0,12401.000000000282
125,COMP_M,0,0_00,M.USER.APP.0.0,0,1,1,2,None,40.0,12501.000000000282,12541.000000000282,12500.0,12501.000000000282
126,COMP_M,0,0_00,M.USER.APP.0.0,0,1,1,2,None,40.0,12601.000000000282,12641.000000000282,12600.0,12601.000000000282
127,COMP_M,0,0_00,M.USER.APP.0.0,0,1,1,2,None,40.0,12701.000000000282,12741.000000000282,12700.0,12701.000000000282
128,COMP_M,0,0_00,M.USER.APP.0.0,0,1,1,2,None,40.0,12801.000000000282,12841.000000000282,12800.0,12801.000000000282
129,COMP_M,0,0_00,M.USER.APP.0.0,0,1,1,2,None,40.0,12901.000000000282,12941.000000000282,12900.0,12901.000000000282
130,COMP_M,0,0_00,M.USER.APP.0.0,0,1,1,2,None,40.0,13001.000000000282,13041.000000000282,13000.0,13001.000000000282
131,COMP_M,0,0_00,M.USER.APP.0.0,0,1,1,2,None,40.0,13101.000000000282,13141.000000000282,13100.0,13101.000000000282
132,COMP_M,0,0_00,M.USER.APP.0.0,0,1,1,2,None,40.0,13201.000000000282,13241.000000000282,13200.0,13201.000000000282
133,COMP_M,0,0_00,M.USER.APP.0.0,0,1,1,2,None,40.0,13301.000000000282,13341.000000000282,13300.0,13301.000000000282
134,COMP_M,0,0_00,M.USER.APP.0.0,0,1,1,2,None,40.0,13401.000000000282,13441.000000000282,13400.0,13401.000000000282
135,COMP_M,0,0_00,M.USER.APP.0.0,0,1,1,2,None,40.0,13501.000000000282,13541.000000000282,13500.0,13501.000000000282
136,COMP_M,0,0_00,M.USER.APP.0.0,0,1,1,2,None,40.0,13601.000000000282,13641.000000000282,13600.0,13601.000000000282
137,COMP_M,0,0_00,M.USER.APP.0.0,0,1,1,2,None,40.0,13701.000000000282,13741.000000000282,13700.0,13701.000000000282
138,COMP_M,0,0_00,M.USER.APP.0.0,0,1,1,2,None,40.0,13801.000000000282,13841.000000000282,13800.0,13801.000000000282
139,COMP_M,0,0_00,M.USER.APP.0.0,0,1,1,2,None,40.0,13901.000000000282,13941.000000000282,13900.0,13901.000000000282
140,COMP_M,0,0_00,M.USER.APP.0.0,0,1,1,2,None,40.0,14001.000000000282,14041.000000000282,14000.0,14001.000000000282
141,COMP_M,0,0_00,M.USER.APP.0.0,0,1,1,2,None,40.0,14101.000000000282,14141.000000000282,14100.0,14101.000000000282
142,COMP_M,0,0_00,M.USER.APP.0.0,0,1,1,2,None,40.0,14201.000000000282,14241.000000000282,14200.0,14201.000000000282
143,COMP_M,0,0_00,M.USER.APP.0.0,0,1,1,2,None,40.0,14301.000000000282,14341.000000000282,14300.0,14301.000000000282
144,COMP_M,0,0_00,M.USER.APP.0.0,0,1,1,2,None,40.0,14401.000000000282,14441.000000000282,14400.0,14401.000000000282
145,COMP_M,0,0_00,M.USER.APP.0.0,0,1,1,2,None,40.0,14501.000000000282,14541.000000000282,14500.0,14501.000000000282
146,COMP_M,0,0_00,M.USER.APP.0.0,0,1,1,2,None,40.0,14601.000000000282,14641.000000000282,14600.0,14601.000000000282
147,COMP_M,0,0_00,M.USER.APP.0.0,0,1,1,2,None,40.0,14701.000000000282,14741.000000000282,14700.0,14701.000000000282
148,COMP_M,0,0_00,M.USER.APP.0.0,0,1,1,2,None,40.0,14801.000000000282,14841.000000000282,14800.0,14801.000000000282
149,COMP_M,0,0_00,M.USER.APP.0.0,0,1,1,2,None,40.0,14901.000000000282,14941.000000000282,14900.0,14901.000000000282
150,COMP_M,0,0_00,M.USER.APP.0.0,0,1,1,2,None,40.0,15001.000000000282,15041.000000000282,15000.0,15001.000000000282
151,COMP_M,0,0_00,M.USER.APP.0.0,0,1,1,2,None,40.0,15101.000000000282,15141.000000000282,15100.0,15101.000000000282
152,COMP_M,0,0_00,M.USER.APP.0.0,0,1,1,2,None,40.0,15201.000000000282,15241.000000000282,15200.0,15201.000000000282
153,COMP_M,0,0_00,M.USER.APP.0.0,0,1,1,2,None,40.0,15301.000000000282,15341.000000000282,15300.0,15301.000000000282
154,COMP_M,0,0_00,M.USER.APP.0.0,0,1,1,2,None,40.0,15401.000000000282,15441.000000000282,15400.0,15401.000000000282
155,COMP_M,0,0_00,M.USER.APP.0.0,0,1,1,2,None,40.0,15501.000000000282,15541.000000000282,15500.0,15501.000000000282
156,COMP_M,0,0_00,M.USER.APP.0.0,0,1,1,2,None,40.0,15601.000000000282,15641.000000000282,15600.0,15601.000000000282
157,COMP_M,0,0_00,M.USER.APP.0.0,0,1,1,2,None,40.0,15701.000000000282,15741.000000000282,15700.0,15701.000000000282
158,COMP_M,0,0_00,M.USER.APP.0.0,0,1,1,2,None,40.0,15801.000000000282,15841.000000000282,15800.0,15801.000000000282
159,COMP_M,0,0_00,M.USER.APP.0.0,0,1,1,2,None,40.0,15901.000000000282,15941.000000000282,15900.0,15901.000000000282
160,COMP_M,0,0_00,M.USER.APP.0.0,0,1,1,2,None,40.0,16001.000000000282,16041.000000000282,16000.0,16001.000000000282
161,COMP_M,0,0_00,M.USER.APP.0.0,0,1,1,2,None,40.0,16101.000000000282,16141.000000000282,16100.0,16101.000000000282
162,COMP_M,0,0_00,M.USER.APP.0.0,0,1,1,2,None,40.0,16201.000000000282,16241.000000000282,16200.0,16201.000000000282
163,COMP_M,0,0_00,M.USER.APP.0.0,0,1,1,2,None,40.0,16301.000000000282,16341.000000000282,16300.0,16301.000000000282
164,COMP_M,0,0_00,M.USER.APP.0.0,0,1,1,2,None,40.0,16401.00000000028,16441.00000000028,16400.0,16401.00000000028
165,COMP_M,0,0_00,M.USER.APP.0.0,0,1,1,2,None,40.0,16501.00000000028,16541.00000000028,16500.0,16501.00000000028
166,COMP_M,0,0_00,M.USER.APP.0.0,0,1,1,2,None,40.0,16601.00000000028,16641.00000000028,16600.0,16601.00000000028
167,COMP_M,0,0_00,M.USER.APP.0.0,0,1,1,2,None,40.0,16701.00000000028,16741.00000000028,16700.0,16701.00000000028
168,COMP_M,0,0_00,M.USER.APP.0.0,0,1,1,2,None,40.0,16801.00000000028,16841.00000000028,16800.0,16801.00000000028
169,COMP_M,0,0_00,M.USER.APP.0.0,0,1,1,2,None,40.0,16901.00000000028,16941.00000000028,16900.0,16901.00000000028
170,COMP_M,0,0_00,M.USER.APP.0.0,0,1,1,2,None,40.0,17001.00000000028,17041.00000000028,17000.0,17001.00000000028
171,COMP_M,0,0_00,M.USER.APP.0.0,0,1,1,2,None,40.0,17101.00000000028,17141.00000000028,17100.0,17101.00000000028
172,COMP_M,0,0_00,M.USER.APP.0.0,0,1,1,2,None,40.0,17201.00000000028,17241.00000000028,17200.0,17201.00000000028
173,COMP_M,0,0_00,M.USER.APP.0.0,0,1,1,2,None,40.0,17301.00000000028,17341.00000000028,17300.0,17301.00000000028
174,COMP_M,0,0_00,M.USER.APP.0.0,0,1,1,2,None,40.0,17401.00000000028,17441.00000000028,17400.0,17401.00000000028
175,COMP_M,0,0_00,M.USER.APP.0.0,0,1,1,2,None,40.0,17501.00000000028,17541.00000000028,17500.0,17501.00000000028
176,COMP_M,0,0_00,M.USER.APP.0.0,0,1,1,2,None,40.0,17601.00000000028,17641.00000000028,17600.0,17601.00000000028
177,COMP_M,0,0_00,M.USER.APP.0.0,0,1,1,2,None,40.0,17701.00000000028,17741.00000000028,17700.0,17701.00000000028
178,COMP_M,0,0_00,M.USER.APP.0.0,0,1,1,2,None,40.0,17801.00000000028,17841.00000000028,17800.0,17801.00000000028
179,COMP_M,0,0_00,M.USER.APP.0.0,0,1,1,2,None,40.0,17901.00000000028,17941.00000000028,17900.0,17901.00000000028
180,COMP_M,0,0_00,M.USER.APP.0.0,0,1,1,2,None,40.0,18001.00000000028,18041.00000000028,18000.0,18001.00000000028
181,COMP_M,0,0_00,M.USER.APP.0.0,0,1,1,2,None,40.0,18101.00000000028,18141.00000000028,18100.0,18101.00000000028
182,COMP_M,0,0_00,M.USER.APP.0.0,0,1,1,2,None,40.0,18201.00000000028,18241.00000000028,18200.0,18201.00000000028
183,COMP_M,0,0_00,M.USER.APP.0.0,0,1,1,2,None,40.0,18301.00000000028,18341.00000000028,18300.0,18301.00000000028
184,COMP_M,0,0_00,M.USER.APP.0.0,0,1,1,2,None,40.0,18401.00000000028,18441.00000000028,18400.0,18401.00000000028
185,COMP_M,0,0_00,M.USER.APP.0.0,0,1,1,2,None,40.0,18501.00000000028,18541.00000000028,18500.0,18501.00000000028
186,COMP_M,0,0_00,M.USER.APP.0.0,0,1,1,2,None,40.0,18601.00000000028,18641.00000000028,18600.0,18601.00000000028
187,COMP_M,0,0_00,M.USER.APP.0.0,0,1,1,2,None,40.0,18701.00000000028,18741.00000000028,18700.0,18701.00000000028
188,COMP_M,0,0_00,M.USER.APP.0.0,0,1,1,2,None,40.0,18801.00000000028,18841.00000000028,18800.0,18801.00000000028
189,COMP_M,0,0_00,M.USER.APP.0.0,0,1,1,2,None,40.0,18901.00000000028,18941.00000000028,18900.0,18901.00000000028
190,COMP_M,0,0_00,M.USER.APP.0.0,0,1,1,2,None,40.0,19001.00000000028,19041.00000000028,19000.0,19001.00000000028
191,COMP_M,0,0_00,M.USER.APP.0.0,0,1,1,2,None,40.0,19101.00000000028,19141.00000000028,19100.0,19101.00000000028
192,COMP_M,0,0_00,M.USER.APP.0.0,0,1,1,2,None,40.0,19201.00000000028,19241.00000000028,19200.0,19201.00000000028
193,COMP_M,0,0_00,M.USER.APP.0.0,0,1,1,2,None,40.0,19301.00000000028,19341.00000000028,19300.0,19301.00000000028
194,COMP_M,0,0_00,M.USER.APP.0.0,0,1,1,2,None,40.0,19401.00000000028,19441.00000000028,19400.0,19401.00000000028
195,COMP_M,0,0_00,M.USER.APP.0.0,0,1,1,2,None,40.0,19501.00000000028,19541.00000000028,19500.0,19501.00000000028
196,COMP_M,0,0_00,M.USER.APP.0.0,0,1,1,2,None,40.0,19601.00000000028,19641.00000000028,19600.0,19601.00000000028
197,COMP_M,0,0_00,M.USER.APP.0.0,0,1,1,2,None,40.0,19701.00000000028,19741.00000000028,19700.0,19701.00000000028
198,COMP_M,0,0_00,M.USER.APP.0.0,0,1,1,2,None,40.0,19801.00000000028,19841.00000000028,19800.0,19801.00000000028
199,COMP_M,0,0_00,M.USER.APP.0.0,0,1,1,2,None,40.0,19901.00000000028,19941.00000000028,19900.0,19901.00000000028
